{"timestamp":"2026-01-20T09:25:20.969Z","runId":108,"level":"info","phase":"run_start","dryRun":false,"batchSize":500,"fkChecks":true,"tables":[{"table":"spares_used","mode":"INSERT","keyStrategy":"rekey","dedupeKeys":["spares_id"],"onDuplicate":"SKIP","clean":false}]}
{"timestamp":"2026-01-20T09:25:21.039Z","runId":108,"level":"info","phase":"progress","status":"client_connected"}
{"timestamp":"2026-01-20T09:25:21.045Z","runId":108,"level":"info","phase":"preflight","attempt":1,"status":"ok"}
{"timestamp":"2026-01-20T09:25:21.046Z","runId":108,"level":"debug","phase":"preflight","durationMs":77}
{"timestamp":"2026-01-20T09:25:21.046Z","runId":108,"level":"info","phase":"preflight","action":"nullability_validation","status":"start"}
{"timestamp":"2026-01-20T09:25:21.050Z","runId":108,"level":"info","phase":"preflight","action":"nullability_validation","status":"passed"}
{"timestamp":"2026-01-20T09:25:21.117Z","runId":108,"level":"info","phase":"plan_migrate","table":"spares_used","keyStrategy":"rekey","message":"Set dedupe keys to natural composite: job_number, lnr"}
{"timestamp":"2026-01-20T09:25:21.120Z","runId":108,"level":"info","phase":"preflight","action":"foreign_key_checks_disabled","original_state":true}
{"timestamp":"2026-01-20T09:25:21.315Z","runId":108,"level":"info","phase":"table_start","tableName":"spares_used","tableRunId":129,"mode":"INSERT","keyStrategy":"rekey","dedupeKeys":["job_number","lnr"]}
{"timestamp":"2026-01-20T09:25:21.408Z","runId":108,"level":"info","phase":"fetch","tableName":"spares_used","tableRunId":129,"sourceRows":443}
{"timestamp":"2026-01-20T09:25:21.525Z","runId":108,"level":"debug","phase":"write","tableName":"spares_used","tableRunId":129,"status":"start","batchSize":443}
{"timestamp":"2026-01-20T09:25:21.530Z","runId":108,"level":"debug","phase":"deduplication","table":"spares_used","action":"row_skipped","dedupe_keys":["job_number","lnr"],"dedupe_values":[null,null],"reason":"duplicate_key"}
{"timestamp":"2026-01-20T09:25:21.530Z","runId":108,"level":"debug","phase":"deduplication","table":"spares_used","action":"row_skipped","dedupe_keys":["job_number","lnr"],"dedupe_values":[null,null],"reason":"duplicate_key"}
{"timestamp":"2026-01-20T09:25:21.531Z","runId":108,"level":"debug","phase":"deduplication","table":"spares_used","action":"row_skipped","dedupe_keys":["job_number","lnr"],"dedupe_values":[null,null],"reason":"duplicate_key"}
{"timestamp":"2026-01-20T09:25:21.531Z","runId":108,"level":"debug","phase":"deduplication","table":"spares_used","action":"row_skipped","dedupe_keys":["job_number","lnr"],"dedupe_values":[null,null],"reason":"duplicate_key"}
{"timestamp":"2026-01-20T09:25:21.531Z","runId":108,"level":"debug","phase":"deduplication","table":"spares_used","action":"row_skipped","dedupe_keys":["job_number","lnr"],"dedupe_values":[null,null],"reason":"duplicate_key"}
{"timestamp":"2026-01-20T09:25:21.532Z","runId":108,"level":"debug","phase":"deduplication","table":"spares_used","action":"row_skipped","dedupe_keys":["job_number","lnr"],"dedupe_values":[null,null],"reason":"duplicate_key"}
{"timestamp":"2026-01-20T09:25:21.532Z","runId":108,"level":"debug","phase":"deduplication","table":"spares_used","action":"row_skipped","dedupe_keys":["job_number","lnr"],"dedupe_values":[null,null],"reason":"duplicate_key"}
{"timestamp":"2026-01-20T09:25:21.533Z","runId":108,"level":"debug","phase":"deduplication","table":"spares_used","action":"row_skipped","dedupe_keys":["job_number","lnr"],"dedupe_values":[null,null],"reason":"duplicate_key"}
{"timestamp":"2026-01-20T09:25:21.533Z","runId":108,"level":"debug","phase":"deduplication","table":"spares_used","action":"row_skipped","dedupe_keys":["job_number","lnr"],"dedupe_values":[null,null],"reason":"duplicate_key"}
{"timestamp":"2026-01-20T09:25:21.533Z","runId":108,"level":"debug","phase":"deduplication","table":"spares_used","action":"row_skipped","dedupe_keys":["job_number","lnr"],"dedupe_values":[null,null],"reason":"duplicate_key"}
{"timestamp":"2026-01-20T09:25:21.534Z","runId":108,"level":"debug","phase":"deduplication","table":"spares_used","action":"row_skipped","dedupe_keys":["job_number","lnr"],"dedupe_values":[null,null],"reason":"duplicate_key"}
{"timestamp":"2026-01-20T09:25:21.534Z","runId":108,"level":"debug","phase":"deduplication","table":"spares_used","action":"row_skipped","dedupe_keys":["job_number","lnr"],"dedupe_values":[null,null],"reason":"duplicate_key"}
{"timestamp":"2026-01-20T09:25:21.534Z","runId":108,"level":"debug","phase":"deduplication","table":"spares_used","action":"row_skipped","dedupe_keys":["job_number","lnr"],"dedupe_values":[null,null],"reason":"duplicate_key"}
{"timestamp":"2026-01-20T09:25:21.535Z","runId":108,"level":"debug","phase":"deduplication","table":"spares_used","action":"row_skipped","dedupe_keys":["job_number","lnr"],"dedupe_values":[null,null],"reason":"duplicate_key"}
{"timestamp":"2026-01-20T09:25:21.535Z","runId":108,"level":"debug","phase":"deduplication","table":"spares_used","action":"row_skipped","dedupe_keys":["job_number","lnr"],"dedupe_values":[null,null],"reason":"duplicate_key"}
{"timestamp":"2026-01-20T09:25:21.535Z","runId":108,"level":"debug","phase":"deduplication","table":"spares_used","action":"row_skipped","dedupe_keys":["job_number","lnr"],"dedupe_values":[null,null],"reason":"duplicate_key"}
{"timestamp":"2026-01-20T09:25:21.535Z","runId":108,"level":"debug","phase":"deduplication","table":"spares_used","action":"row_skipped","dedupe_keys":["job_number","lnr"],"dedupe_values":[null,null],"reason":"duplicate_key"}
{"timestamp":"2026-01-20T09:25:21.536Z","runId":108,"level":"debug","phase":"deduplication","table":"spares_used","action":"row_skipped","dedupe_keys":["job_number","lnr"],"dedupe_values":[null,null],"reason":"duplicate_key"}
{"timestamp":"2026-01-20T09:25:21.536Z","runId":108,"level":"debug","phase":"deduplication","table":"spares_used","action":"row_skipped","dedupe_keys":["job_number","lnr"],"dedupe_values":[null,null],"reason":"duplicate_key"}
{"timestamp":"2026-01-20T09:25:21.536Z","runId":108,"level":"debug","phase":"deduplication","table":"spares_used","action":"row_skipped","dedupe_keys":["job_number","lnr"],"dedupe_values":[null,null],"reason":"duplicate_key"}
{"timestamp":"2026-01-20T09:25:21.536Z","runId":108,"level":"debug","phase":"deduplication","table":"spares_used","action":"row_skipped","dedupe_keys":["job_number","lnr"],"dedupe_values":[null,null],"reason":"duplicate_key"}
{"timestamp":"2026-01-20T09:25:21.536Z","runId":108,"level":"debug","phase":"deduplication","table":"spares_used","action":"row_skipped","dedupe_keys":["job_number","lnr"],"dedupe_values":[null,null],"reason":"duplicate_key"}
{"timestamp":"2026-01-20T09:25:21.536Z","runId":108,"level":"debug","phase":"deduplication","table":"spares_used","action":"row_skipped","dedupe_keys":["job_number","lnr"],"dedupe_values":[null,null],"reason":"duplicate_key"}
{"timestamp":"2026-01-20T09:25:21.537Z","runId":108,"level":"debug","phase":"deduplication","table":"spares_used","action":"row_skipped","dedupe_keys":["job_number","lnr"],"dedupe_values":[null,null],"reason":"duplicate_key"}
{"timestamp":"2026-01-20T09:25:21.537Z","runId":108,"level":"debug","phase":"deduplication","table":"spares_used","action":"row_skipped","dedupe_keys":["job_number","lnr"],"dedupe_values":[null,null],"reason":"duplicate_key"}
{"timestamp":"2026-01-20T09:25:21.537Z","runId":108,"level":"debug","phase":"deduplication","table":"spares_used","action":"row_skipped","dedupe_keys":["job_number","lnr"],"dedupe_values":[null,null],"reason":"duplicate_key"}
{"timestamp":"2026-01-20T09:25:21.537Z","runId":108,"level":"debug","phase":"deduplication","table":"spares_used","action":"row_skipped","dedupe_keys":["job_number","lnr"],"dedupe_values":[null,null],"reason":"duplicate_key"}
{"timestamp":"2026-01-20T09:25:21.537Z","runId":108,"level":"debug","phase":"deduplication","table":"spares_used","action":"row_skipped","dedupe_keys":["job_number","lnr"],"dedupe_values":[null,null],"reason":"duplicate_key"}
{"timestamp":"2026-01-20T09:25:21.537Z","runId":108,"level":"debug","phase":"deduplication","table":"spares_used","action":"row_skipped","dedupe_keys":["job_number","lnr"],"dedupe_values":[null,null],"reason":"duplicate_key"}
{"timestamp":"2026-01-20T09:25:21.537Z","runId":108,"level":"debug","phase":"deduplication","table":"spares_used","action":"row_skipped","dedupe_keys":["job_number","lnr"],"dedupe_values":[null,null],"reason":"duplicate_key"}
{"timestamp":"2026-01-20T09:25:21.538Z","runId":108,"level":"debug","phase":"deduplication","table":"spares_used","action":"row_skipped","dedupe_keys":["job_number","lnr"],"dedupe_values":[null,null],"reason":"duplicate_key"}
{"timestamp":"2026-01-20T09:25:21.538Z","runId":108,"level":"debug","phase":"deduplication","table":"spares_used","action":"row_skipped","dedupe_keys":["job_number","lnr"],"dedupe_values":[null,null],"reason":"duplicate_key"}
{"timestamp":"2026-01-20T09:25:21.538Z","runId":108,"level":"debug","phase":"deduplication","table":"spares_used","action":"row_skipped","dedupe_keys":["job_number","lnr"],"dedupe_values":[null,null],"reason":"duplicate_key"}
{"timestamp":"2026-01-20T09:25:21.538Z","runId":108,"level":"debug","phase":"deduplication","table":"spares_used","action":"row_skipped","dedupe_keys":["job_number","lnr"],"dedupe_values":[null,null],"reason":"duplicate_key"}
{"timestamp":"2026-01-20T09:25:21.538Z","runId":108,"level":"debug","phase":"deduplication","table":"spares_used","action":"row_skipped","dedupe_keys":["job_number","lnr"],"dedupe_values":[null,null],"reason":"duplicate_key"}
{"timestamp":"2026-01-20T09:25:21.539Z","runId":108,"level":"debug","phase":"deduplication","table":"spares_used","action":"row_skipped","dedupe_keys":["job_number","lnr"],"dedupe_values":[null,null],"reason":"duplicate_key"}
{"timestamp":"2026-01-20T09:25:21.539Z","runId":108,"level":"debug","phase":"deduplication","table":"spares_used","action":"row_skipped","dedupe_keys":["job_number","lnr"],"dedupe_values":[null,null],"reason":"duplicate_key"}
{"timestamp":"2026-01-20T09:25:21.539Z","runId":108,"level":"debug","phase":"deduplication","table":"spares_used","action":"row_skipped","dedupe_keys":["job_number","lnr"],"dedupe_values":[null,null],"reason":"duplicate_key"}
{"timestamp":"2026-01-20T09:25:21.539Z","runId":108,"level":"debug","phase":"deduplication","table":"spares_used","action":"row_skipped","dedupe_keys":["job_number","lnr"],"dedupe_values":[null,null],"reason":"duplicate_key"}
{"timestamp":"2026-01-20T09:25:21.539Z","runId":108,"level":"debug","phase":"deduplication","table":"spares_used","action":"row_skipped","dedupe_keys":["job_number","lnr"],"dedupe_values":[null,null],"reason":"duplicate_key"}
{"timestamp":"2026-01-20T09:25:21.539Z","runId":108,"level":"debug","phase":"deduplication","table":"spares_used","action":"row_skipped","dedupe_keys":["job_number","lnr"],"dedupe_values":[null,null],"reason":"duplicate_key"}
{"timestamp":"2026-01-20T09:25:21.539Z","runId":108,"level":"debug","phase":"deduplication","table":"spares_used","action":"row_skipped","dedupe_keys":["job_number","lnr"],"dedupe_values":[null,null],"reason":"duplicate_key"}
{"timestamp":"2026-01-20T09:25:21.540Z","runId":108,"level":"debug","phase":"deduplication","table":"spares_used","action":"row_skipped","dedupe_keys":["job_number","lnr"],"dedupe_values":[null,null],"reason":"duplicate_key"}
{"timestamp":"2026-01-20T09:25:21.540Z","runId":108,"level":"debug","phase":"deduplication","table":"spares_used","action":"row_skipped","dedupe_keys":["job_number","lnr"],"dedupe_values":[null,null],"reason":"duplicate_key"}
{"timestamp":"2026-01-20T09:25:21.540Z","runId":108,"level":"debug","phase":"deduplication","table":"spares_used","action":"row_skipped","dedupe_keys":["job_number","lnr"],"dedupe_values":[null,null],"reason":"duplicate_key"}
{"timestamp":"2026-01-20T09:25:21.540Z","runId":108,"level":"debug","phase":"deduplication","table":"spares_used","action":"row_skipped","dedupe_keys":["job_number","lnr"],"dedupe_values":[null,null],"reason":"duplicate_key"}
{"timestamp":"2026-01-20T09:25:21.540Z","runId":108,"level":"debug","phase":"deduplication","table":"spares_used","action":"row_skipped","dedupe_keys":["job_number","lnr"],"dedupe_values":[null,null],"reason":"duplicate_key"}
{"timestamp":"2026-01-20T09:25:21.540Z","runId":108,"level":"debug","phase":"deduplication","table":"spares_used","action":"row_skipped","dedupe_keys":["job_number","lnr"],"dedupe_values":[null,null],"reason":"duplicate_key"}
{"timestamp":"2026-01-20T09:25:21.540Z","runId":108,"level":"debug","phase":"deduplication","table":"spares_used","action":"row_skipped","dedupe_keys":["job_number","lnr"],"dedupe_values":[null,null],"reason":"duplicate_key"}
{"timestamp":"2026-01-20T09:25:21.541Z","runId":108,"level":"debug","phase":"deduplication","table":"spares_used","action":"row_skipped","dedupe_keys":["job_number","lnr"],"dedupe_values":[null,null],"reason":"duplicate_key"}
{"timestamp":"2026-01-20T09:25:21.541Z","runId":108,"level":"debug","phase":"deduplication","table":"spares_used","action":"row_skipped","dedupe_keys":["job_number","lnr"],"dedupe_values":[null,null],"reason":"duplicate_key"}
{"timestamp":"2026-01-20T09:25:21.541Z","runId":108,"level":"debug","phase":"deduplication","table":"spares_used","action":"row_skipped","dedupe_keys":["job_number","lnr"],"dedupe_values":[null,null],"reason":"duplicate_key"}
{"timestamp":"2026-01-20T09:25:21.541Z","runId":108,"level":"debug","phase":"deduplication","table":"spares_used","action":"row_skipped","dedupe_keys":["job_number","lnr"],"dedupe_values":[null,null],"reason":"duplicate_key"}
{"timestamp":"2026-01-20T09:25:21.541Z","runId":108,"level":"debug","phase":"deduplication","table":"spares_used","action":"row_skipped","dedupe_keys":["job_number","lnr"],"dedupe_values":[null,null],"reason":"duplicate_key"}
{"timestamp":"2026-01-20T09:25:21.541Z","runId":108,"level":"debug","phase":"deduplication","table":"spares_used","action":"row_skipped","dedupe_keys":["job_number","lnr"],"dedupe_values":[null,null],"reason":"duplicate_key"}
{"timestamp":"2026-01-20T09:25:21.542Z","runId":108,"level":"debug","phase":"deduplication","table":"spares_used","action":"row_skipped","dedupe_keys":["job_number","lnr"],"dedupe_values":[null,null],"reason":"duplicate_key"}
{"timestamp":"2026-01-20T09:25:21.542Z","runId":108,"level":"debug","phase":"deduplication","table":"spares_used","action":"row_skipped","dedupe_keys":["job_number","lnr"],"dedupe_values":[null,null],"reason":"duplicate_key"}
{"timestamp":"2026-01-20T09:25:21.542Z","runId":108,"level":"debug","phase":"deduplication","table":"spares_used","action":"row_skipped","dedupe_keys":["job_number","lnr"],"dedupe_values":[null,null],"reason":"duplicate_key"}
{"timestamp":"2026-01-20T09:25:21.542Z","runId":108,"level":"debug","phase":"deduplication","table":"spares_used","action":"row_skipped","dedupe_keys":["job_number","lnr"],"dedupe_values":[null,null],"reason":"duplicate_key"}
{"timestamp":"2026-01-20T09:25:21.542Z","runId":108,"level":"debug","phase":"deduplication","table":"spares_used","action":"row_skipped","dedupe_keys":["job_number","lnr"],"dedupe_values":[null,null],"reason":"duplicate_key"}
{"timestamp":"2026-01-20T09:25:21.542Z","runId":108,"level":"debug","phase":"deduplication","table":"spares_used","action":"row_skipped","dedupe_keys":["job_number","lnr"],"dedupe_values":[null,null],"reason":"duplicate_key"}
{"timestamp":"2026-01-20T09:25:21.542Z","runId":108,"level":"debug","phase":"deduplication","table":"spares_used","action":"row_skipped","dedupe_keys":["job_number","lnr"],"dedupe_values":[null,null],"reason":"duplicate_key"}
{"timestamp":"2026-01-20T09:25:21.543Z","runId":108,"level":"debug","phase":"deduplication","table":"spares_used","action":"row_skipped","dedupe_keys":["job_number","lnr"],"dedupe_values":[null,null],"reason":"duplicate_key"}
{"timestamp":"2026-01-20T09:25:21.543Z","runId":108,"level":"debug","phase":"deduplication","table":"spares_used","action":"row_skipped","dedupe_keys":["job_number","lnr"],"dedupe_values":[null,null],"reason":"duplicate_key"}
{"timestamp":"2026-01-20T09:25:21.543Z","runId":108,"level":"debug","phase":"deduplication","table":"spares_used","action":"row_skipped","dedupe_keys":["job_number","lnr"],"dedupe_values":[null,null],"reason":"duplicate_key"}
{"timestamp":"2026-01-20T09:25:21.543Z","runId":108,"level":"debug","phase":"deduplication","table":"spares_used","action":"row_skipped","dedupe_keys":["job_number","lnr"],"dedupe_values":[null,null],"reason":"duplicate_key"}
{"timestamp":"2026-01-20T09:25:21.543Z","runId":108,"level":"debug","phase":"deduplication","table":"spares_used","action":"row_skipped","dedupe_keys":["job_number","lnr"],"dedupe_values":[null,null],"reason":"duplicate_key"}
{"timestamp":"2026-01-20T09:25:21.543Z","runId":108,"level":"debug","phase":"deduplication","table":"spares_used","action":"row_skipped","dedupe_keys":["job_number","lnr"],"dedupe_values":[null,null],"reason":"duplicate_key"}
{"timestamp":"2026-01-20T09:25:21.543Z","runId":108,"level":"debug","phase":"deduplication","table":"spares_used","action":"row_skipped","dedupe_keys":["job_number","lnr"],"dedupe_values":[null,null],"reason":"duplicate_key"}
{"timestamp":"2026-01-20T09:25:21.544Z","runId":108,"level":"debug","phase":"deduplication","table":"spares_used","action":"row_skipped","dedupe_keys":["job_number","lnr"],"dedupe_values":[null,null],"reason":"duplicate_key"}
{"timestamp":"2026-01-20T09:25:21.544Z","runId":108,"level":"debug","phase":"deduplication","table":"spares_used","action":"row_skipped","dedupe_keys":["job_number","lnr"],"dedupe_values":[null,null],"reason":"duplicate_key"}
{"timestamp":"2026-01-20T09:25:21.544Z","runId":108,"level":"debug","phase":"deduplication","table":"spares_used","action":"row_skipped","dedupe_keys":["job_number","lnr"],"dedupe_values":[null,null],"reason":"duplicate_key"}
{"timestamp":"2026-01-20T09:25:21.544Z","runId":108,"level":"debug","phase":"deduplication","table":"spares_used","action":"row_skipped","dedupe_keys":["job_number","lnr"],"dedupe_values":[null,null],"reason":"duplicate_key"}
{"timestamp":"2026-01-20T09:25:21.544Z","runId":108,"level":"debug","phase":"deduplication","table":"spares_used","action":"row_skipped","dedupe_keys":["job_number","lnr"],"dedupe_values":[null,null],"reason":"duplicate_key"}
{"timestamp":"2026-01-20T09:25:21.544Z","runId":108,"level":"debug","phase":"deduplication","table":"spares_used","action":"row_skipped","dedupe_keys":["job_number","lnr"],"dedupe_values":[null,null],"reason":"duplicate_key"}
{"timestamp":"2026-01-20T09:25:21.544Z","runId":108,"level":"debug","phase":"deduplication","table":"spares_used","action":"row_skipped","dedupe_keys":["job_number","lnr"],"dedupe_values":[null,null],"reason":"duplicate_key"}
{"timestamp":"2026-01-20T09:25:21.545Z","runId":108,"level":"debug","phase":"deduplication","table":"spares_used","action":"row_skipped","dedupe_keys":["job_number","lnr"],"dedupe_values":[null,null],"reason":"duplicate_key"}
{"timestamp":"2026-01-20T09:25:21.545Z","runId":108,"level":"debug","phase":"deduplication","table":"spares_used","action":"null_dedupe_keys","dedupe_keys":["job_number","lnr"],"dedupe_values":[null,1],"message":"Row has NULL dedupe key values; inserting without deduplication"}
{"timestamp":"2026-01-20T09:25:21.545Z","runId":108,"level":"debug","phase":"deduplication","table":"spares_used","action":"row_skipped","dedupe_keys":["job_number","lnr"],"dedupe_values":[null,null],"reason":"duplicate_key"}
{"timestamp":"2026-01-20T09:25:21.545Z","runId":108,"level":"debug","phase":"deduplication","table":"spares_used","action":"row_skipped","dedupe_keys":["job_number","lnr"],"dedupe_values":[null,null],"reason":"duplicate_key"}
{"timestamp":"2026-01-20T09:25:21.545Z","runId":108,"level":"debug","phase":"deduplication","table":"spares_used","action":"row_skipped","dedupe_keys":["job_number","lnr"],"dedupe_values":[null,null],"reason":"duplicate_key"}
{"timestamp":"2026-01-20T09:25:21.545Z","runId":108,"level":"debug","phase":"deduplication","table":"spares_used","action":"row_skipped","dedupe_keys":["job_number","lnr"],"dedupe_values":[null,null],"reason":"duplicate_key"}
{"timestamp":"2026-01-20T09:25:21.545Z","runId":108,"level":"debug","phase":"deduplication","table":"spares_used","action":"row_skipped","dedupe_keys":["job_number","lnr"],"dedupe_values":[null,null],"reason":"duplicate_key"}
{"timestamp":"2026-01-20T09:25:21.546Z","runId":108,"level":"debug","phase":"deduplication","table":"spares_used","action":"row_skipped","dedupe_keys":["job_number","lnr"],"dedupe_values":[null,null],"reason":"duplicate_key"}
{"timestamp":"2026-01-20T09:25:21.546Z","runId":108,"level":"debug","phase":"deduplication","table":"spares_used","action":"row_skipped","dedupe_keys":["job_number","lnr"],"dedupe_values":[null,null],"reason":"duplicate_key"}
{"timestamp":"2026-01-20T09:25:21.546Z","runId":108,"level":"debug","phase":"deduplication","table":"spares_used","action":"row_skipped","dedupe_keys":["job_number","lnr"],"dedupe_values":[null,null],"reason":"duplicate_key"}
{"timestamp":"2026-01-20T09:25:21.546Z","runId":108,"level":"debug","phase":"deduplication","table":"spares_used","action":"row_skipped","dedupe_keys":["job_number","lnr"],"dedupe_values":[null,null],"reason":"duplicate_key"}
{"timestamp":"2026-01-20T09:25:21.546Z","runId":108,"level":"debug","phase":"deduplication","table":"spares_used","action":"row_skipped","dedupe_keys":["job_number","lnr"],"dedupe_values":[null,null],"reason":"duplicate_key"}
{"timestamp":"2026-01-20T09:25:21.546Z","runId":108,"level":"debug","phase":"deduplication","table":"spares_used","action":"row_skipped","dedupe_keys":["job_number","lnr"],"dedupe_values":[null,null],"reason":"duplicate_key"}
{"timestamp":"2026-01-20T09:25:21.547Z","runId":108,"level":"debug","phase":"deduplication","table":"spares_used","action":"row_skipped","dedupe_keys":["job_number","lnr"],"dedupe_values":[null,null],"reason":"duplicate_key"}
{"timestamp":"2026-01-20T09:25:21.547Z","runId":108,"level":"debug","phase":"deduplication","table":"spares_used","action":"row_skipped","dedupe_keys":["job_number","lnr"],"dedupe_values":[null,null],"reason":"duplicate_key"}
{"timestamp":"2026-01-20T09:25:21.547Z","runId":108,"level":"debug","phase":"deduplication","table":"spares_used","action":"row_skipped","dedupe_keys":["job_number","lnr"],"dedupe_values":[null,null],"reason":"duplicate_key"}
{"timestamp":"2026-01-20T09:25:21.547Z","runId":108,"level":"debug","phase":"deduplication","table":"spares_used","action":"row_skipped","dedupe_keys":["job_number","lnr"],"dedupe_values":[null,null],"reason":"duplicate_key"}
{"timestamp":"2026-01-20T09:25:21.547Z","runId":108,"level":"debug","phase":"deduplication","table":"spares_used","action":"row_skipped","dedupe_keys":["job_number","lnr"],"dedupe_values":[null,null],"reason":"duplicate_key"}
{"timestamp":"2026-01-20T09:25:21.547Z","runId":108,"level":"debug","phase":"deduplication","table":"spares_used","action":"row_skipped","dedupe_keys":["job_number","lnr"],"dedupe_values":[null,null],"reason":"duplicate_key"}
{"timestamp":"2026-01-20T09:25:21.548Z","runId":108,"level":"debug","phase":"deduplication","table":"spares_used","action":"row_skipped","dedupe_keys":["job_number","lnr"],"dedupe_values":[null,null],"reason":"duplicate_key"}
{"timestamp":"2026-01-20T09:25:21.548Z","runId":108,"level":"debug","phase":"deduplication","table":"spares_used","action":"row_skipped","dedupe_keys":["job_number","lnr"],"dedupe_values":[null,null],"reason":"duplicate_key"}
{"timestamp":"2026-01-20T09:25:21.548Z","runId":108,"level":"debug","phase":"deduplication","table":"spares_used","action":"row_skipped","dedupe_keys":["job_number","lnr"],"dedupe_values":[null,null],"reason":"duplicate_key"}
{"timestamp":"2026-01-20T09:25:21.548Z","runId":108,"level":"debug","phase":"deduplication","table":"spares_used","action":"row_skipped","dedupe_keys":["job_number","lnr"],"dedupe_values":[null,null],"reason":"duplicate_key"}
{"timestamp":"2026-01-20T09:25:21.548Z","runId":108,"level":"debug","phase":"deduplication","table":"spares_used","action":"row_skipped","dedupe_keys":["job_number","lnr"],"dedupe_values":[null,null],"reason":"duplicate_key"}
{"timestamp":"2026-01-20T09:25:21.548Z","runId":108,"level":"debug","phase":"deduplication","table":"spares_used","action":"row_skipped","dedupe_keys":["job_number","lnr"],"dedupe_values":[null,null],"reason":"duplicate_key"}
{"timestamp":"2026-01-20T09:25:21.548Z","runId":108,"level":"debug","phase":"deduplication","table":"spares_used","action":"row_skipped","dedupe_keys":["job_number","lnr"],"dedupe_values":[null,null],"reason":"duplicate_key"}
{"timestamp":"2026-01-20T09:25:21.548Z","runId":108,"level":"debug","phase":"deduplication","table":"spares_used","action":"row_skipped","dedupe_keys":["job_number","lnr"],"dedupe_values":[null,null],"reason":"duplicate_key"}
{"timestamp":"2026-01-20T09:25:21.549Z","runId":108,"level":"debug","phase":"deduplication","table":"spares_used","action":"row_skipped","dedupe_keys":["job_number","lnr"],"dedupe_values":[null,null],"reason":"duplicate_key"}
{"timestamp":"2026-01-20T09:25:21.549Z","runId":108,"level":"debug","phase":"deduplication","table":"spares_used","action":"row_skipped","dedupe_keys":["job_number","lnr"],"dedupe_values":[null,null],"reason":"duplicate_key"}
{"timestamp":"2026-01-20T09:25:21.549Z","runId":108,"level":"debug","phase":"deduplication","table":"spares_used","action":"row_skipped","dedupe_keys":["job_number","lnr"],"dedupe_values":[null,null],"reason":"duplicate_key"}
{"timestamp":"2026-01-20T09:25:21.549Z","runId":108,"level":"debug","phase":"deduplication","table":"spares_used","action":"row_skipped","dedupe_keys":["job_number","lnr"],"dedupe_values":[null,null],"reason":"duplicate_key"}
{"timestamp":"2026-01-20T09:25:21.549Z","runId":108,"level":"debug","phase":"deduplication","table":"spares_used","action":"row_skipped","dedupe_keys":["job_number","lnr"],"dedupe_values":[null,null],"reason":"duplicate_key"}
{"timestamp":"2026-01-20T09:25:21.549Z","runId":108,"level":"debug","phase":"deduplication","table":"spares_used","action":"row_skipped","dedupe_keys":["job_number","lnr"],"dedupe_values":[null,null],"reason":"duplicate_key"}
{"timestamp":"2026-01-20T09:25:21.550Z","runId":108,"level":"debug","phase":"deduplication","table":"spares_used","action":"row_skipped","dedupe_keys":["job_number","lnr"],"dedupe_values":[null,null],"reason":"duplicate_key"}
{"timestamp":"2026-01-20T09:25:21.550Z","runId":108,"level":"debug","phase":"deduplication","table":"spares_used","action":"row_skipped","dedupe_keys":["job_number","lnr"],"dedupe_values":[null,null],"reason":"duplicate_key"}
{"timestamp":"2026-01-20T09:25:21.550Z","runId":108,"level":"debug","phase":"deduplication","table":"spares_used","action":"row_skipped","dedupe_keys":["job_number","lnr"],"dedupe_values":[null,null],"reason":"duplicate_key"}
{"timestamp":"2026-01-20T09:25:21.550Z","runId":108,"level":"debug","phase":"deduplication","table":"spares_used","action":"row_skipped","dedupe_keys":["job_number","lnr"],"dedupe_values":[null,null],"reason":"duplicate_key"}
{"timestamp":"2026-01-20T09:25:21.550Z","runId":108,"level":"debug","phase":"deduplication","table":"spares_used","action":"row_skipped","dedupe_keys":["job_number","lnr"],"dedupe_values":[null,null],"reason":"duplicate_key"}
{"timestamp":"2026-01-20T09:25:21.550Z","runId":108,"level":"debug","phase":"deduplication","table":"spares_used","action":"row_skipped","dedupe_keys":["job_number","lnr"],"dedupe_values":[null,null],"reason":"duplicate_key"}
{"timestamp":"2026-01-20T09:25:21.550Z","runId":108,"level":"debug","phase":"deduplication","table":"spares_used","action":"row_skipped","dedupe_keys":["job_number","lnr"],"dedupe_values":[null,null],"reason":"duplicate_key"}
{"timestamp":"2026-01-20T09:25:21.550Z","runId":108,"level":"debug","phase":"deduplication","table":"spares_used","action":"row_skipped","dedupe_keys":["job_number","lnr"],"dedupe_values":[null,null],"reason":"duplicate_key"}
{"timestamp":"2026-01-20T09:25:21.551Z","runId":108,"level":"debug","phase":"deduplication","table":"spares_used","action":"row_skipped","dedupe_keys":["job_number","lnr"],"dedupe_values":[null,null],"reason":"duplicate_key"}
{"timestamp":"2026-01-20T09:25:21.551Z","runId":108,"level":"debug","phase":"deduplication","table":"spares_used","action":"row_skipped","dedupe_keys":["job_number","lnr"],"dedupe_values":[null,null],"reason":"duplicate_key"}
{"timestamp":"2026-01-20T09:25:21.551Z","runId":108,"level":"debug","phase":"deduplication","table":"spares_used","action":"row_skipped","dedupe_keys":["job_number","lnr"],"dedupe_values":[null,null],"reason":"duplicate_key"}
{"timestamp":"2026-01-20T09:25:21.551Z","runId":108,"level":"debug","phase":"deduplication","table":"spares_used","action":"row_skipped","dedupe_keys":["job_number","lnr"],"dedupe_values":[null,null],"reason":"duplicate_key"}
{"timestamp":"2026-01-20T09:25:21.551Z","runId":108,"level":"debug","phase":"deduplication","table":"spares_used","action":"row_skipped","dedupe_keys":["job_number","lnr"],"dedupe_values":[null,null],"reason":"duplicate_key"}
{"timestamp":"2026-01-20T09:25:21.552Z","runId":108,"level":"debug","phase":"deduplication","table":"spares_used","action":"row_skipped","dedupe_keys":["job_number","lnr"],"dedupe_values":[null,null],"reason":"duplicate_key"}
{"timestamp":"2026-01-20T09:25:21.552Z","runId":108,"level":"debug","phase":"deduplication","table":"spares_used","action":"row_skipped","dedupe_keys":["job_number","lnr"],"dedupe_values":[null,null],"reason":"duplicate_key"}
{"timestamp":"2026-01-20T09:25:21.552Z","runId":108,"level":"debug","phase":"deduplication","table":"spares_used","action":"row_skipped","dedupe_keys":["job_number","lnr"],"dedupe_values":[null,null],"reason":"duplicate_key"}
{"timestamp":"2026-01-20T09:25:21.552Z","runId":108,"level":"debug","phase":"deduplication","table":"spares_used","action":"row_skipped","dedupe_keys":["job_number","lnr"],"dedupe_values":[null,null],"reason":"duplicate_key"}
{"timestamp":"2026-01-20T09:25:21.552Z","runId":108,"level":"debug","phase":"deduplication","table":"spares_used","action":"row_skipped","dedupe_keys":["job_number","lnr"],"dedupe_values":[null,null],"reason":"duplicate_key"}
{"timestamp":"2026-01-20T09:25:21.552Z","runId":108,"level":"debug","phase":"deduplication","table":"spares_used","action":"row_skipped","dedupe_keys":["job_number","lnr"],"dedupe_values":[null,null],"reason":"duplicate_key"}
{"timestamp":"2026-01-20T09:25:21.553Z","runId":108,"level":"debug","phase":"deduplication","table":"spares_used","action":"row_skipped","dedupe_keys":["job_number","lnr"],"dedupe_values":[null,null],"reason":"duplicate_key"}
{"timestamp":"2026-01-20T09:25:21.553Z","runId":108,"level":"debug","phase":"deduplication","table":"spares_used","action":"row_skipped","dedupe_keys":["job_number","lnr"],"dedupe_values":[null,null],"reason":"duplicate_key"}
{"timestamp":"2026-01-20T09:25:21.553Z","runId":108,"level":"debug","phase":"deduplication","table":"spares_used","action":"row_skipped","dedupe_keys":["job_number","lnr"],"dedupe_values":[null,null],"reason":"duplicate_key"}
{"timestamp":"2026-01-20T09:25:21.553Z","runId":108,"level":"debug","phase":"deduplication","table":"spares_used","action":"row_skipped","dedupe_keys":["job_number","lnr"],"dedupe_values":[null,null],"reason":"duplicate_key"}
{"timestamp":"2026-01-20T09:25:21.553Z","runId":108,"level":"debug","phase":"deduplication","table":"spares_used","action":"row_skipped","dedupe_keys":["job_number","lnr"],"dedupe_values":[null,null],"reason":"duplicate_key"}
{"timestamp":"2026-01-20T09:25:21.553Z","runId":108,"level":"debug","phase":"deduplication","table":"spares_used","action":"row_skipped","dedupe_keys":["job_number","lnr"],"dedupe_values":[null,null],"reason":"duplicate_key"}
{"timestamp":"2026-01-20T09:25:21.553Z","runId":108,"level":"debug","phase":"deduplication","table":"spares_used","action":"row_skipped","dedupe_keys":["job_number","lnr"],"dedupe_values":[null,null],"reason":"duplicate_key"}
{"timestamp":"2026-01-20T09:25:21.554Z","runId":108,"level":"debug","phase":"deduplication","table":"spares_used","action":"row_skipped","dedupe_keys":["job_number","lnr"],"dedupe_values":[null,null],"reason":"duplicate_key"}
{"timestamp":"2026-01-20T09:25:21.554Z","runId":108,"level":"debug","phase":"deduplication","table":"spares_used","action":"row_skipped","dedupe_keys":["job_number","lnr"],"dedupe_values":[null,null],"reason":"duplicate_key"}
{"timestamp":"2026-01-20T09:25:21.554Z","runId":108,"level":"debug","phase":"deduplication","table":"spares_used","action":"row_skipped","dedupe_keys":["job_number","lnr"],"dedupe_values":[null,null],"reason":"duplicate_key"}
{"timestamp":"2026-01-20T09:25:21.554Z","runId":108,"level":"debug","phase":"deduplication","table":"spares_used","action":"row_skipped","dedupe_keys":["job_number","lnr"],"dedupe_values":[null,null],"reason":"duplicate_key"}
{"timestamp":"2026-01-20T09:25:21.554Z","runId":108,"level":"debug","phase":"deduplication","table":"spares_used","action":"row_skipped","dedupe_keys":["job_number","lnr"],"dedupe_values":[null,null],"reason":"duplicate_key"}
{"timestamp":"2026-01-20T09:25:21.554Z","runId":108,"level":"debug","phase":"deduplication","table":"spares_used","action":"row_skipped","dedupe_keys":["job_number","lnr"],"dedupe_values":[null,null],"reason":"duplicate_key"}
{"timestamp":"2026-01-20T09:25:21.554Z","runId":108,"level":"debug","phase":"deduplication","table":"spares_used","action":"row_skipped","dedupe_keys":["job_number","lnr"],"dedupe_values":[null,null],"reason":"duplicate_key"}
{"timestamp":"2026-01-20T09:25:21.555Z","runId":108,"level":"debug","phase":"deduplication","table":"spares_used","action":"row_skipped","dedupe_keys":["job_number","lnr"],"dedupe_values":[null,null],"reason":"duplicate_key"}
{"timestamp":"2026-01-20T09:25:21.555Z","runId":108,"level":"debug","phase":"deduplication","table":"spares_used","action":"row_skipped","dedupe_keys":["job_number","lnr"],"dedupe_values":[null,null],"reason":"duplicate_key"}
{"timestamp":"2026-01-20T09:25:21.555Z","runId":108,"level":"debug","phase":"deduplication","table":"spares_used","action":"row_skipped","dedupe_keys":["job_number","lnr"],"dedupe_values":[null,null],"reason":"duplicate_key"}
{"timestamp":"2026-01-20T09:25:21.555Z","runId":108,"level":"debug","phase":"deduplication","table":"spares_used","action":"row_skipped","dedupe_keys":["job_number","lnr"],"dedupe_values":[null,null],"reason":"duplicate_key"}
{"timestamp":"2026-01-20T09:25:21.555Z","runId":108,"level":"debug","phase":"deduplication","table":"spares_used","action":"row_skipped","dedupe_keys":["job_number","lnr"],"dedupe_values":[null,null],"reason":"duplicate_key"}
{"timestamp":"2026-01-20T09:25:21.555Z","runId":108,"level":"debug","phase":"deduplication","table":"spares_used","action":"row_skipped","dedupe_keys":["job_number","lnr"],"dedupe_values":[null,null],"reason":"duplicate_key"}
{"timestamp":"2026-01-20T09:25:21.556Z","runId":108,"level":"debug","phase":"deduplication","table":"spares_used","action":"row_skipped","dedupe_keys":["job_number","lnr"],"dedupe_values":[null,null],"reason":"duplicate_key"}
{"timestamp":"2026-01-20T09:25:21.556Z","runId":108,"level":"debug","phase":"deduplication","table":"spares_used","action":"row_skipped","dedupe_keys":["job_number","lnr"],"dedupe_values":[null,null],"reason":"duplicate_key"}
{"timestamp":"2026-01-20T09:25:21.556Z","runId":108,"level":"debug","phase":"deduplication","table":"spares_used","action":"row_skipped","dedupe_keys":["job_number","lnr"],"dedupe_values":[null,null],"reason":"duplicate_key"}
{"timestamp":"2026-01-20T09:25:21.556Z","runId":108,"level":"debug","phase":"deduplication","table":"spares_used","action":"row_skipped","dedupe_keys":["job_number","lnr"],"dedupe_values":[null,null],"reason":"duplicate_key"}
{"timestamp":"2026-01-20T09:25:21.556Z","runId":108,"level":"debug","phase":"deduplication","table":"spares_used","action":"row_skipped","dedupe_keys":["job_number","lnr"],"dedupe_values":[null,null],"reason":"duplicate_key"}
{"timestamp":"2026-01-20T09:25:21.556Z","runId":108,"level":"debug","phase":"deduplication","table":"spares_used","action":"row_skipped","dedupe_keys":["job_number","lnr"],"dedupe_values":[null,null],"reason":"duplicate_key"}
{"timestamp":"2026-01-20T09:25:21.556Z","runId":108,"level":"debug","phase":"deduplication","table":"spares_used","action":"row_skipped","dedupe_keys":["job_number","lnr"],"dedupe_values":[null,null],"reason":"duplicate_key"}
{"timestamp":"2026-01-20T09:25:21.557Z","runId":108,"level":"debug","phase":"deduplication","table":"spares_used","action":"row_skipped","dedupe_keys":["job_number","lnr"],"dedupe_values":[null,null],"reason":"duplicate_key"}
{"timestamp":"2026-01-20T09:25:21.557Z","runId":108,"level":"debug","phase":"deduplication","table":"spares_used","action":"row_skipped","dedupe_keys":["job_number","lnr"],"dedupe_values":[null,null],"reason":"duplicate_key"}
{"timestamp":"2026-01-20T09:25:21.557Z","runId":108,"level":"debug","phase":"deduplication","table":"spares_used","action":"row_skipped","dedupe_keys":["job_number","lnr"],"dedupe_values":[null,null],"reason":"duplicate_key"}
{"timestamp":"2026-01-20T09:25:21.557Z","runId":108,"level":"debug","phase":"deduplication","table":"spares_used","action":"row_skipped","dedupe_keys":["job_number","lnr"],"dedupe_values":[null,null],"reason":"duplicate_key"}
{"timestamp":"2026-01-20T09:25:21.557Z","runId":108,"level":"debug","phase":"deduplication","table":"spares_used","action":"row_skipped","dedupe_keys":["job_number","lnr"],"dedupe_values":[null,null],"reason":"duplicate_key"}
{"timestamp":"2026-01-20T09:25:21.558Z","runId":108,"level":"debug","phase":"deduplication","table":"spares_used","action":"row_skipped","dedupe_keys":["job_number","lnr"],"dedupe_values":[null,null],"reason":"duplicate_key"}
{"timestamp":"2026-01-20T09:25:21.558Z","runId":108,"level":"debug","phase":"deduplication","table":"spares_used","action":"row_skipped","dedupe_keys":["job_number","lnr"],"dedupe_values":[null,null],"reason":"duplicate_key"}
{"timestamp":"2026-01-20T09:25:21.558Z","runId":108,"level":"debug","phase":"deduplication","table":"spares_used","action":"row_skipped","dedupe_keys":["job_number","lnr"],"dedupe_values":[null,null],"reason":"duplicate_key"}
{"timestamp":"2026-01-20T09:25:21.558Z","runId":108,"level":"debug","phase":"deduplication","table":"spares_used","action":"row_skipped","dedupe_keys":["job_number","lnr"],"dedupe_values":[null,null],"reason":"duplicate_key"}
{"timestamp":"2026-01-20T09:25:21.558Z","runId":108,"level":"debug","phase":"deduplication","table":"spares_used","action":"row_skipped","dedupe_keys":["job_number","lnr"],"dedupe_values":[null,null],"reason":"duplicate_key"}
{"timestamp":"2026-01-20T09:25:21.558Z","runId":108,"level":"debug","phase":"deduplication","table":"spares_used","action":"null_dedupe_keys","dedupe_keys":["job_number","lnr"],"dedupe_values":[null,null],"message":"Row has NULL dedupe key values; inserting without deduplication"}
{"timestamp":"2026-01-20T09:25:21.559Z","runId":108,"level":"debug","phase":"deduplication","table":"spares_used","action":"row_skipped","dedupe_keys":["job_number","lnr"],"dedupe_values":[null,null],"reason":"duplicate_key"}
{"timestamp":"2026-01-20T09:25:21.559Z","runId":108,"level":"debug","phase":"deduplication","table":"spares_used","action":"row_skipped","dedupe_keys":["job_number","lnr"],"dedupe_values":[null,null],"reason":"duplicate_key"}
{"timestamp":"2026-01-20T09:25:21.559Z","runId":108,"level":"debug","phase":"deduplication","table":"spares_used","action":"row_skipped","dedupe_keys":["job_number","lnr"],"dedupe_values":[null,null],"reason":"duplicate_key"}
{"timestamp":"2026-01-20T09:25:21.559Z","runId":108,"level":"debug","phase":"deduplication","table":"spares_used","action":"row_skipped","dedupe_keys":["job_number","lnr"],"dedupe_values":[null,null],"reason":"duplicate_key"}
{"timestamp":"2026-01-20T09:25:21.559Z","runId":108,"level":"debug","phase":"deduplication","table":"spares_used","action":"row_skipped","dedupe_keys":["job_number","lnr"],"dedupe_values":[null,null],"reason":"duplicate_key"}
{"timestamp":"2026-01-20T09:25:21.559Z","runId":108,"level":"debug","phase":"deduplication","table":"spares_used","action":"row_skipped","dedupe_keys":["job_number","lnr"],"dedupe_values":[null,null],"reason":"duplicate_key"}
{"timestamp":"2026-01-20T09:25:21.559Z","runId":108,"level":"debug","phase":"deduplication","table":"spares_used","action":"row_skipped","dedupe_keys":["job_number","lnr"],"dedupe_values":[null,null],"reason":"duplicate_key"}
{"timestamp":"2026-01-20T09:25:21.559Z","runId":108,"level":"debug","phase":"deduplication","table":"spares_used","action":"row_skipped","dedupe_keys":["job_number","lnr"],"dedupe_values":[null,null],"reason":"duplicate_key"}
{"timestamp":"2026-01-20T09:25:21.560Z","runId":108,"level":"debug","phase":"deduplication","table":"spares_used","action":"row_skipped","dedupe_keys":["job_number","lnr"],"dedupe_values":[null,null],"reason":"duplicate_key"}
{"timestamp":"2026-01-20T09:25:21.560Z","runId":108,"level":"debug","phase":"deduplication","table":"spares_used","action":"row_skipped","dedupe_keys":["job_number","lnr"],"dedupe_values":[null,null],"reason":"duplicate_key"}
{"timestamp":"2026-01-20T09:25:21.560Z","runId":108,"level":"debug","phase":"deduplication","table":"spares_used","action":"row_skipped","dedupe_keys":["job_number","lnr"],"dedupe_values":[null,null],"reason":"duplicate_key"}
{"timestamp":"2026-01-20T09:25:21.560Z","runId":108,"level":"debug","phase":"deduplication","table":"spares_used","action":"row_skipped","dedupe_keys":["job_number","lnr"],"dedupe_values":[null,null],"reason":"duplicate_key"}
{"timestamp":"2026-01-20T09:25:21.560Z","runId":108,"level":"debug","phase":"deduplication","table":"spares_used","action":"row_skipped","dedupe_keys":["job_number","lnr"],"dedupe_values":[null,null],"reason":"duplicate_key"}
{"timestamp":"2026-01-20T09:25:21.561Z","runId":108,"level":"debug","phase":"deduplication","table":"spares_used","action":"row_skipped","dedupe_keys":["job_number","lnr"],"dedupe_values":[null,null],"reason":"duplicate_key"}
{"timestamp":"2026-01-20T09:25:21.561Z","runId":108,"level":"debug","phase":"deduplication","table":"spares_used","action":"row_skipped","dedupe_keys":["job_number","lnr"],"dedupe_values":[null,null],"reason":"duplicate_key"}
{"timestamp":"2026-01-20T09:25:21.561Z","runId":108,"level":"debug","phase":"deduplication","table":"spares_used","action":"row_skipped","dedupe_keys":["job_number","lnr"],"dedupe_values":[null,null],"reason":"duplicate_key"}
{"timestamp":"2026-01-20T09:25:21.561Z","runId":108,"level":"debug","phase":"deduplication","table":"spares_used","action":"row_skipped","dedupe_keys":["job_number","lnr"],"dedupe_values":[null,null],"reason":"duplicate_key"}
{"timestamp":"2026-01-20T09:25:21.561Z","runId":108,"level":"debug","phase":"deduplication","table":"spares_used","action":"row_skipped","dedupe_keys":["job_number","lnr"],"dedupe_values":[null,null],"reason":"duplicate_key"}
{"timestamp":"2026-01-20T09:25:21.561Z","runId":108,"level":"debug","phase":"deduplication","table":"spares_used","action":"row_skipped","dedupe_keys":["job_number","lnr"],"dedupe_values":[null,null],"reason":"duplicate_key"}
{"timestamp":"2026-01-20T09:25:21.562Z","runId":108,"level":"debug","phase":"deduplication","table":"spares_used","action":"row_skipped","dedupe_keys":["job_number","lnr"],"dedupe_values":[null,null],"reason":"duplicate_key"}
{"timestamp":"2026-01-20T09:25:21.562Z","runId":108,"level":"debug","phase":"deduplication","table":"spares_used","action":"row_skipped","dedupe_keys":["job_number","lnr"],"dedupe_values":[null,null],"reason":"duplicate_key"}
{"timestamp":"2026-01-20T09:25:21.562Z","runId":108,"level":"debug","phase":"deduplication","table":"spares_used","action":"row_skipped","dedupe_keys":["job_number","lnr"],"dedupe_values":[null,null],"reason":"duplicate_key"}
{"timestamp":"2026-01-20T09:25:21.562Z","runId":108,"level":"debug","phase":"deduplication","table":"spares_used","action":"row_skipped","dedupe_keys":["job_number","lnr"],"dedupe_values":[null,null],"reason":"duplicate_key"}
{"timestamp":"2026-01-20T09:25:21.562Z","runId":108,"level":"debug","phase":"deduplication","table":"spares_used","action":"row_skipped","dedupe_keys":["job_number","lnr"],"dedupe_values":[null,null],"reason":"duplicate_key"}
{"timestamp":"2026-01-20T09:25:21.562Z","runId":108,"level":"debug","phase":"deduplication","table":"spares_used","action":"row_skipped","dedupe_keys":["job_number","lnr"],"dedupe_values":[null,null],"reason":"duplicate_key"}
{"timestamp":"2026-01-20T09:25:21.563Z","runId":108,"level":"debug","phase":"deduplication","table":"spares_used","action":"row_skipped","dedupe_keys":["job_number","lnr"],"dedupe_values":[null,null],"reason":"duplicate_key"}
{"timestamp":"2026-01-20T09:25:21.563Z","runId":108,"level":"debug","phase":"deduplication","table":"spares_used","action":"row_skipped","dedupe_keys":["job_number","lnr"],"dedupe_values":[null,null],"reason":"duplicate_key"}
{"timestamp":"2026-01-20T09:25:21.563Z","runId":108,"level":"debug","phase":"deduplication","table":"spares_used","action":"row_skipped","dedupe_keys":["job_number","lnr"],"dedupe_values":[null,null],"reason":"duplicate_key"}
{"timestamp":"2026-01-20T09:25:21.563Z","runId":108,"level":"debug","phase":"deduplication","table":"spares_used","action":"row_skipped","dedupe_keys":["job_number","lnr"],"dedupe_values":[null,null],"reason":"duplicate_key"}
{"timestamp":"2026-01-20T09:25:21.563Z","runId":108,"level":"debug","phase":"deduplication","table":"spares_used","action":"row_skipped","dedupe_keys":["job_number","lnr"],"dedupe_values":[null,null],"reason":"duplicate_key"}
{"timestamp":"2026-01-20T09:25:21.563Z","runId":108,"level":"debug","phase":"deduplication","table":"spares_used","action":"row_skipped","dedupe_keys":["job_number","lnr"],"dedupe_values":[null,null],"reason":"duplicate_key"}
{"timestamp":"2026-01-20T09:25:21.564Z","runId":108,"level":"debug","phase":"deduplication","table":"spares_used","action":"row_skipped","dedupe_keys":["job_number","lnr"],"dedupe_values":[null,null],"reason":"duplicate_key"}
{"timestamp":"2026-01-20T09:25:21.564Z","runId":108,"level":"debug","phase":"deduplication","table":"spares_used","action":"row_skipped","dedupe_keys":["job_number","lnr"],"dedupe_values":[null,null],"reason":"duplicate_key"}
{"timestamp":"2026-01-20T09:25:21.564Z","runId":108,"level":"debug","phase":"deduplication","table":"spares_used","action":"row_skipped","dedupe_keys":["job_number","lnr"],"dedupe_values":[null,null],"reason":"duplicate_key"}
{"timestamp":"2026-01-20T09:25:21.564Z","runId":108,"level":"debug","phase":"deduplication","table":"spares_used","action":"row_skipped","dedupe_keys":["job_number","lnr"],"dedupe_values":[null,null],"reason":"duplicate_key"}
{"timestamp":"2026-01-20T09:25:21.564Z","runId":108,"level":"debug","phase":"deduplication","table":"spares_used","action":"row_skipped","dedupe_keys":["job_number","lnr"],"dedupe_values":[null,null],"reason":"duplicate_key"}
{"timestamp":"2026-01-20T09:25:21.564Z","runId":108,"level":"debug","phase":"deduplication","table":"spares_used","action":"row_skipped","dedupe_keys":["job_number","lnr"],"dedupe_values":[null,null],"reason":"duplicate_key"}
{"timestamp":"2026-01-20T09:25:21.565Z","runId":108,"level":"debug","phase":"deduplication","table":"spares_used","action":"row_skipped","dedupe_keys":["job_number","lnr"],"dedupe_values":[null,null],"reason":"duplicate_key"}
{"timestamp":"2026-01-20T09:25:21.565Z","runId":108,"level":"debug","phase":"deduplication","table":"spares_used","action":"row_skipped","dedupe_keys":["job_number","lnr"],"dedupe_values":[null,null],"reason":"duplicate_key"}
{"timestamp":"2026-01-20T09:25:21.565Z","runId":108,"level":"debug","phase":"deduplication","table":"spares_used","action":"row_skipped","dedupe_keys":["job_number","lnr"],"dedupe_values":[null,null],"reason":"duplicate_key"}
{"timestamp":"2026-01-20T09:25:21.565Z","runId":108,"level":"debug","phase":"deduplication","table":"spares_used","action":"row_skipped","dedupe_keys":["job_number","lnr"],"dedupe_values":[null,null],"reason":"duplicate_key"}
{"timestamp":"2026-01-20T09:25:21.565Z","runId":108,"level":"debug","phase":"deduplication","table":"spares_used","action":"row_skipped","dedupe_keys":["job_number","lnr"],"dedupe_values":[null,null],"reason":"duplicate_key"}
{"timestamp":"2026-01-20T09:25:21.565Z","runId":108,"level":"debug","phase":"deduplication","table":"spares_used","action":"row_skipped","dedupe_keys":["job_number","lnr"],"dedupe_values":[null,null],"reason":"duplicate_key"}
{"timestamp":"2026-01-20T09:25:21.565Z","runId":108,"level":"debug","phase":"deduplication","table":"spares_used","action":"row_skipped","dedupe_keys":["job_number","lnr"],"dedupe_values":[null,null],"reason":"duplicate_key"}
{"timestamp":"2026-01-20T09:25:21.566Z","runId":108,"level":"debug","phase":"deduplication","table":"spares_used","action":"row_skipped","dedupe_keys":["job_number","lnr"],"dedupe_values":[null,null],"reason":"duplicate_key"}
{"timestamp":"2026-01-20T09:25:21.566Z","runId":108,"level":"debug","phase":"deduplication","table":"spares_used","action":"row_skipped","dedupe_keys":["job_number","lnr"],"dedupe_values":[null,null],"reason":"duplicate_key"}
{"timestamp":"2026-01-20T09:25:21.566Z","runId":108,"level":"debug","phase":"deduplication","table":"spares_used","action":"row_skipped","dedupe_keys":["job_number","lnr"],"dedupe_values":[null,null],"reason":"duplicate_key"}
{"timestamp":"2026-01-20T09:25:21.566Z","runId":108,"level":"debug","phase":"deduplication","table":"spares_used","action":"row_skipped","dedupe_keys":["job_number","lnr"],"dedupe_values":[null,null],"reason":"duplicate_key"}
{"timestamp":"2026-01-20T09:25:21.566Z","runId":108,"level":"debug","phase":"deduplication","table":"spares_used","action":"row_skipped","dedupe_keys":["job_number","lnr"],"dedupe_values":[null,null],"reason":"duplicate_key"}
{"timestamp":"2026-01-20T09:25:21.567Z","runId":108,"level":"debug","phase":"deduplication","table":"spares_used","action":"row_skipped","dedupe_keys":["job_number","lnr"],"dedupe_values":[null,null],"reason":"duplicate_key"}
{"timestamp":"2026-01-20T09:25:21.567Z","runId":108,"level":"debug","phase":"deduplication","table":"spares_used","action":"row_skipped","dedupe_keys":["job_number","lnr"],"dedupe_values":[null,null],"reason":"duplicate_key"}
{"timestamp":"2026-01-20T09:25:21.567Z","runId":108,"level":"debug","phase":"deduplication","table":"spares_used","action":"row_skipped","dedupe_keys":["job_number","lnr"],"dedupe_values":[null,null],"reason":"duplicate_key"}
{"timestamp":"2026-01-20T09:25:21.567Z","runId":108,"level":"debug","phase":"deduplication","table":"spares_used","action":"row_skipped","dedupe_keys":["job_number","lnr"],"dedupe_values":[null,null],"reason":"duplicate_key"}
{"timestamp":"2026-01-20T09:25:21.567Z","runId":108,"level":"debug","phase":"deduplication","table":"spares_used","action":"row_skipped","dedupe_keys":["job_number","lnr"],"dedupe_values":[null,null],"reason":"duplicate_key"}
{"timestamp":"2026-01-20T09:25:21.567Z","runId":108,"level":"debug","phase":"deduplication","table":"spares_used","action":"row_skipped","dedupe_keys":["job_number","lnr"],"dedupe_values":[null,null],"reason":"duplicate_key"}
{"timestamp":"2026-01-20T09:25:21.568Z","runId":108,"level":"debug","phase":"deduplication","table":"spares_used","action":"row_skipped","dedupe_keys":["job_number","lnr"],"dedupe_values":[null,null],"reason":"duplicate_key"}
{"timestamp":"2026-01-20T09:25:21.568Z","runId":108,"level":"debug","phase":"deduplication","table":"spares_used","action":"row_skipped","dedupe_keys":["job_number","lnr"],"dedupe_values":[null,null],"reason":"duplicate_key"}
{"timestamp":"2026-01-20T09:25:21.568Z","runId":108,"level":"debug","phase":"deduplication","table":"spares_used","action":"row_skipped","dedupe_keys":["job_number","lnr"],"dedupe_values":[null,null],"reason":"duplicate_key"}
{"timestamp":"2026-01-20T09:25:21.568Z","runId":108,"level":"debug","phase":"deduplication","table":"spares_used","action":"row_skipped","dedupe_keys":["job_number","lnr"],"dedupe_values":[null,null],"reason":"duplicate_key"}
{"timestamp":"2026-01-20T09:25:21.568Z","runId":108,"level":"debug","phase":"deduplication","table":"spares_used","action":"row_skipped","dedupe_keys":["job_number","lnr"],"dedupe_values":[null,null],"reason":"duplicate_key"}
{"timestamp":"2026-01-20T09:25:21.568Z","runId":108,"level":"debug","phase":"deduplication","table":"spares_used","action":"row_skipped","dedupe_keys":["job_number","lnr"],"dedupe_values":[null,null],"reason":"duplicate_key"}
{"timestamp":"2026-01-20T09:25:21.569Z","runId":108,"level":"debug","phase":"deduplication","table":"spares_used","action":"row_skipped","dedupe_keys":["job_number","lnr"],"dedupe_values":[null,null],"reason":"duplicate_key"}
{"timestamp":"2026-01-20T09:25:21.569Z","runId":108,"level":"debug","phase":"deduplication","table":"spares_used","action":"row_skipped","dedupe_keys":["job_number","lnr"],"dedupe_values":[null,null],"reason":"duplicate_key"}
{"timestamp":"2026-01-20T09:25:21.569Z","runId":108,"level":"debug","phase":"deduplication","table":"spares_used","action":"row_skipped","dedupe_keys":["job_number","lnr"],"dedupe_values":[null,null],"reason":"duplicate_key"}
{"timestamp":"2026-01-20T09:25:21.569Z","runId":108,"level":"debug","phase":"deduplication","table":"spares_used","action":"row_skipped","dedupe_keys":["job_number","lnr"],"dedupe_values":[null,null],"reason":"duplicate_key"}
{"timestamp":"2026-01-20T09:25:21.569Z","runId":108,"level":"debug","phase":"deduplication","table":"spares_used","action":"row_skipped","dedupe_keys":["job_number","lnr"],"dedupe_values":[null,null],"reason":"duplicate_key"}
{"timestamp":"2026-01-20T09:25:21.569Z","runId":108,"level":"debug","phase":"deduplication","table":"spares_used","action":"row_skipped","dedupe_keys":["job_number","lnr"],"dedupe_values":[null,null],"reason":"duplicate_key"}
{"timestamp":"2026-01-20T09:25:21.570Z","runId":108,"level":"debug","phase":"deduplication","table":"spares_used","action":"row_skipped","dedupe_keys":["job_number","lnr"],"dedupe_values":[null,null],"reason":"duplicate_key"}
{"timestamp":"2026-01-20T09:25:21.570Z","runId":108,"level":"debug","phase":"deduplication","table":"spares_used","action":"row_skipped","dedupe_keys":["job_number","lnr"],"dedupe_values":[null,null],"reason":"duplicate_key"}
{"timestamp":"2026-01-20T09:25:21.570Z","runId":108,"level":"debug","phase":"deduplication","table":"spares_used","action":"row_skipped","dedupe_keys":["job_number","lnr"],"dedupe_values":[null,null],"reason":"duplicate_key"}
{"timestamp":"2026-01-20T09:25:21.570Z","runId":108,"level":"debug","phase":"deduplication","table":"spares_used","action":"row_skipped","dedupe_keys":["job_number","lnr"],"dedupe_values":[null,null],"reason":"duplicate_key"}
{"timestamp":"2026-01-20T09:25:21.570Z","runId":108,"level":"debug","phase":"deduplication","table":"spares_used","action":"row_skipped","dedupe_keys":["job_number","lnr"],"dedupe_values":[null,null],"reason":"duplicate_key"}
{"timestamp":"2026-01-20T09:25:21.570Z","runId":108,"level":"debug","phase":"deduplication","table":"spares_used","action":"row_skipped","dedupe_keys":["job_number","lnr"],"dedupe_values":[null,null],"reason":"duplicate_key"}
{"timestamp":"2026-01-20T09:25:21.571Z","runId":108,"level":"debug","phase":"deduplication","table":"spares_used","action":"row_skipped","dedupe_keys":["job_number","lnr"],"dedupe_values":[null,null],"reason":"duplicate_key"}
{"timestamp":"2026-01-20T09:25:21.571Z","runId":108,"level":"debug","phase":"deduplication","table":"spares_used","action":"row_skipped","dedupe_keys":["job_number","lnr"],"dedupe_values":[null,null],"reason":"duplicate_key"}
{"timestamp":"2026-01-20T09:25:21.571Z","runId":108,"level":"debug","phase":"deduplication","table":"spares_used","action":"row_skipped","dedupe_keys":["job_number","lnr"],"dedupe_values":[null,null],"reason":"duplicate_key"}
{"timestamp":"2026-01-20T09:25:21.571Z","runId":108,"level":"debug","phase":"deduplication","table":"spares_used","action":"row_skipped","dedupe_keys":["job_number","lnr"],"dedupe_values":[null,null],"reason":"duplicate_key"}
{"timestamp":"2026-01-20T09:25:21.571Z","runId":108,"level":"debug","phase":"deduplication","table":"spares_used","action":"row_skipped","dedupe_keys":["job_number","lnr"],"dedupe_values":[null,null],"reason":"duplicate_key"}
{"timestamp":"2026-01-20T09:25:21.571Z","runId":108,"level":"debug","phase":"deduplication","table":"spares_used","action":"row_skipped","dedupe_keys":["job_number","lnr"],"dedupe_values":[null,null],"reason":"duplicate_key"}
{"timestamp":"2026-01-20T09:25:21.572Z","runId":108,"level":"debug","phase":"deduplication","table":"spares_used","action":"row_skipped","dedupe_keys":["job_number","lnr"],"dedupe_values":[null,null],"reason":"duplicate_key"}
{"timestamp":"2026-01-20T09:25:21.572Z","runId":108,"level":"debug","phase":"deduplication","table":"spares_used","action":"row_skipped","dedupe_keys":["job_number","lnr"],"dedupe_values":[null,null],"reason":"duplicate_key"}
{"timestamp":"2026-01-20T09:25:21.572Z","runId":108,"level":"debug","phase":"deduplication","table":"spares_used","action":"row_skipped","dedupe_keys":["job_number","lnr"],"dedupe_values":[null,null],"reason":"duplicate_key"}
{"timestamp":"2026-01-20T09:25:21.572Z","runId":108,"level":"debug","phase":"deduplication","table":"spares_used","action":"row_skipped","dedupe_keys":["job_number","lnr"],"dedupe_values":[null,null],"reason":"duplicate_key"}
{"timestamp":"2026-01-20T09:25:21.572Z","runId":108,"level":"debug","phase":"deduplication","table":"spares_used","action":"row_skipped","dedupe_keys":["job_number","lnr"],"dedupe_values":[null,null],"reason":"duplicate_key"}
{"timestamp":"2026-01-20T09:25:21.573Z","runId":108,"level":"debug","phase":"deduplication","table":"spares_used","action":"row_skipped","dedupe_keys":["job_number","lnr"],"dedupe_values":[null,null],"reason":"duplicate_key"}
{"timestamp":"2026-01-20T09:25:21.573Z","runId":108,"level":"debug","phase":"deduplication","table":"spares_used","action":"row_skipped","dedupe_keys":["job_number","lnr"],"dedupe_values":[null,null],"reason":"duplicate_key"}
{"timestamp":"2026-01-20T09:25:21.573Z","runId":108,"level":"debug","phase":"deduplication","table":"spares_used","action":"row_skipped","dedupe_keys":["job_number","lnr"],"dedupe_values":[null,null],"reason":"duplicate_key"}
{"timestamp":"2026-01-20T09:25:21.573Z","runId":108,"level":"debug","phase":"deduplication","table":"spares_used","action":"row_skipped","dedupe_keys":["job_number","lnr"],"dedupe_values":[null,null],"reason":"duplicate_key"}
{"timestamp":"2026-01-20T09:25:21.573Z","runId":108,"level":"debug","phase":"deduplication","table":"spares_used","action":"row_skipped","dedupe_keys":["job_number","lnr"],"dedupe_values":[null,null],"reason":"duplicate_key"}
{"timestamp":"2026-01-20T09:25:21.573Z","runId":108,"level":"debug","phase":"deduplication","table":"spares_used","action":"row_skipped","dedupe_keys":["job_number","lnr"],"dedupe_values":[null,null],"reason":"duplicate_key"}
{"timestamp":"2026-01-20T09:25:21.573Z","runId":108,"level":"debug","phase":"deduplication","table":"spares_used","action":"row_skipped","dedupe_keys":["job_number","lnr"],"dedupe_values":[null,null],"reason":"duplicate_key"}
{"timestamp":"2026-01-20T09:25:21.574Z","runId":108,"level":"debug","phase":"deduplication","table":"spares_used","action":"row_skipped","dedupe_keys":["job_number","lnr"],"dedupe_values":[null,null],"reason":"duplicate_key"}
{"timestamp":"2026-01-20T09:25:21.574Z","runId":108,"level":"debug","phase":"deduplication","table":"spares_used","action":"row_skipped","dedupe_keys":["job_number","lnr"],"dedupe_values":[null,null],"reason":"duplicate_key"}
{"timestamp":"2026-01-20T09:25:21.574Z","runId":108,"level":"debug","phase":"deduplication","table":"spares_used","action":"row_skipped","dedupe_keys":["job_number","lnr"],"dedupe_values":[null,null],"reason":"duplicate_key"}
{"timestamp":"2026-01-20T09:25:21.574Z","runId":108,"level":"debug","phase":"deduplication","table":"spares_used","action":"row_skipped","dedupe_keys":["job_number","lnr"],"dedupe_values":[null,null],"reason":"duplicate_key"}
{"timestamp":"2026-01-20T09:25:21.574Z","runId":108,"level":"debug","phase":"deduplication","table":"spares_used","action":"row_skipped","dedupe_keys":["job_number","lnr"],"dedupe_values":[null,null],"reason":"duplicate_key"}
{"timestamp":"2026-01-20T09:25:21.574Z","runId":108,"level":"debug","phase":"deduplication","table":"spares_used","action":"row_skipped","dedupe_keys":["job_number","lnr"],"dedupe_values":[null,null],"reason":"duplicate_key"}
{"timestamp":"2026-01-20T09:25:21.575Z","runId":108,"level":"debug","phase":"deduplication","table":"spares_used","action":"row_skipped","dedupe_keys":["job_number","lnr"],"dedupe_values":[null,null],"reason":"duplicate_key"}
{"timestamp":"2026-01-20T09:25:21.575Z","runId":108,"level":"debug","phase":"deduplication","table":"spares_used","action":"row_skipped","dedupe_keys":["job_number","lnr"],"dedupe_values":[null,null],"reason":"duplicate_key"}
{"timestamp":"2026-01-20T09:25:21.575Z","runId":108,"level":"debug","phase":"deduplication","table":"spares_used","action":"row_skipped","dedupe_keys":["job_number","lnr"],"dedupe_values":[null,null],"reason":"duplicate_key"}
{"timestamp":"2026-01-20T09:25:21.575Z","runId":108,"level":"debug","phase":"deduplication","table":"spares_used","action":"row_skipped","dedupe_keys":["job_number","lnr"],"dedupe_values":[null,null],"reason":"duplicate_key"}
{"timestamp":"2026-01-20T09:25:21.575Z","runId":108,"level":"debug","phase":"deduplication","table":"spares_used","action":"row_skipped","dedupe_keys":["job_number","lnr"],"dedupe_values":[null,null],"reason":"duplicate_key"}
{"timestamp":"2026-01-20T09:25:21.575Z","runId":108,"level":"debug","phase":"deduplication","table":"spares_used","action":"row_skipped","dedupe_keys":["job_number","lnr"],"dedupe_values":[null,null],"reason":"duplicate_key"}
{"timestamp":"2026-01-20T09:25:21.576Z","runId":108,"level":"debug","phase":"deduplication","table":"spares_used","action":"row_skipped","dedupe_keys":["job_number","lnr"],"dedupe_values":[null,null],"reason":"duplicate_key"}
{"timestamp":"2026-01-20T09:25:21.576Z","runId":108,"level":"debug","phase":"deduplication","table":"spares_used","action":"row_skipped","dedupe_keys":["job_number","lnr"],"dedupe_values":[null,null],"reason":"duplicate_key"}
{"timestamp":"2026-01-20T09:25:21.576Z","runId":108,"level":"debug","phase":"deduplication","table":"spares_used","action":"row_skipped","dedupe_keys":["job_number","lnr"],"dedupe_values":[null,null],"reason":"duplicate_key"}
{"timestamp":"2026-01-20T09:25:21.576Z","runId":108,"level":"debug","phase":"deduplication","table":"spares_used","action":"row_skipped","dedupe_keys":["job_number","lnr"],"dedupe_values":[null,null],"reason":"duplicate_key"}
{"timestamp":"2026-01-20T09:25:21.576Z","runId":108,"level":"debug","phase":"deduplication","table":"spares_used","action":"row_skipped","dedupe_keys":["job_number","lnr"],"dedupe_values":[null,null],"reason":"duplicate_key"}
{"timestamp":"2026-01-20T09:25:21.576Z","runId":108,"level":"debug","phase":"deduplication","table":"spares_used","action":"row_skipped","dedupe_keys":["job_number","lnr"],"dedupe_values":[null,null],"reason":"duplicate_key"}
{"timestamp":"2026-01-20T09:25:21.577Z","runId":108,"level":"debug","phase":"deduplication","table":"spares_used","action":"row_skipped","dedupe_keys":["job_number","lnr"],"dedupe_values":[null,null],"reason":"duplicate_key"}
{"timestamp":"2026-01-20T09:25:21.577Z","runId":108,"level":"debug","phase":"deduplication","table":"spares_used","action":"row_skipped","dedupe_keys":["job_number","lnr"],"dedupe_values":[null,null],"reason":"duplicate_key"}
{"timestamp":"2026-01-20T09:25:21.577Z","runId":108,"level":"debug","phase":"deduplication","table":"spares_used","action":"row_skipped","dedupe_keys":["job_number","lnr"],"dedupe_values":[null,null],"reason":"duplicate_key"}
{"timestamp":"2026-01-20T09:25:21.577Z","runId":108,"level":"debug","phase":"deduplication","table":"spares_used","action":"row_skipped","dedupe_keys":["job_number","lnr"],"dedupe_values":[null,null],"reason":"duplicate_key"}
{"timestamp":"2026-01-20T09:25:21.577Z","runId":108,"level":"debug","phase":"deduplication","table":"spares_used","action":"row_skipped","dedupe_keys":["job_number","lnr"],"dedupe_values":[null,null],"reason":"duplicate_key"}
{"timestamp":"2026-01-20T09:25:21.577Z","runId":108,"level":"debug","phase":"deduplication","table":"spares_used","action":"row_skipped","dedupe_keys":["job_number","lnr"],"dedupe_values":[null,null],"reason":"duplicate_key"}
{"timestamp":"2026-01-20T09:25:21.578Z","runId":108,"level":"debug","phase":"deduplication","table":"spares_used","action":"row_skipped","dedupe_keys":["job_number","lnr"],"dedupe_values":[null,null],"reason":"duplicate_key"}
{"timestamp":"2026-01-20T09:25:21.578Z","runId":108,"level":"debug","phase":"deduplication","table":"spares_used","action":"row_skipped","dedupe_keys":["job_number","lnr"],"dedupe_values":[null,null],"reason":"duplicate_key"}
{"timestamp":"2026-01-20T09:25:21.578Z","runId":108,"level":"debug","phase":"deduplication","table":"spares_used","action":"row_skipped","dedupe_keys":["job_number","lnr"],"dedupe_values":[null,null],"reason":"duplicate_key"}
{"timestamp":"2026-01-20T09:25:21.578Z","runId":108,"level":"debug","phase":"deduplication","table":"spares_used","action":"row_skipped","dedupe_keys":["job_number","lnr"],"dedupe_values":[null,null],"reason":"duplicate_key"}
{"timestamp":"2026-01-20T09:25:21.578Z","runId":108,"level":"debug","phase":"deduplication","table":"spares_used","action":"row_skipped","dedupe_keys":["job_number","lnr"],"dedupe_values":[null,null],"reason":"duplicate_key"}
{"timestamp":"2026-01-20T09:25:21.578Z","runId":108,"level":"debug","phase":"deduplication","table":"spares_used","action":"row_skipped","dedupe_keys":["job_number","lnr"],"dedupe_values":[null,null],"reason":"duplicate_key"}
{"timestamp":"2026-01-20T09:25:21.579Z","runId":108,"level":"debug","phase":"deduplication","table":"spares_used","action":"row_skipped","dedupe_keys":["job_number","lnr"],"dedupe_values":[null,null],"reason":"duplicate_key"}
{"timestamp":"2026-01-20T09:25:21.579Z","runId":108,"level":"debug","phase":"deduplication","table":"spares_used","action":"row_skipped","dedupe_keys":["job_number","lnr"],"dedupe_values":[null,null],"reason":"duplicate_key"}
{"timestamp":"2026-01-20T09:25:21.579Z","runId":108,"level":"debug","phase":"deduplication","table":"spares_used","action":"row_skipped","dedupe_keys":["job_number","lnr"],"dedupe_values":[null,null],"reason":"duplicate_key"}
{"timestamp":"2026-01-20T09:25:21.579Z","runId":108,"level":"debug","phase":"deduplication","table":"spares_used","action":"row_skipped","dedupe_keys":["job_number","lnr"],"dedupe_values":[null,null],"reason":"duplicate_key"}
{"timestamp":"2026-01-20T09:25:21.579Z","runId":108,"level":"debug","phase":"deduplication","table":"spares_used","action":"row_skipped","dedupe_keys":["job_number","lnr"],"dedupe_values":[null,null],"reason":"duplicate_key"}
{"timestamp":"2026-01-20T09:25:21.580Z","runId":108,"level":"debug","phase":"deduplication","table":"spares_used","action":"row_skipped","dedupe_keys":["job_number","lnr"],"dedupe_values":[null,null],"reason":"duplicate_key"}
{"timestamp":"2026-01-20T09:25:21.580Z","runId":108,"level":"debug","phase":"deduplication","table":"spares_used","action":"row_skipped","dedupe_keys":["job_number","lnr"],"dedupe_values":[null,null],"reason":"duplicate_key"}
{"timestamp":"2026-01-20T09:25:21.580Z","runId":108,"level":"debug","phase":"deduplication","table":"spares_used","action":"row_skipped","dedupe_keys":["job_number","lnr"],"dedupe_values":[null,null],"reason":"duplicate_key"}
{"timestamp":"2026-01-20T09:25:21.580Z","runId":108,"level":"debug","phase":"deduplication","table":"spares_used","action":"row_skipped","dedupe_keys":["job_number","lnr"],"dedupe_values":[null,null],"reason":"duplicate_key"}
{"timestamp":"2026-01-20T09:25:21.580Z","runId":108,"level":"debug","phase":"deduplication","table":"spares_used","action":"row_skipped","dedupe_keys":["job_number","lnr"],"dedupe_values":[null,null],"reason":"duplicate_key"}
{"timestamp":"2026-01-20T09:25:21.581Z","runId":108,"level":"debug","phase":"deduplication","table":"spares_used","action":"row_skipped","dedupe_keys":["job_number","lnr"],"dedupe_values":[null,null],"reason":"duplicate_key"}
{"timestamp":"2026-01-20T09:25:21.581Z","runId":108,"level":"debug","phase":"deduplication","table":"spares_used","action":"row_skipped","dedupe_keys":["job_number","lnr"],"dedupe_values":[null,null],"reason":"duplicate_key"}
{"timestamp":"2026-01-20T09:25:21.581Z","runId":108,"level":"debug","phase":"deduplication","table":"spares_used","action":"row_skipped","dedupe_keys":["job_number","lnr"],"dedupe_values":[null,null],"reason":"duplicate_key"}
{"timestamp":"2026-01-20T09:25:21.581Z","runId":108,"level":"debug","phase":"deduplication","table":"spares_used","action":"row_skipped","dedupe_keys":["job_number","lnr"],"dedupe_values":[null,null],"reason":"duplicate_key"}
{"timestamp":"2026-01-20T09:25:21.582Z","runId":108,"level":"debug","phase":"deduplication","table":"spares_used","action":"row_skipped","dedupe_keys":["job_number","lnr"],"dedupe_values":[null,null],"reason":"duplicate_key"}
{"timestamp":"2026-01-20T09:25:21.582Z","runId":108,"level":"debug","phase":"deduplication","table":"spares_used","action":"row_skipped","dedupe_keys":["job_number","lnr"],"dedupe_values":[null,null],"reason":"duplicate_key"}
{"timestamp":"2026-01-20T09:25:21.582Z","runId":108,"level":"debug","phase":"deduplication","table":"spares_used","action":"row_skipped","dedupe_keys":["job_number","lnr"],"dedupe_values":[null,null],"reason":"duplicate_key"}
{"timestamp":"2026-01-20T09:25:21.582Z","runId":108,"level":"debug","phase":"deduplication","table":"spares_used","action":"row_skipped","dedupe_keys":["job_number","lnr"],"dedupe_values":[null,null],"reason":"duplicate_key"}
{"timestamp":"2026-01-20T09:25:21.582Z","runId":108,"level":"debug","phase":"deduplication","table":"spares_used","action":"row_skipped","dedupe_keys":["job_number","lnr"],"dedupe_values":[null,null],"reason":"duplicate_key"}
{"timestamp":"2026-01-20T09:25:21.582Z","runId":108,"level":"debug","phase":"deduplication","table":"spares_used","action":"row_skipped","dedupe_keys":["job_number","lnr"],"dedupe_values":[null,null],"reason":"duplicate_key"}
{"timestamp":"2026-01-20T09:25:21.582Z","runId":108,"level":"debug","phase":"deduplication","table":"spares_used","action":"row_skipped","dedupe_keys":["job_number","lnr"],"dedupe_values":[null,null],"reason":"duplicate_key"}
{"timestamp":"2026-01-20T09:25:21.583Z","runId":108,"level":"debug","phase":"deduplication","table":"spares_used","action":"row_skipped","dedupe_keys":["job_number","lnr"],"dedupe_values":[null,null],"reason":"duplicate_key"}
{"timestamp":"2026-01-20T09:25:21.583Z","runId":108,"level":"debug","phase":"deduplication","table":"spares_used","action":"row_skipped","dedupe_keys":["job_number","lnr"],"dedupe_values":[null,null],"reason":"duplicate_key"}
{"timestamp":"2026-01-20T09:25:21.583Z","runId":108,"level":"debug","phase":"deduplication","table":"spares_used","action":"row_skipped","dedupe_keys":["job_number","lnr"],"dedupe_values":[null,null],"reason":"duplicate_key"}
{"timestamp":"2026-01-20T09:25:21.583Z","runId":108,"level":"debug","phase":"deduplication","table":"spares_used","action":"row_skipped","dedupe_keys":["job_number","lnr"],"dedupe_values":[null,null],"reason":"duplicate_key"}
{"timestamp":"2026-01-20T09:25:21.583Z","runId":108,"level":"debug","phase":"deduplication","table":"spares_used","action":"row_skipped","dedupe_keys":["job_number","lnr"],"dedupe_values":[null,null],"reason":"duplicate_key"}
{"timestamp":"2026-01-20T09:25:21.583Z","runId":108,"level":"debug","phase":"deduplication","table":"spares_used","action":"row_skipped","dedupe_keys":["job_number","lnr"],"dedupe_values":[null,null],"reason":"duplicate_key"}
{"timestamp":"2026-01-20T09:25:21.583Z","runId":108,"level":"debug","phase":"deduplication","table":"spares_used","action":"row_skipped","dedupe_keys":["job_number","lnr"],"dedupe_values":[null,null],"reason":"duplicate_key"}
{"timestamp":"2026-01-20T09:25:21.584Z","runId":108,"level":"debug","phase":"deduplication","table":"spares_used","action":"row_skipped","dedupe_keys":["job_number","lnr"],"dedupe_values":[null,null],"reason":"duplicate_key"}
{"timestamp":"2026-01-20T09:25:21.584Z","runId":108,"level":"debug","phase":"deduplication","table":"spares_used","action":"row_skipped","dedupe_keys":["job_number","lnr"],"dedupe_values":[null,null],"reason":"duplicate_key"}
{"timestamp":"2026-01-20T09:25:21.584Z","runId":108,"level":"debug","phase":"deduplication","table":"spares_used","action":"row_skipped","dedupe_keys":["job_number","lnr"],"dedupe_values":[null,null],"reason":"duplicate_key"}
{"timestamp":"2026-01-20T09:25:21.584Z","runId":108,"level":"debug","phase":"deduplication","table":"spares_used","action":"row_skipped","dedupe_keys":["job_number","lnr"],"dedupe_values":[null,null],"reason":"duplicate_key"}
{"timestamp":"2026-01-20T09:25:21.584Z","runId":108,"level":"debug","phase":"deduplication","table":"spares_used","action":"row_skipped","dedupe_keys":["job_number","lnr"],"dedupe_values":[null,null],"reason":"duplicate_key"}
{"timestamp":"2026-01-20T09:25:21.584Z","runId":108,"level":"debug","phase":"deduplication","table":"spares_used","action":"row_skipped","dedupe_keys":["job_number","lnr"],"dedupe_values":[null,null],"reason":"duplicate_key"}
{"timestamp":"2026-01-20T09:25:21.585Z","runId":108,"level":"debug","phase":"deduplication","table":"spares_used","action":"row_skipped","dedupe_keys":["job_number","lnr"],"dedupe_values":[null,null],"reason":"duplicate_key"}
{"timestamp":"2026-01-20T09:25:21.585Z","runId":108,"level":"debug","phase":"deduplication","table":"spares_used","action":"row_skipped","dedupe_keys":["job_number","lnr"],"dedupe_values":[null,null],"reason":"duplicate_key"}
{"timestamp":"2026-01-20T09:25:21.585Z","runId":108,"level":"debug","phase":"deduplication","table":"spares_used","action":"row_skipped","dedupe_keys":["job_number","lnr"],"dedupe_values":[null,null],"reason":"duplicate_key"}
{"timestamp":"2026-01-20T09:25:21.585Z","runId":108,"level":"debug","phase":"deduplication","table":"spares_used","action":"row_skipped","dedupe_keys":["job_number","lnr"],"dedupe_values":[null,null],"reason":"duplicate_key"}
{"timestamp":"2026-01-20T09:25:21.585Z","runId":108,"level":"debug","phase":"deduplication","table":"spares_used","action":"row_skipped","dedupe_keys":["job_number","lnr"],"dedupe_values":[null,null],"reason":"duplicate_key"}
{"timestamp":"2026-01-20T09:25:21.586Z","runId":108,"level":"debug","phase":"deduplication","table":"spares_used","action":"row_skipped","dedupe_keys":["job_number","lnr"],"dedupe_values":[null,null],"reason":"duplicate_key"}
{"timestamp":"2026-01-20T09:25:21.586Z","runId":108,"level":"debug","phase":"deduplication","table":"spares_used","action":"row_skipped","dedupe_keys":["job_number","lnr"],"dedupe_values":[null,null],"reason":"duplicate_key"}
{"timestamp":"2026-01-20T09:25:21.586Z","runId":108,"level":"debug","phase":"deduplication","table":"spares_used","action":"row_skipped","dedupe_keys":["job_number","lnr"],"dedupe_values":[null,null],"reason":"duplicate_key"}
{"timestamp":"2026-01-20T09:25:21.586Z","runId":108,"level":"debug","phase":"deduplication","table":"spares_used","action":"row_skipped","dedupe_keys":["job_number","lnr"],"dedupe_values":[null,null],"reason":"duplicate_key"}
{"timestamp":"2026-01-20T09:25:21.586Z","runId":108,"level":"debug","phase":"deduplication","table":"spares_used","action":"row_skipped","dedupe_keys":["job_number","lnr"],"dedupe_values":[null,null],"reason":"duplicate_key"}
{"timestamp":"2026-01-20T09:25:21.586Z","runId":108,"level":"debug","phase":"deduplication","table":"spares_used","action":"row_skipped","dedupe_keys":["job_number","lnr"],"dedupe_values":[null,null],"reason":"duplicate_key"}
{"timestamp":"2026-01-20T09:25:21.586Z","runId":108,"level":"debug","phase":"deduplication","table":"spares_used","action":"row_skipped","dedupe_keys":["job_number","lnr"],"dedupe_values":[null,null],"reason":"duplicate_key"}
{"timestamp":"2026-01-20T09:25:21.587Z","runId":108,"level":"debug","phase":"deduplication","table":"spares_used","action":"row_skipped","dedupe_keys":["job_number","lnr"],"dedupe_values":[null,null],"reason":"duplicate_key"}
{"timestamp":"2026-01-20T09:25:21.587Z","runId":108,"level":"debug","phase":"deduplication","table":"spares_used","action":"row_skipped","dedupe_keys":["job_number","lnr"],"dedupe_values":[null,null],"reason":"duplicate_key"}
{"timestamp":"2026-01-20T09:25:21.587Z","runId":108,"level":"debug","phase":"deduplication","table":"spares_used","action":"row_skipped","dedupe_keys":["job_number","lnr"],"dedupe_values":[null,null],"reason":"duplicate_key"}
{"timestamp":"2026-01-20T09:25:21.587Z","runId":108,"level":"debug","phase":"deduplication","table":"spares_used","action":"row_skipped","dedupe_keys":["job_number","lnr"],"dedupe_values":[null,null],"reason":"duplicate_key"}
{"timestamp":"2026-01-20T09:25:21.587Z","runId":108,"level":"debug","phase":"deduplication","table":"spares_used","action":"row_skipped","dedupe_keys":["job_number","lnr"],"dedupe_values":[null,null],"reason":"duplicate_key"}
{"timestamp":"2026-01-20T09:25:21.587Z","runId":108,"level":"debug","phase":"deduplication","table":"spares_used","action":"row_skipped","dedupe_keys":["job_number","lnr"],"dedupe_values":[null,null],"reason":"duplicate_key"}
{"timestamp":"2026-01-20T09:25:21.588Z","runId":108,"level":"debug","phase":"deduplication","table":"spares_used","action":"row_skipped","dedupe_keys":["job_number","lnr"],"dedupe_values":[null,null],"reason":"duplicate_key"}
{"timestamp":"2026-01-20T09:25:21.588Z","runId":108,"level":"debug","phase":"deduplication","table":"spares_used","action":"row_skipped","dedupe_keys":["job_number","lnr"],"dedupe_values":[null,null],"reason":"duplicate_key"}
{"timestamp":"2026-01-20T09:25:21.588Z","runId":108,"level":"debug","phase":"deduplication","table":"spares_used","action":"row_skipped","dedupe_keys":["job_number","lnr"],"dedupe_values":[null,null],"reason":"duplicate_key"}
{"timestamp":"2026-01-20T09:25:21.588Z","runId":108,"level":"debug","phase":"deduplication","table":"spares_used","action":"row_skipped","dedupe_keys":["job_number","lnr"],"dedupe_values":[null,null],"reason":"duplicate_key"}
{"timestamp":"2026-01-20T09:25:21.588Z","runId":108,"level":"debug","phase":"deduplication","table":"spares_used","action":"row_skipped","dedupe_keys":["job_number","lnr"],"dedupe_values":[null,null],"reason":"duplicate_key"}
{"timestamp":"2026-01-20T09:25:21.588Z","runId":108,"level":"debug","phase":"deduplication","table":"spares_used","action":"row_skipped","dedupe_keys":["job_number","lnr"],"dedupe_values":[null,null],"reason":"duplicate_key"}
{"timestamp":"2026-01-20T09:25:21.588Z","runId":108,"level":"debug","phase":"deduplication","table":"spares_used","action":"row_skipped","dedupe_keys":["job_number","lnr"],"dedupe_values":[null,null],"reason":"duplicate_key"}
{"timestamp":"2026-01-20T09:25:21.589Z","runId":108,"level":"debug","phase":"deduplication","table":"spares_used","action":"row_skipped","dedupe_keys":["job_number","lnr"],"dedupe_values":[null,null],"reason":"duplicate_key"}
{"timestamp":"2026-01-20T09:25:21.589Z","runId":108,"level":"debug","phase":"deduplication","table":"spares_used","action":"row_skipped","dedupe_keys":["job_number","lnr"],"dedupe_values":[null,null],"reason":"duplicate_key"}
{"timestamp":"2026-01-20T09:25:21.589Z","runId":108,"level":"debug","phase":"deduplication","table":"spares_used","action":"row_skipped","dedupe_keys":["job_number","lnr"],"dedupe_values":[null,null],"reason":"duplicate_key"}
{"timestamp":"2026-01-20T09:25:21.589Z","runId":108,"level":"debug","phase":"deduplication","table":"spares_used","action":"row_skipped","dedupe_keys":["job_number","lnr"],"dedupe_values":[null,null],"reason":"duplicate_key"}
{"timestamp":"2026-01-20T09:25:21.589Z","runId":108,"level":"debug","phase":"deduplication","table":"spares_used","action":"row_skipped","dedupe_keys":["job_number","lnr"],"dedupe_values":[null,null],"reason":"duplicate_key"}
{"timestamp":"2026-01-20T09:25:21.589Z","runId":108,"level":"debug","phase":"deduplication","table":"spares_used","action":"row_skipped","dedupe_keys":["job_number","lnr"],"dedupe_values":[null,null],"reason":"duplicate_key"}
{"timestamp":"2026-01-20T09:25:21.590Z","runId":108,"level":"debug","phase":"deduplication","table":"spares_used","action":"row_skipped","dedupe_keys":["job_number","lnr"],"dedupe_values":[null,null],"reason":"duplicate_key"}
{"timestamp":"2026-01-20T09:25:21.590Z","runId":108,"level":"debug","phase":"deduplication","table":"spares_used","action":"row_skipped","dedupe_keys":["job_number","lnr"],"dedupe_values":[null,null],"reason":"duplicate_key"}
{"timestamp":"2026-01-20T09:25:21.590Z","runId":108,"level":"debug","phase":"deduplication","table":"spares_used","action":"row_skipped","dedupe_keys":["job_number","lnr"],"dedupe_values":[null,null],"reason":"duplicate_key"}
{"timestamp":"2026-01-20T09:25:21.590Z","runId":108,"level":"debug","phase":"deduplication","table":"spares_used","action":"row_skipped","dedupe_keys":["job_number","lnr"],"dedupe_values":[null,null],"reason":"duplicate_key"}
{"timestamp":"2026-01-20T09:25:21.590Z","runId":108,"level":"debug","phase":"deduplication","table":"spares_used","action":"row_skipped","dedupe_keys":["job_number","lnr"],"dedupe_values":[null,null],"reason":"duplicate_key"}
{"timestamp":"2026-01-20T09:25:21.591Z","runId":108,"level":"debug","phase":"deduplication","table":"spares_used","action":"row_skipped","dedupe_keys":["job_number","lnr"],"dedupe_values":[null,null],"reason":"duplicate_key"}
{"timestamp":"2026-01-20T09:25:21.591Z","runId":108,"level":"debug","phase":"deduplication","table":"spares_used","action":"row_skipped","dedupe_keys":["job_number","lnr"],"dedupe_values":[null,null],"reason":"duplicate_key"}
{"timestamp":"2026-01-20T09:25:21.591Z","runId":108,"level":"debug","phase":"deduplication","table":"spares_used","action":"row_skipped","dedupe_keys":["job_number","lnr"],"dedupe_values":[null,null],"reason":"duplicate_key"}
{"timestamp":"2026-01-20T09:25:21.591Z","runId":108,"level":"debug","phase":"deduplication","table":"spares_used","action":"row_skipped","dedupe_keys":["job_number","lnr"],"dedupe_values":[null,null],"reason":"duplicate_key"}
{"timestamp":"2026-01-20T09:25:21.591Z","runId":108,"level":"debug","phase":"deduplication","table":"spares_used","action":"row_skipped","dedupe_keys":["job_number","lnr"],"dedupe_values":[null,null],"reason":"duplicate_key"}
{"timestamp":"2026-01-20T09:25:21.591Z","runId":108,"level":"debug","phase":"deduplication","table":"spares_used","action":"row_skipped","dedupe_keys":["job_number","lnr"],"dedupe_values":[null,null],"reason":"duplicate_key"}
{"timestamp":"2026-01-20T09:25:21.592Z","runId":108,"level":"debug","phase":"deduplication","table":"spares_used","action":"row_skipped","dedupe_keys":["job_number","lnr"],"dedupe_values":[null,null],"reason":"duplicate_key"}
{"timestamp":"2026-01-20T09:25:21.592Z","runId":108,"level":"debug","phase":"deduplication","table":"spares_used","action":"row_skipped","dedupe_keys":["job_number","lnr"],"dedupe_values":[null,null],"reason":"duplicate_key"}
{"timestamp":"2026-01-20T09:25:21.592Z","runId":108,"level":"debug","phase":"deduplication","table":"spares_used","action":"row_skipped","dedupe_keys":["job_number","lnr"],"dedupe_values":[null,null],"reason":"duplicate_key"}
{"timestamp":"2026-01-20T09:25:21.592Z","runId":108,"level":"debug","phase":"deduplication","table":"spares_used","action":"row_skipped","dedupe_keys":["job_number","lnr"],"dedupe_values":[null,null],"reason":"duplicate_key"}
{"timestamp":"2026-01-20T09:25:21.592Z","runId":108,"level":"debug","phase":"deduplication","table":"spares_used","action":"row_skipped","dedupe_keys":["job_number","lnr"],"dedupe_values":[null,null],"reason":"duplicate_key"}
{"timestamp":"2026-01-20T09:25:21.592Z","runId":108,"level":"debug","phase":"deduplication","table":"spares_used","action":"row_skipped","dedupe_keys":["job_number","lnr"],"dedupe_values":[null,null],"reason":"duplicate_key"}
{"timestamp":"2026-01-20T09:25:21.593Z","runId":108,"level":"debug","phase":"deduplication","table":"spares_used","action":"row_skipped","dedupe_keys":["job_number","lnr"],"dedupe_values":[null,null],"reason":"duplicate_key"}
{"timestamp":"2026-01-20T09:25:21.593Z","runId":108,"level":"debug","phase":"deduplication","table":"spares_used","action":"row_skipped","dedupe_keys":["job_number","lnr"],"dedupe_values":[null,null],"reason":"duplicate_key"}
{"timestamp":"2026-01-20T09:25:21.593Z","runId":108,"level":"debug","phase":"deduplication","table":"spares_used","action":"row_skipped","dedupe_keys":["job_number","lnr"],"dedupe_values":[null,null],"reason":"duplicate_key"}
{"timestamp":"2026-01-20T09:25:21.593Z","runId":108,"level":"debug","phase":"deduplication","table":"spares_used","action":"row_skipped","dedupe_keys":["job_number","lnr"],"dedupe_values":[null,null],"reason":"duplicate_key"}
{"timestamp":"2026-01-20T09:25:21.593Z","runId":108,"level":"debug","phase":"deduplication","table":"spares_used","action":"row_skipped","dedupe_keys":["job_number","lnr"],"dedupe_values":[null,null],"reason":"duplicate_key"}
{"timestamp":"2026-01-20T09:25:21.593Z","runId":108,"level":"debug","phase":"deduplication","table":"spares_used","action":"row_skipped","dedupe_keys":["job_number","lnr"],"dedupe_values":[null,null],"reason":"duplicate_key"}
{"timestamp":"2026-01-20T09:25:21.594Z","runId":108,"level":"debug","phase":"deduplication","table":"spares_used","action":"row_skipped","dedupe_keys":["job_number","lnr"],"dedupe_values":[null,null],"reason":"duplicate_key"}
{"timestamp":"2026-01-20T09:25:21.594Z","runId":108,"level":"debug","phase":"deduplication","table":"spares_used","action":"row_skipped","dedupe_keys":["job_number","lnr"],"dedupe_values":[null,null],"reason":"duplicate_key"}
{"timestamp":"2026-01-20T09:25:21.594Z","runId":108,"level":"debug","phase":"deduplication","table":"spares_used","action":"row_skipped","dedupe_keys":["job_number","lnr"],"dedupe_values":[null,null],"reason":"duplicate_key"}
{"timestamp":"2026-01-20T09:25:21.594Z","runId":108,"level":"debug","phase":"deduplication","table":"spares_used","action":"row_skipped","dedupe_keys":["job_number","lnr"],"dedupe_values":[null,null],"reason":"duplicate_key"}
{"timestamp":"2026-01-20T09:25:21.594Z","runId":108,"level":"debug","phase":"deduplication","table":"spares_used","action":"row_skipped","dedupe_keys":["job_number","lnr"],"dedupe_values":[null,null],"reason":"duplicate_key"}
{"timestamp":"2026-01-20T09:25:21.594Z","runId":108,"level":"debug","phase":"deduplication","table":"spares_used","action":"row_skipped","dedupe_keys":["job_number","lnr"],"dedupe_values":[null,null],"reason":"duplicate_key"}
{"timestamp":"2026-01-20T09:25:21.594Z","runId":108,"level":"debug","phase":"deduplication","table":"spares_used","action":"row_skipped","dedupe_keys":["job_number","lnr"],"dedupe_values":[null,null],"reason":"duplicate_key"}
{"timestamp":"2026-01-20T09:25:21.594Z","runId":108,"level":"debug","phase":"deduplication","table":"spares_used","action":"row_skipped","dedupe_keys":["job_number","lnr"],"dedupe_values":[null,null],"reason":"duplicate_key"}
{"timestamp":"2026-01-20T09:25:21.595Z","runId":108,"level":"debug","phase":"deduplication","table":"spares_used","action":"row_skipped","dedupe_keys":["job_number","lnr"],"dedupe_values":[null,null],"reason":"duplicate_key"}
{"timestamp":"2026-01-20T09:25:21.595Z","runId":108,"level":"debug","phase":"deduplication","table":"spares_used","action":"row_skipped","dedupe_keys":["job_number","lnr"],"dedupe_values":[null,null],"reason":"duplicate_key"}
{"timestamp":"2026-01-20T09:25:21.595Z","runId":108,"level":"debug","phase":"deduplication","table":"spares_used","action":"row_skipped","dedupe_keys":["job_number","lnr"],"dedupe_values":[null,null],"reason":"duplicate_key"}
{"timestamp":"2026-01-20T09:25:21.595Z","runId":108,"level":"debug","phase":"deduplication","table":"spares_used","action":"row_skipped","dedupe_keys":["job_number","lnr"],"dedupe_values":[null,null],"reason":"duplicate_key"}
{"timestamp":"2026-01-20T09:25:21.595Z","runId":108,"level":"debug","phase":"deduplication","table":"spares_used","action":"row_skipped","dedupe_keys":["job_number","lnr"],"dedupe_values":[null,null],"reason":"duplicate_key"}
{"timestamp":"2026-01-20T09:25:21.595Z","runId":108,"level":"debug","phase":"deduplication","table":"spares_used","action":"row_skipped","dedupe_keys":["job_number","lnr"],"dedupe_values":[null,null],"reason":"duplicate_key"}
{"timestamp":"2026-01-20T09:25:21.595Z","runId":108,"level":"debug","phase":"deduplication","table":"spares_used","action":"row_skipped","dedupe_keys":["job_number","lnr"],"dedupe_values":[null,null],"reason":"duplicate_key"}
{"timestamp":"2026-01-20T09:25:21.596Z","runId":108,"level":"debug","phase":"deduplication","table":"spares_used","action":"row_skipped","dedupe_keys":["job_number","lnr"],"dedupe_values":[null,null],"reason":"duplicate_key"}
{"timestamp":"2026-01-20T09:25:21.596Z","runId":108,"level":"debug","phase":"deduplication","table":"spares_used","action":"row_skipped","dedupe_keys":["job_number","lnr"],"dedupe_values":[null,null],"reason":"duplicate_key"}
{"timestamp":"2026-01-20T09:25:21.596Z","runId":108,"level":"debug","phase":"deduplication","table":"spares_used","action":"row_skipped","dedupe_keys":["job_number","lnr"],"dedupe_values":[null,null],"reason":"duplicate_key"}
{"timestamp":"2026-01-20T09:25:21.596Z","runId":108,"level":"debug","phase":"deduplication","table":"spares_used","action":"row_skipped","dedupe_keys":["job_number","lnr"],"dedupe_values":[null,null],"reason":"duplicate_key"}
{"timestamp":"2026-01-20T09:25:21.596Z","runId":108,"level":"debug","phase":"deduplication","table":"spares_used","action":"row_skipped","dedupe_keys":["job_number","lnr"],"dedupe_values":[null,null],"reason":"duplicate_key"}
{"timestamp":"2026-01-20T09:25:21.596Z","runId":108,"level":"debug","phase":"deduplication","table":"spares_used","action":"row_skipped","dedupe_keys":["job_number","lnr"],"dedupe_values":[null,null],"reason":"duplicate_key"}
{"timestamp":"2026-01-20T09:25:21.596Z","runId":108,"level":"debug","phase":"deduplication","table":"spares_used","action":"row_skipped","dedupe_keys":["job_number","lnr"],"dedupe_values":[null,null],"reason":"duplicate_key"}
{"timestamp":"2026-01-20T09:25:21.597Z","runId":108,"level":"debug","phase":"deduplication","table":"spares_used","action":"row_skipped","dedupe_keys":["job_number","lnr"],"dedupe_values":[null,null],"reason":"duplicate_key"}
{"timestamp":"2026-01-20T09:25:21.597Z","runId":108,"level":"debug","phase":"deduplication","table":"spares_used","action":"row_skipped","dedupe_keys":["job_number","lnr"],"dedupe_values":[null,null],"reason":"duplicate_key"}
{"timestamp":"2026-01-20T09:25:21.597Z","runId":108,"level":"debug","phase":"deduplication","table":"spares_used","action":"row_skipped","dedupe_keys":["job_number","lnr"],"dedupe_values":[null,null],"reason":"duplicate_key"}
{"timestamp":"2026-01-20T09:25:21.597Z","runId":108,"level":"debug","phase":"deduplication","table":"spares_used","action":"row_skipped","dedupe_keys":["job_number","lnr"],"dedupe_values":[null,null],"reason":"duplicate_key"}
{"timestamp":"2026-01-20T09:25:21.597Z","runId":108,"level":"debug","phase":"deduplication","table":"spares_used","action":"row_skipped","dedupe_keys":["job_number","lnr"],"dedupe_values":[null,null],"reason":"duplicate_key"}
{"timestamp":"2026-01-20T09:25:21.597Z","runId":108,"level":"debug","phase":"deduplication","table":"spares_used","action":"row_skipped","dedupe_keys":["job_number","lnr"],"dedupe_values":[null,null],"reason":"duplicate_key"}
{"timestamp":"2026-01-20T09:25:21.598Z","runId":108,"level":"debug","phase":"deduplication","table":"spares_used","action":"row_skipped","dedupe_keys":["job_number","lnr"],"dedupe_values":[null,null],"reason":"duplicate_key"}
{"timestamp":"2026-01-20T09:25:21.598Z","runId":108,"level":"debug","phase":"deduplication","table":"spares_used","action":"row_skipped","dedupe_keys":["job_number","lnr"],"dedupe_values":[null,null],"reason":"duplicate_key"}
{"timestamp":"2026-01-20T09:25:21.598Z","runId":108,"level":"debug","phase":"deduplication","table":"spares_used","action":"row_skipped","dedupe_keys":["job_number","lnr"],"dedupe_values":[null,null],"reason":"duplicate_key"}
{"timestamp":"2026-01-20T09:25:21.598Z","runId":108,"level":"debug","phase":"deduplication","table":"spares_used","action":"row_skipped","dedupe_keys":["job_number","lnr"],"dedupe_values":[null,null],"reason":"duplicate_key"}
{"timestamp":"2026-01-20T09:25:21.598Z","runId":108,"level":"debug","phase":"deduplication","table":"spares_used","action":"row_skipped","dedupe_keys":["job_number","lnr"],"dedupe_values":[null,null],"reason":"duplicate_key"}
{"timestamp":"2026-01-20T09:25:21.599Z","runId":108,"level":"debug","phase":"deduplication","table":"spares_used","action":"row_skipped","dedupe_keys":["job_number","lnr"],"dedupe_values":[null,null],"reason":"duplicate_key"}
{"timestamp":"2026-01-20T09:25:21.599Z","runId":108,"level":"debug","phase":"deduplication","table":"spares_used","action":"row_skipped","dedupe_keys":["job_number","lnr"],"dedupe_values":[null,null],"reason":"duplicate_key"}
{"timestamp":"2026-01-20T09:25:21.599Z","runId":108,"level":"debug","phase":"deduplication","table":"spares_used","action":"row_skipped","dedupe_keys":["job_number","lnr"],"dedupe_values":[null,null],"reason":"duplicate_key"}
{"timestamp":"2026-01-20T09:25:21.599Z","runId":108,"level":"debug","phase":"deduplication","table":"spares_used","action":"row_skipped","dedupe_keys":["job_number","lnr"],"dedupe_values":[null,null],"reason":"duplicate_key"}
{"timestamp":"2026-01-20T09:25:21.599Z","runId":108,"level":"debug","phase":"deduplication","table":"spares_used","action":"row_skipped","dedupe_keys":["job_number","lnr"],"dedupe_values":[null,null],"reason":"duplicate_key"}
{"timestamp":"2026-01-20T09:25:21.600Z","runId":108,"level":"debug","phase":"deduplication","table":"spares_used","action":"row_skipped","dedupe_keys":["job_number","lnr"],"dedupe_values":[null,null],"reason":"duplicate_key"}
{"timestamp":"2026-01-20T09:25:21.600Z","runId":108,"level":"debug","phase":"deduplication","table":"spares_used","action":"row_skipped","dedupe_keys":["job_number","lnr"],"dedupe_values":[null,null],"reason":"duplicate_key"}
{"timestamp":"2026-01-20T09:25:21.600Z","runId":108,"level":"debug","phase":"deduplication","table":"spares_used","action":"row_skipped","dedupe_keys":["job_number","lnr"],"dedupe_values":[null,null],"reason":"duplicate_key"}
{"timestamp":"2026-01-20T09:25:21.600Z","runId":108,"level":"debug","phase":"deduplication","table":"spares_used","action":"row_skipped","dedupe_keys":["job_number","lnr"],"dedupe_values":[null,null],"reason":"duplicate_key"}
{"timestamp":"2026-01-20T09:25:21.600Z","runId":108,"level":"debug","phase":"deduplication","table":"spares_used","action":"row_skipped","dedupe_keys":["job_number","lnr"],"dedupe_values":[null,null],"reason":"duplicate_key"}
{"timestamp":"2026-01-20T09:25:21.600Z","runId":108,"level":"debug","phase":"deduplication","table":"spares_used","action":"row_skipped","dedupe_keys":["job_number","lnr"],"dedupe_values":[null,null],"reason":"duplicate_key"}
{"timestamp":"2026-01-20T09:25:21.601Z","runId":108,"level":"debug","phase":"deduplication","table":"spares_used","action":"row_skipped","dedupe_keys":["job_number","lnr"],"dedupe_values":[null,null],"reason":"duplicate_key"}
{"timestamp":"2026-01-20T09:25:21.601Z","runId":108,"level":"debug","phase":"deduplication","table":"spares_used","action":"row_skipped","dedupe_keys":["job_number","lnr"],"dedupe_values":[null,null],"reason":"duplicate_key"}
{"timestamp":"2026-01-20T09:25:21.601Z","runId":108,"level":"debug","phase":"deduplication","table":"spares_used","action":"row_skipped","dedupe_keys":["job_number","lnr"],"dedupe_values":[null,null],"reason":"duplicate_key"}
{"timestamp":"2026-01-20T09:25:21.601Z","runId":108,"level":"debug","phase":"deduplication","table":"spares_used","action":"row_skipped","dedupe_keys":["job_number","lnr"],"dedupe_values":[null,null],"reason":"duplicate_key"}
{"timestamp":"2026-01-20T09:25:21.601Z","runId":108,"level":"debug","phase":"deduplication","table":"spares_used","action":"row_skipped","dedupe_keys":["job_number","lnr"],"dedupe_values":[null,null],"reason":"duplicate_key"}
{"timestamp":"2026-01-20T09:25:21.601Z","runId":108,"level":"debug","phase":"deduplication","table":"spares_used","action":"row_skipped","dedupe_keys":["job_number","lnr"],"dedupe_values":[null,null],"reason":"duplicate_key"}
{"timestamp":"2026-01-20T09:25:21.602Z","runId":108,"level":"debug","phase":"deduplication","table":"spares_used","action":"row_skipped","dedupe_keys":["job_number","lnr"],"dedupe_values":[null,null],"reason":"duplicate_key"}
{"timestamp":"2026-01-20T09:25:21.602Z","runId":108,"level":"debug","phase":"deduplication","table":"spares_used","action":"row_skipped","dedupe_keys":["job_number","lnr"],"dedupe_values":[null,null],"reason":"duplicate_key"}
{"timestamp":"2026-01-20T09:25:21.602Z","runId":108,"level":"debug","phase":"deduplication","table":"spares_used","action":"row_skipped","dedupe_keys":["job_number","lnr"],"dedupe_values":[null,null],"reason":"duplicate_key"}
{"timestamp":"2026-01-20T09:25:21.602Z","runId":108,"level":"debug","phase":"deduplication","table":"spares_used","action":"row_skipped","dedupe_keys":["job_number","lnr"],"dedupe_values":[null,null],"reason":"duplicate_key"}
{"timestamp":"2026-01-20T09:25:21.602Z","runId":108,"level":"debug","phase":"deduplication","table":"spares_used","action":"row_skipped","dedupe_keys":["job_number","lnr"],"dedupe_values":[null,null],"reason":"duplicate_key"}
{"timestamp":"2026-01-20T09:25:21.603Z","runId":108,"level":"debug","phase":"deduplication","table":"spares_used","action":"row_skipped","dedupe_keys":["job_number","lnr"],"dedupe_values":[null,null],"reason":"duplicate_key"}
{"timestamp":"2026-01-20T09:25:21.603Z","runId":108,"level":"debug","phase":"deduplication","table":"spares_used","action":"row_skipped","dedupe_keys":["job_number","lnr"],"dedupe_values":[null,null],"reason":"duplicate_key"}
{"timestamp":"2026-01-20T09:25:21.603Z","runId":108,"level":"debug","phase":"deduplication","table":"spares_used","action":"row_skipped","dedupe_keys":["job_number","lnr"],"dedupe_values":[null,null],"reason":"duplicate_key"}
{"timestamp":"2026-01-20T09:25:21.603Z","runId":108,"level":"debug","phase":"deduplication","table":"spares_used","action":"row_skipped","dedupe_keys":["job_number","lnr"],"dedupe_values":[null,null],"reason":"duplicate_key"}
{"timestamp":"2026-01-20T09:25:21.603Z","runId":108,"level":"debug","phase":"deduplication","table":"spares_used","action":"row_skipped","dedupe_keys":["job_number","lnr"],"dedupe_values":[null,null],"reason":"duplicate_key"}
{"timestamp":"2026-01-20T09:25:21.603Z","runId":108,"level":"debug","phase":"deduplication","table":"spares_used","action":"row_skipped","dedupe_keys":["job_number","lnr"],"dedupe_values":[null,null],"reason":"duplicate_key"}
{"timestamp":"2026-01-20T09:25:21.603Z","runId":108,"level":"debug","phase":"deduplication","table":"spares_used","action":"row_skipped","dedupe_keys":["job_number","lnr"],"dedupe_values":[null,null],"reason":"duplicate_key"}
{"timestamp":"2026-01-20T09:25:21.604Z","runId":108,"level":"debug","phase":"deduplication","table":"spares_used","action":"row_skipped","dedupe_keys":["job_number","lnr"],"dedupe_values":[null,null],"reason":"duplicate_key"}
{"timestamp":"2026-01-20T09:25:21.604Z","runId":108,"level":"debug","phase":"deduplication","table":"spares_used","action":"row_skipped","dedupe_keys":["job_number","lnr"],"dedupe_values":[null,null],"reason":"duplicate_key"}
{"timestamp":"2026-01-20T09:25:21.604Z","runId":108,"level":"debug","phase":"deduplication","table":"spares_used","action":"row_skipped","dedupe_keys":["job_number","lnr"],"dedupe_values":[null,null],"reason":"duplicate_key"}
{"timestamp":"2026-01-20T09:25:21.604Z","runId":108,"level":"debug","phase":"deduplication","table":"spares_used","action":"row_skipped","dedupe_keys":["job_number","lnr"],"dedupe_values":[null,null],"reason":"duplicate_key"}
{"timestamp":"2026-01-20T09:25:21.604Z","runId":108,"level":"debug","phase":"deduplication","table":"spares_used","action":"row_skipped","dedupe_keys":["job_number","lnr"],"dedupe_values":[null,null],"reason":"duplicate_key"}
{"timestamp":"2026-01-20T09:25:21.604Z","runId":108,"level":"debug","phase":"deduplication","table":"spares_used","action":"row_skipped","dedupe_keys":["job_number","lnr"],"dedupe_values":[null,null],"reason":"duplicate_key"}
{"timestamp":"2026-01-20T09:25:21.618Z","runId":108,"level":"debug","phase":"write","tableName":"spares_used","tableRunId":129,"status":"end","inserted":2,"updated":0,"skipped":441,"durationMs":93}
{"timestamp":"2026-01-20T09:25:21.623Z","runId":108,"level":"info","phase":"post_validation","tableName":"spares_used","tableRunId":129,"status":"start"}
{"timestamp":"2026-01-20T09:25:21.691Z","runId":108,"level":"info","phase":"post_migration_validation","table":"spares_used","validation":"checksum","checksums":[{"column":"quantity","firebird_sum":696,"mysql_sum":696,"variance":"0.0000%"},{"column":"cost_price","firebird_sum":115638.89,"mysql_sum":115638.89,"variance":"0.0000%"},{"column":"sales_price","firebird_sum":182370.76,"mysql_sum":182370.76,"variance":"0.0000%"}],"status":"passed"}
{"timestamp":"2026-01-20T09:25:21.692Z","runId":108,"level":"info","phase":"post_migration_validation","table":"spares_used","status":"passed","readRows":443,"inserted":2,"updated":0,"skipped":441,"errors":0,"unaccounted":0}
{"timestamp":"2026-01-20T09:25:21.760Z","runId":108,"level":"info","phase":"post_validation","tableName":"spares_used","tableRunId":129,"validation":"price_check","firebird_nonzero":438,"mysql_total":449,"mysql_zero":3,"mysql_nonzero":438}
{"timestamp":"2026-01-20T09:25:21.761Z","runId":108,"level":"info","phase":"post_validation","tableName":"spares_used","tableRunId":129,"status":"passed"}
{"timestamp":"2026-01-20T09:25:21.771Z","runId":108,"level":"info","phase":"table_finalize","tableName":"spares_used","tableRunId":129,"status":"success","inserted":2,"updated":0,"skipped":441,"errors":0,"durationMs":446}
{"timestamp":"2026-01-20T09:25:21.777Z","runId":108,"level":"info","phase":"run_finalize","status":"success"}
{"timestamp":"2026-01-20T09:25:23.220Z","runId":108,"level":"warn","phase":"progress","status":"client_disconnected"}
