{"timestamp":"2026-01-20T09:26:25.025Z","runId":110,"level":"info","phase":"run_start","dryRun":false,"batchSize":500,"fkChecks":true,"tables":[{"table":"spares_used","mode":"INSERT","keyStrategy":"rekey","dedupeKeys":["spares_id"],"onDuplicate":"SKIP","clean":false}]}
{"timestamp":"2026-01-20T09:26:25.088Z","runId":110,"level":"info","phase":"preflight","attempt":1,"status":"ok"}
{"timestamp":"2026-01-20T09:26:25.089Z","runId":110,"level":"debug","phase":"preflight","durationMs":64}
{"timestamp":"2026-01-20T09:26:25.089Z","runId":110,"level":"info","phase":"preflight","action":"nullability_validation","status":"start"}
{"timestamp":"2026-01-20T09:26:25.091Z","runId":110,"level":"info","phase":"preflight","action":"nullability_validation","status":"passed"}
{"timestamp":"2026-01-20T09:26:25.094Z","runId":110,"level":"info","phase":"progress","status":"client_connected"}
{"timestamp":"2026-01-20T09:26:25.158Z","runId":110,"level":"info","phase":"plan_migrate","table":"spares_used","keyStrategy":"rekey","message":"Set dedupe keys to natural composite: job_number, lnr"}
{"timestamp":"2026-01-20T09:26:25.162Z","runId":110,"level":"info","phase":"preflight","action":"foreign_key_checks_disabled","original_state":true}
{"timestamp":"2026-01-20T09:26:25.345Z","runId":110,"level":"info","phase":"table_start","tableName":"spares_used","tableRunId":130,"mode":"INSERT","keyStrategy":"rekey","dedupeKeys":["job_number","lnr"]}
{"timestamp":"2026-01-20T09:26:25.432Z","runId":110,"level":"info","phase":"fetch","tableName":"spares_used","tableRunId":130,"sourceRows":443}
{"timestamp":"2026-01-20T09:26:25.527Z","runId":110,"level":"debug","phase":"write","tableName":"spares_used","tableRunId":130,"status":"start","batchSize":443}
{"timestamp":"2026-01-20T09:26:25.531Z","runId":110,"level":"debug","phase":"deduplication","table":"spares_used","action":"row_skipped","dedupe_keys":["job_number","lnr"],"dedupe_values":[null,null],"reason":"duplicate_key"}
{"timestamp":"2026-01-20T09:26:25.532Z","runId":110,"level":"debug","phase":"deduplication","table":"spares_used","action":"row_skipped","dedupe_keys":["job_number","lnr"],"dedupe_values":[null,null],"reason":"duplicate_key"}
{"timestamp":"2026-01-20T09:26:25.532Z","runId":110,"level":"debug","phase":"deduplication","table":"spares_used","action":"row_skipped","dedupe_keys":["job_number","lnr"],"dedupe_values":[null,null],"reason":"duplicate_key"}
{"timestamp":"2026-01-20T09:26:25.533Z","runId":110,"level":"debug","phase":"deduplication","table":"spares_used","action":"row_skipped","dedupe_keys":["job_number","lnr"],"dedupe_values":[null,null],"reason":"duplicate_key"}
{"timestamp":"2026-01-20T09:26:25.533Z","runId":110,"level":"debug","phase":"deduplication","table":"spares_used","action":"row_skipped","dedupe_keys":["job_number","lnr"],"dedupe_values":[null,null],"reason":"duplicate_key"}
{"timestamp":"2026-01-20T09:26:25.534Z","runId":110,"level":"debug","phase":"deduplication","table":"spares_used","action":"row_skipped","dedupe_keys":["job_number","lnr"],"dedupe_values":[null,null],"reason":"duplicate_key"}
{"timestamp":"2026-01-20T09:26:25.535Z","runId":110,"level":"debug","phase":"deduplication","table":"spares_used","action":"row_skipped","dedupe_keys":["job_number","lnr"],"dedupe_values":[null,null],"reason":"duplicate_key"}
{"timestamp":"2026-01-20T09:26:25.535Z","runId":110,"level":"debug","phase":"deduplication","table":"spares_used","action":"row_skipped","dedupe_keys":["job_number","lnr"],"dedupe_values":[null,null],"reason":"duplicate_key"}
{"timestamp":"2026-01-20T09:26:25.536Z","runId":110,"level":"debug","phase":"deduplication","table":"spares_used","action":"row_skipped","dedupe_keys":["job_number","lnr"],"dedupe_values":[null,null],"reason":"duplicate_key"}
{"timestamp":"2026-01-20T09:26:25.537Z","runId":110,"level":"debug","phase":"deduplication","table":"spares_used","action":"row_skipped","dedupe_keys":["job_number","lnr"],"dedupe_values":[null,null],"reason":"duplicate_key"}
{"timestamp":"2026-01-20T09:26:25.537Z","runId":110,"level":"debug","phase":"deduplication","table":"spares_used","action":"row_skipped","dedupe_keys":["job_number","lnr"],"dedupe_values":[null,null],"reason":"duplicate_key"}
{"timestamp":"2026-01-20T09:26:25.538Z","runId":110,"level":"debug","phase":"deduplication","table":"spares_used","action":"row_skipped","dedupe_keys":["job_number","lnr"],"dedupe_values":[null,null],"reason":"duplicate_key"}
{"timestamp":"2026-01-20T09:26:25.538Z","runId":110,"level":"debug","phase":"deduplication","table":"spares_used","action":"row_skipped","dedupe_keys":["job_number","lnr"],"dedupe_values":[null,null],"reason":"duplicate_key"}
{"timestamp":"2026-01-20T09:26:25.538Z","runId":110,"level":"debug","phase":"deduplication","table":"spares_used","action":"row_skipped","dedupe_keys":["job_number","lnr"],"dedupe_values":[null,null],"reason":"duplicate_key"}
{"timestamp":"2026-01-20T09:26:25.538Z","runId":110,"level":"debug","phase":"deduplication","table":"spares_used","action":"row_skipped","dedupe_keys":["job_number","lnr"],"dedupe_values":[null,null],"reason":"duplicate_key"}
{"timestamp":"2026-01-20T09:26:25.538Z","runId":110,"level":"debug","phase":"deduplication","table":"spares_used","action":"row_skipped","dedupe_keys":["job_number","lnr"],"dedupe_values":[null,null],"reason":"duplicate_key"}
{"timestamp":"2026-01-20T09:26:25.539Z","runId":110,"level":"debug","phase":"deduplication","table":"spares_used","action":"row_skipped","dedupe_keys":["job_number","lnr"],"dedupe_values":[null,null],"reason":"duplicate_key"}
{"timestamp":"2026-01-20T09:26:25.539Z","runId":110,"level":"debug","phase":"deduplication","table":"spares_used","action":"row_skipped","dedupe_keys":["job_number","lnr"],"dedupe_values":[null,null],"reason":"duplicate_key"}
{"timestamp":"2026-01-20T09:26:25.540Z","runId":110,"level":"debug","phase":"deduplication","table":"spares_used","action":"row_skipped","dedupe_keys":["job_number","lnr"],"dedupe_values":[null,null],"reason":"duplicate_key"}
{"timestamp":"2026-01-20T09:26:25.540Z","runId":110,"level":"debug","phase":"deduplication","table":"spares_used","action":"row_skipped","dedupe_keys":["job_number","lnr"],"dedupe_values":[null,null],"reason":"duplicate_key"}
{"timestamp":"2026-01-20T09:26:25.540Z","runId":110,"level":"debug","phase":"deduplication","table":"spares_used","action":"row_skipped","dedupe_keys":["job_number","lnr"],"dedupe_values":[null,null],"reason":"duplicate_key"}
{"timestamp":"2026-01-20T09:26:25.540Z","runId":110,"level":"debug","phase":"deduplication","table":"spares_used","action":"row_skipped","dedupe_keys":["job_number","lnr"],"dedupe_values":[null,null],"reason":"duplicate_key"}
{"timestamp":"2026-01-20T09:26:25.541Z","runId":110,"level":"debug","phase":"deduplication","table":"spares_used","action":"row_skipped","dedupe_keys":["job_number","lnr"],"dedupe_values":[null,null],"reason":"duplicate_key"}
{"timestamp":"2026-01-20T09:26:25.541Z","runId":110,"level":"debug","phase":"deduplication","table":"spares_used","action":"row_skipped","dedupe_keys":["job_number","lnr"],"dedupe_values":[null,null],"reason":"duplicate_key"}
{"timestamp":"2026-01-20T09:26:25.541Z","runId":110,"level":"debug","phase":"deduplication","table":"spares_used","action":"row_skipped","dedupe_keys":["job_number","lnr"],"dedupe_values":[null,null],"reason":"duplicate_key"}
{"timestamp":"2026-01-20T09:26:25.541Z","runId":110,"level":"debug","phase":"deduplication","table":"spares_used","action":"row_skipped","dedupe_keys":["job_number","lnr"],"dedupe_values":[null,null],"reason":"duplicate_key"}
{"timestamp":"2026-01-20T09:26:25.542Z","runId":110,"level":"debug","phase":"deduplication","table":"spares_used","action":"row_skipped","dedupe_keys":["job_number","lnr"],"dedupe_values":[null,null],"reason":"duplicate_key"}
{"timestamp":"2026-01-20T09:26:25.542Z","runId":110,"level":"debug","phase":"deduplication","table":"spares_used","action":"row_skipped","dedupe_keys":["job_number","lnr"],"dedupe_values":[null,null],"reason":"duplicate_key"}
{"timestamp":"2026-01-20T09:26:25.542Z","runId":110,"level":"debug","phase":"deduplication","table":"spares_used","action":"row_skipped","dedupe_keys":["job_number","lnr"],"dedupe_values":[null,null],"reason":"duplicate_key"}
{"timestamp":"2026-01-20T09:26:25.542Z","runId":110,"level":"debug","phase":"deduplication","table":"spares_used","action":"row_skipped","dedupe_keys":["job_number","lnr"],"dedupe_values":[null,null],"reason":"duplicate_key"}
{"timestamp":"2026-01-20T09:26:25.542Z","runId":110,"level":"debug","phase":"deduplication","table":"spares_used","action":"row_skipped","dedupe_keys":["job_number","lnr"],"dedupe_values":[null,null],"reason":"duplicate_key"}
{"timestamp":"2026-01-20T09:26:25.543Z","runId":110,"level":"debug","phase":"deduplication","table":"spares_used","action":"row_skipped","dedupe_keys":["job_number","lnr"],"dedupe_values":[null,null],"reason":"duplicate_key"}
{"timestamp":"2026-01-20T09:26:25.543Z","runId":110,"level":"debug","phase":"deduplication","table":"spares_used","action":"row_skipped","dedupe_keys":["job_number","lnr"],"dedupe_values":[null,null],"reason":"duplicate_key"}
{"timestamp":"2026-01-20T09:26:25.543Z","runId":110,"level":"debug","phase":"deduplication","table":"spares_used","action":"row_skipped","dedupe_keys":["job_number","lnr"],"dedupe_values":[null,null],"reason":"duplicate_key"}
{"timestamp":"2026-01-20T09:26:25.543Z","runId":110,"level":"debug","phase":"deduplication","table":"spares_used","action":"row_skipped","dedupe_keys":["job_number","lnr"],"dedupe_values":[null,null],"reason":"duplicate_key"}
{"timestamp":"2026-01-20T09:26:25.543Z","runId":110,"level":"debug","phase":"deduplication","table":"spares_used","action":"row_skipped","dedupe_keys":["job_number","lnr"],"dedupe_values":[null,null],"reason":"duplicate_key"}
{"timestamp":"2026-01-20T09:26:25.543Z","runId":110,"level":"debug","phase":"deduplication","table":"spares_used","action":"row_skipped","dedupe_keys":["job_number","lnr"],"dedupe_values":[null,null],"reason":"duplicate_key"}
{"timestamp":"2026-01-20T09:26:25.544Z","runId":110,"level":"debug","phase":"deduplication","table":"spares_used","action":"row_skipped","dedupe_keys":["job_number","lnr"],"dedupe_values":[null,null],"reason":"duplicate_key"}
{"timestamp":"2026-01-20T09:26:25.544Z","runId":110,"level":"debug","phase":"deduplication","table":"spares_used","action":"row_skipped","dedupe_keys":["job_number","lnr"],"dedupe_values":[null,null],"reason":"duplicate_key"}
{"timestamp":"2026-01-20T09:26:25.544Z","runId":110,"level":"debug","phase":"deduplication","table":"spares_used","action":"row_skipped","dedupe_keys":["job_number","lnr"],"dedupe_values":[null,null],"reason":"duplicate_key"}
{"timestamp":"2026-01-20T09:26:25.544Z","runId":110,"level":"debug","phase":"deduplication","table":"spares_used","action":"row_skipped","dedupe_keys":["job_number","lnr"],"dedupe_values":[null,null],"reason":"duplicate_key"}
{"timestamp":"2026-01-20T09:26:25.545Z","runId":110,"level":"debug","phase":"deduplication","table":"spares_used","action":"row_skipped","dedupe_keys":["job_number","lnr"],"dedupe_values":[null,null],"reason":"duplicate_key"}
{"timestamp":"2026-01-20T09:26:25.545Z","runId":110,"level":"debug","phase":"deduplication","table":"spares_used","action":"row_skipped","dedupe_keys":["job_number","lnr"],"dedupe_values":[null,null],"reason":"duplicate_key"}
{"timestamp":"2026-01-20T09:26:25.545Z","runId":110,"level":"debug","phase":"deduplication","table":"spares_used","action":"row_skipped","dedupe_keys":["job_number","lnr"],"dedupe_values":[null,null],"reason":"duplicate_key"}
{"timestamp":"2026-01-20T09:26:25.545Z","runId":110,"level":"debug","phase":"deduplication","table":"spares_used","action":"row_skipped","dedupe_keys":["job_number","lnr"],"dedupe_values":[null,null],"reason":"duplicate_key"}
{"timestamp":"2026-01-20T09:26:25.545Z","runId":110,"level":"debug","phase":"deduplication","table":"spares_used","action":"row_skipped","dedupe_keys":["job_number","lnr"],"dedupe_values":[null,null],"reason":"duplicate_key"}
{"timestamp":"2026-01-20T09:26:25.546Z","runId":110,"level":"debug","phase":"deduplication","table":"spares_used","action":"row_skipped","dedupe_keys":["job_number","lnr"],"dedupe_values":[null,null],"reason":"duplicate_key"}
{"timestamp":"2026-01-20T09:26:25.546Z","runId":110,"level":"debug","phase":"deduplication","table":"spares_used","action":"row_skipped","dedupe_keys":["job_number","lnr"],"dedupe_values":[null,null],"reason":"duplicate_key"}
{"timestamp":"2026-01-20T09:26:25.546Z","runId":110,"level":"debug","phase":"deduplication","table":"spares_used","action":"row_skipped","dedupe_keys":["job_number","lnr"],"dedupe_values":[null,null],"reason":"duplicate_key"}
{"timestamp":"2026-01-20T09:26:25.546Z","runId":110,"level":"debug","phase":"deduplication","table":"spares_used","action":"row_skipped","dedupe_keys":["job_number","lnr"],"dedupe_values":[null,null],"reason":"duplicate_key"}
{"timestamp":"2026-01-20T09:26:25.546Z","runId":110,"level":"debug","phase":"deduplication","table":"spares_used","action":"row_skipped","dedupe_keys":["job_number","lnr"],"dedupe_values":[null,null],"reason":"duplicate_key"}
{"timestamp":"2026-01-20T09:26:25.546Z","runId":110,"level":"debug","phase":"deduplication","table":"spares_used","action":"row_skipped","dedupe_keys":["job_number","lnr"],"dedupe_values":[null,null],"reason":"duplicate_key"}
{"timestamp":"2026-01-20T09:26:25.547Z","runId":110,"level":"debug","phase":"deduplication","table":"spares_used","action":"row_skipped","dedupe_keys":["job_number","lnr"],"dedupe_values":[null,null],"reason":"duplicate_key"}
{"timestamp":"2026-01-20T09:26:25.547Z","runId":110,"level":"debug","phase":"deduplication","table":"spares_used","action":"row_skipped","dedupe_keys":["job_number","lnr"],"dedupe_values":[null,null],"reason":"duplicate_key"}
{"timestamp":"2026-01-20T09:26:25.547Z","runId":110,"level":"debug","phase":"deduplication","table":"spares_used","action":"row_skipped","dedupe_keys":["job_number","lnr"],"dedupe_values":[null,null],"reason":"duplicate_key"}
{"timestamp":"2026-01-20T09:26:25.547Z","runId":110,"level":"debug","phase":"deduplication","table":"spares_used","action":"row_skipped","dedupe_keys":["job_number","lnr"],"dedupe_values":[null,null],"reason":"duplicate_key"}
{"timestamp":"2026-01-20T09:26:25.547Z","runId":110,"level":"debug","phase":"deduplication","table":"spares_used","action":"row_skipped","dedupe_keys":["job_number","lnr"],"dedupe_values":[null,null],"reason":"duplicate_key"}
{"timestamp":"2026-01-20T09:26:25.547Z","runId":110,"level":"debug","phase":"deduplication","table":"spares_used","action":"row_skipped","dedupe_keys":["job_number","lnr"],"dedupe_values":[null,null],"reason":"duplicate_key"}
{"timestamp":"2026-01-20T09:26:25.548Z","runId":110,"level":"debug","phase":"deduplication","table":"spares_used","action":"row_skipped","dedupe_keys":["job_number","lnr"],"dedupe_values":[null,null],"reason":"duplicate_key"}
{"timestamp":"2026-01-20T09:26:25.548Z","runId":110,"level":"debug","phase":"deduplication","table":"spares_used","action":"row_skipped","dedupe_keys":["job_number","lnr"],"dedupe_values":[null,null],"reason":"duplicate_key"}
{"timestamp":"2026-01-20T09:26:25.548Z","runId":110,"level":"debug","phase":"deduplication","table":"spares_used","action":"row_skipped","dedupe_keys":["job_number","lnr"],"dedupe_values":[null,null],"reason":"duplicate_key"}
{"timestamp":"2026-01-20T09:26:25.548Z","runId":110,"level":"debug","phase":"deduplication","table":"spares_used","action":"row_skipped","dedupe_keys":["job_number","lnr"],"dedupe_values":[null,null],"reason":"duplicate_key"}
{"timestamp":"2026-01-20T09:26:25.548Z","runId":110,"level":"debug","phase":"deduplication","table":"spares_used","action":"row_skipped","dedupe_keys":["job_number","lnr"],"dedupe_values":[null,null],"reason":"duplicate_key"}
{"timestamp":"2026-01-20T09:26:25.548Z","runId":110,"level":"debug","phase":"deduplication","table":"spares_used","action":"row_skipped","dedupe_keys":["job_number","lnr"],"dedupe_values":[null,null],"reason":"duplicate_key"}
{"timestamp":"2026-01-20T09:26:25.548Z","runId":110,"level":"debug","phase":"deduplication","table":"spares_used","action":"row_skipped","dedupe_keys":["job_number","lnr"],"dedupe_values":[null,null],"reason":"duplicate_key"}
{"timestamp":"2026-01-20T09:26:25.548Z","runId":110,"level":"debug","phase":"deduplication","table":"spares_used","action":"row_skipped","dedupe_keys":["job_number","lnr"],"dedupe_values":[null,null],"reason":"duplicate_key"}
{"timestamp":"2026-01-20T09:26:25.549Z","runId":110,"level":"debug","phase":"deduplication","table":"spares_used","action":"row_skipped","dedupe_keys":["job_number","lnr"],"dedupe_values":[null,null],"reason":"duplicate_key"}
{"timestamp":"2026-01-20T09:26:25.549Z","runId":110,"level":"debug","phase":"deduplication","table":"spares_used","action":"row_skipped","dedupe_keys":["job_number","lnr"],"dedupe_values":[null,null],"reason":"duplicate_key"}
{"timestamp":"2026-01-20T09:26:25.549Z","runId":110,"level":"debug","phase":"deduplication","table":"spares_used","action":"row_skipped","dedupe_keys":["job_number","lnr"],"dedupe_values":[null,null],"reason":"duplicate_key"}
{"timestamp":"2026-01-20T09:26:25.549Z","runId":110,"level":"debug","phase":"deduplication","table":"spares_used","action":"row_skipped","dedupe_keys":["job_number","lnr"],"dedupe_values":[null,null],"reason":"duplicate_key"}
{"timestamp":"2026-01-20T09:26:25.549Z","runId":110,"level":"debug","phase":"deduplication","table":"spares_used","action":"row_skipped","dedupe_keys":["job_number","lnr"],"dedupe_values":[null,null],"reason":"duplicate_key"}
{"timestamp":"2026-01-20T09:26:25.549Z","runId":110,"level":"debug","phase":"deduplication","table":"spares_used","action":"row_skipped","dedupe_keys":["job_number","lnr"],"dedupe_values":[null,null],"reason":"duplicate_key"}
{"timestamp":"2026-01-20T09:26:25.550Z","runId":110,"level":"debug","phase":"deduplication","table":"spares_used","action":"row_skipped","dedupe_keys":["job_number","lnr"],"dedupe_values":[null,null],"reason":"duplicate_key"}
{"timestamp":"2026-01-20T09:26:25.550Z","runId":110,"level":"debug","phase":"deduplication","table":"spares_used","action":"row_skipped","dedupe_keys":["job_number","lnr"],"dedupe_values":[null,null],"reason":"duplicate_key"}
{"timestamp":"2026-01-20T09:26:25.550Z","runId":110,"level":"debug","phase":"deduplication","table":"spares_used","action":"null_dedupe_keys","dedupe_keys":["job_number","lnr"],"dedupe_values":[null,1],"message":"Row has NULL dedupe key values; inserting without deduplication"}
{"timestamp":"2026-01-20T09:26:25.550Z","runId":110,"level":"debug","phase":"deduplication","table":"spares_used","action":"row_skipped","dedupe_keys":["job_number","lnr"],"dedupe_values":[null,null],"reason":"duplicate_key"}
{"timestamp":"2026-01-20T09:26:25.550Z","runId":110,"level":"debug","phase":"deduplication","table":"spares_used","action":"row_skipped","dedupe_keys":["job_number","lnr"],"dedupe_values":[null,null],"reason":"duplicate_key"}
{"timestamp":"2026-01-20T09:26:25.550Z","runId":110,"level":"debug","phase":"deduplication","table":"spares_used","action":"row_skipped","dedupe_keys":["job_number","lnr"],"dedupe_values":[null,null],"reason":"duplicate_key"}
{"timestamp":"2026-01-20T09:26:25.550Z","runId":110,"level":"debug","phase":"deduplication","table":"spares_used","action":"row_skipped","dedupe_keys":["job_number","lnr"],"dedupe_values":[null,null],"reason":"duplicate_key"}
{"timestamp":"2026-01-20T09:26:25.551Z","runId":110,"level":"debug","phase":"deduplication","table":"spares_used","action":"row_skipped","dedupe_keys":["job_number","lnr"],"dedupe_values":[null,null],"reason":"duplicate_key"}
{"timestamp":"2026-01-20T09:26:25.551Z","runId":110,"level":"debug","phase":"deduplication","table":"spares_used","action":"row_skipped","dedupe_keys":["job_number","lnr"],"dedupe_values":[null,null],"reason":"duplicate_key"}
{"timestamp":"2026-01-20T09:26:25.551Z","runId":110,"level":"debug","phase":"deduplication","table":"spares_used","action":"row_skipped","dedupe_keys":["job_number","lnr"],"dedupe_values":[null,null],"reason":"duplicate_key"}
{"timestamp":"2026-01-20T09:26:25.551Z","runId":110,"level":"debug","phase":"deduplication","table":"spares_used","action":"row_skipped","dedupe_keys":["job_number","lnr"],"dedupe_values":[null,null],"reason":"duplicate_key"}
{"timestamp":"2026-01-20T09:26:25.551Z","runId":110,"level":"debug","phase":"deduplication","table":"spares_used","action":"row_skipped","dedupe_keys":["job_number","lnr"],"dedupe_values":[null,null],"reason":"duplicate_key"}
{"timestamp":"2026-01-20T09:26:25.552Z","runId":110,"level":"debug","phase":"deduplication","table":"spares_used","action":"row_skipped","dedupe_keys":["job_number","lnr"],"dedupe_values":[null,null],"reason":"duplicate_key"}
{"timestamp":"2026-01-20T09:26:25.552Z","runId":110,"level":"debug","phase":"deduplication","table":"spares_used","action":"row_skipped","dedupe_keys":["job_number","lnr"],"dedupe_values":[null,null],"reason":"duplicate_key"}
{"timestamp":"2026-01-20T09:26:25.552Z","runId":110,"level":"debug","phase":"deduplication","table":"spares_used","action":"row_skipped","dedupe_keys":["job_number","lnr"],"dedupe_values":[null,null],"reason":"duplicate_key"}
{"timestamp":"2026-01-20T09:26:25.552Z","runId":110,"level":"debug","phase":"deduplication","table":"spares_used","action":"row_skipped","dedupe_keys":["job_number","lnr"],"dedupe_values":[null,null],"reason":"duplicate_key"}
{"timestamp":"2026-01-20T09:26:25.553Z","runId":110,"level":"debug","phase":"deduplication","table":"spares_used","action":"row_skipped","dedupe_keys":["job_number","lnr"],"dedupe_values":[null,null],"reason":"duplicate_key"}
{"timestamp":"2026-01-20T09:26:25.553Z","runId":110,"level":"debug","phase":"deduplication","table":"spares_used","action":"row_skipped","dedupe_keys":["job_number","lnr"],"dedupe_values":[null,null],"reason":"duplicate_key"}
{"timestamp":"2026-01-20T09:26:25.553Z","runId":110,"level":"debug","phase":"deduplication","table":"spares_used","action":"row_skipped","dedupe_keys":["job_number","lnr"],"dedupe_values":[null,null],"reason":"duplicate_key"}
{"timestamp":"2026-01-20T09:26:25.553Z","runId":110,"level":"debug","phase":"deduplication","table":"spares_used","action":"row_skipped","dedupe_keys":["job_number","lnr"],"dedupe_values":[null,null],"reason":"duplicate_key"}
{"timestamp":"2026-01-20T09:26:25.554Z","runId":110,"level":"debug","phase":"deduplication","table":"spares_used","action":"row_skipped","dedupe_keys":["job_number","lnr"],"dedupe_values":[null,null],"reason":"duplicate_key"}
{"timestamp":"2026-01-20T09:26:25.554Z","runId":110,"level":"debug","phase":"deduplication","table":"spares_used","action":"row_skipped","dedupe_keys":["job_number","lnr"],"dedupe_values":[null,null],"reason":"duplicate_key"}
{"timestamp":"2026-01-20T09:26:25.554Z","runId":110,"level":"debug","phase":"deduplication","table":"spares_used","action":"row_skipped","dedupe_keys":["job_number","lnr"],"dedupe_values":[null,null],"reason":"duplicate_key"}
{"timestamp":"2026-01-20T09:26:25.554Z","runId":110,"level":"debug","phase":"deduplication","table":"spares_used","action":"row_skipped","dedupe_keys":["job_number","lnr"],"dedupe_values":[null,null],"reason":"duplicate_key"}
{"timestamp":"2026-01-20T09:26:25.554Z","runId":110,"level":"debug","phase":"deduplication","table":"spares_used","action":"row_skipped","dedupe_keys":["job_number","lnr"],"dedupe_values":[null,null],"reason":"duplicate_key"}
{"timestamp":"2026-01-20T09:26:25.555Z","runId":110,"level":"debug","phase":"deduplication","table":"spares_used","action":"row_skipped","dedupe_keys":["job_number","lnr"],"dedupe_values":[null,null],"reason":"duplicate_key"}
{"timestamp":"2026-01-20T09:26:25.555Z","runId":110,"level":"debug","phase":"deduplication","table":"spares_used","action":"row_skipped","dedupe_keys":["job_number","lnr"],"dedupe_values":[null,null],"reason":"duplicate_key"}
{"timestamp":"2026-01-20T09:26:25.555Z","runId":110,"level":"debug","phase":"deduplication","table":"spares_used","action":"row_skipped","dedupe_keys":["job_number","lnr"],"dedupe_values":[null,null],"reason":"duplicate_key"}
{"timestamp":"2026-01-20T09:26:25.555Z","runId":110,"level":"debug","phase":"deduplication","table":"spares_used","action":"row_skipped","dedupe_keys":["job_number","lnr"],"dedupe_values":[null,null],"reason":"duplicate_key"}
{"timestamp":"2026-01-20T09:26:25.555Z","runId":110,"level":"debug","phase":"deduplication","table":"spares_used","action":"row_skipped","dedupe_keys":["job_number","lnr"],"dedupe_values":[null,null],"reason":"duplicate_key"}
{"timestamp":"2026-01-20T09:26:25.555Z","runId":110,"level":"debug","phase":"deduplication","table":"spares_used","action":"row_skipped","dedupe_keys":["job_number","lnr"],"dedupe_values":[null,null],"reason":"duplicate_key"}
{"timestamp":"2026-01-20T09:26:25.556Z","runId":110,"level":"debug","phase":"deduplication","table":"spares_used","action":"row_skipped","dedupe_keys":["job_number","lnr"],"dedupe_values":[null,null],"reason":"duplicate_key"}
{"timestamp":"2026-01-20T09:26:25.556Z","runId":110,"level":"debug","phase":"deduplication","table":"spares_used","action":"row_skipped","dedupe_keys":["job_number","lnr"],"dedupe_values":[null,null],"reason":"duplicate_key"}
{"timestamp":"2026-01-20T09:26:25.556Z","runId":110,"level":"debug","phase":"deduplication","table":"spares_used","action":"row_skipped","dedupe_keys":["job_number","lnr"],"dedupe_values":[null,null],"reason":"duplicate_key"}
{"timestamp":"2026-01-20T09:26:25.556Z","runId":110,"level":"debug","phase":"deduplication","table":"spares_used","action":"row_skipped","dedupe_keys":["job_number","lnr"],"dedupe_values":[null,null],"reason":"duplicate_key"}
{"timestamp":"2026-01-20T09:26:25.556Z","runId":110,"level":"debug","phase":"deduplication","table":"spares_used","action":"row_skipped","dedupe_keys":["job_number","lnr"],"dedupe_values":[null,null],"reason":"duplicate_key"}
{"timestamp":"2026-01-20T09:26:25.556Z","runId":110,"level":"debug","phase":"deduplication","table":"spares_used","action":"row_skipped","dedupe_keys":["job_number","lnr"],"dedupe_values":[null,null],"reason":"duplicate_key"}
{"timestamp":"2026-01-20T09:26:25.557Z","runId":110,"level":"debug","phase":"deduplication","table":"spares_used","action":"row_skipped","dedupe_keys":["job_number","lnr"],"dedupe_values":[null,null],"reason":"duplicate_key"}
{"timestamp":"2026-01-20T09:26:25.557Z","runId":110,"level":"debug","phase":"deduplication","table":"spares_used","action":"row_skipped","dedupe_keys":["job_number","lnr"],"dedupe_values":[null,null],"reason":"duplicate_key"}
{"timestamp":"2026-01-20T09:26:25.557Z","runId":110,"level":"debug","phase":"deduplication","table":"spares_used","action":"row_skipped","dedupe_keys":["job_number","lnr"],"dedupe_values":[null,null],"reason":"duplicate_key"}
{"timestamp":"2026-01-20T09:26:25.557Z","runId":110,"level":"debug","phase":"deduplication","table":"spares_used","action":"row_skipped","dedupe_keys":["job_number","lnr"],"dedupe_values":[null,null],"reason":"duplicate_key"}
{"timestamp":"2026-01-20T09:26:25.557Z","runId":110,"level":"debug","phase":"deduplication","table":"spares_used","action":"row_skipped","dedupe_keys":["job_number","lnr"],"dedupe_values":[null,null],"reason":"duplicate_key"}
{"timestamp":"2026-01-20T09:26:25.557Z","runId":110,"level":"debug","phase":"deduplication","table":"spares_used","action":"row_skipped","dedupe_keys":["job_number","lnr"],"dedupe_values":[null,null],"reason":"duplicate_key"}
{"timestamp":"2026-01-20T09:26:25.558Z","runId":110,"level":"debug","phase":"deduplication","table":"spares_used","action":"row_skipped","dedupe_keys":["job_number","lnr"],"dedupe_values":[null,null],"reason":"duplicate_key"}
{"timestamp":"2026-01-20T09:26:25.558Z","runId":110,"level":"debug","phase":"deduplication","table":"spares_used","action":"row_skipped","dedupe_keys":["job_number","lnr"],"dedupe_values":[null,null],"reason":"duplicate_key"}
{"timestamp":"2026-01-20T09:26:25.558Z","runId":110,"level":"debug","phase":"deduplication","table":"spares_used","action":"row_skipped","dedupe_keys":["job_number","lnr"],"dedupe_values":[null,null],"reason":"duplicate_key"}
{"timestamp":"2026-01-20T09:26:25.558Z","runId":110,"level":"debug","phase":"deduplication","table":"spares_used","action":"row_skipped","dedupe_keys":["job_number","lnr"],"dedupe_values":[null,null],"reason":"duplicate_key"}
{"timestamp":"2026-01-20T09:26:25.558Z","runId":110,"level":"debug","phase":"deduplication","table":"spares_used","action":"row_skipped","dedupe_keys":["job_number","lnr"],"dedupe_values":[null,null],"reason":"duplicate_key"}
{"timestamp":"2026-01-20T09:26:25.558Z","runId":110,"level":"debug","phase":"deduplication","table":"spares_used","action":"row_skipped","dedupe_keys":["job_number","lnr"],"dedupe_values":[null,null],"reason":"duplicate_key"}
{"timestamp":"2026-01-20T09:26:25.558Z","runId":110,"level":"debug","phase":"deduplication","table":"spares_used","action":"row_skipped","dedupe_keys":["job_number","lnr"],"dedupe_values":[null,null],"reason":"duplicate_key"}
{"timestamp":"2026-01-20T09:26:25.559Z","runId":110,"level":"debug","phase":"deduplication","table":"spares_used","action":"row_skipped","dedupe_keys":["job_number","lnr"],"dedupe_values":[null,null],"reason":"duplicate_key"}
{"timestamp":"2026-01-20T09:26:25.559Z","runId":110,"level":"debug","phase":"deduplication","table":"spares_used","action":"row_skipped","dedupe_keys":["job_number","lnr"],"dedupe_values":[null,null],"reason":"duplicate_key"}
{"timestamp":"2026-01-20T09:26:25.559Z","runId":110,"level":"debug","phase":"deduplication","table":"spares_used","action":"row_skipped","dedupe_keys":["job_number","lnr"],"dedupe_values":[null,null],"reason":"duplicate_key"}
{"timestamp":"2026-01-20T09:26:25.559Z","runId":110,"level":"debug","phase":"deduplication","table":"spares_used","action":"row_skipped","dedupe_keys":["job_number","lnr"],"dedupe_values":[null,null],"reason":"duplicate_key"}
{"timestamp":"2026-01-20T09:26:25.559Z","runId":110,"level":"debug","phase":"deduplication","table":"spares_used","action":"row_skipped","dedupe_keys":["job_number","lnr"],"dedupe_values":[null,null],"reason":"duplicate_key"}
{"timestamp":"2026-01-20T09:26:25.559Z","runId":110,"level":"debug","phase":"deduplication","table":"spares_used","action":"row_skipped","dedupe_keys":["job_number","lnr"],"dedupe_values":[null,null],"reason":"duplicate_key"}
{"timestamp":"2026-01-20T09:26:25.559Z","runId":110,"level":"debug","phase":"deduplication","table":"spares_used","action":"row_skipped","dedupe_keys":["job_number","lnr"],"dedupe_values":[null,null],"reason":"duplicate_key"}
{"timestamp":"2026-01-20T09:26:25.560Z","runId":110,"level":"debug","phase":"deduplication","table":"spares_used","action":"row_skipped","dedupe_keys":["job_number","lnr"],"dedupe_values":[null,null],"reason":"duplicate_key"}
{"timestamp":"2026-01-20T09:26:25.560Z","runId":110,"level":"debug","phase":"deduplication","table":"spares_used","action":"row_skipped","dedupe_keys":["job_number","lnr"],"dedupe_values":[null,null],"reason":"duplicate_key"}
{"timestamp":"2026-01-20T09:26:25.560Z","runId":110,"level":"debug","phase":"deduplication","table":"spares_used","action":"row_skipped","dedupe_keys":["job_number","lnr"],"dedupe_values":[null,null],"reason":"duplicate_key"}
{"timestamp":"2026-01-20T09:26:25.560Z","runId":110,"level":"debug","phase":"deduplication","table":"spares_used","action":"row_skipped","dedupe_keys":["job_number","lnr"],"dedupe_values":[null,null],"reason":"duplicate_key"}
{"timestamp":"2026-01-20T09:26:25.560Z","runId":110,"level":"debug","phase":"deduplication","table":"spares_used","action":"row_skipped","dedupe_keys":["job_number","lnr"],"dedupe_values":[null,null],"reason":"duplicate_key"}
{"timestamp":"2026-01-20T09:26:25.560Z","runId":110,"level":"debug","phase":"deduplication","table":"spares_used","action":"row_skipped","dedupe_keys":["job_number","lnr"],"dedupe_values":[null,null],"reason":"duplicate_key"}
{"timestamp":"2026-01-20T09:26:25.560Z","runId":110,"level":"debug","phase":"deduplication","table":"spares_used","action":"row_skipped","dedupe_keys":["job_number","lnr"],"dedupe_values":[null,null],"reason":"duplicate_key"}
{"timestamp":"2026-01-20T09:26:25.561Z","runId":110,"level":"debug","phase":"deduplication","table":"spares_used","action":"row_skipped","dedupe_keys":["job_number","lnr"],"dedupe_values":[null,null],"reason":"duplicate_key"}
{"timestamp":"2026-01-20T09:26:25.561Z","runId":110,"level":"debug","phase":"deduplication","table":"spares_used","action":"row_skipped","dedupe_keys":["job_number","lnr"],"dedupe_values":[null,null],"reason":"duplicate_key"}
{"timestamp":"2026-01-20T09:26:25.561Z","runId":110,"level":"debug","phase":"deduplication","table":"spares_used","action":"row_skipped","dedupe_keys":["job_number","lnr"],"dedupe_values":[null,null],"reason":"duplicate_key"}
{"timestamp":"2026-01-20T09:26:25.561Z","runId":110,"level":"debug","phase":"deduplication","table":"spares_used","action":"row_skipped","dedupe_keys":["job_number","lnr"],"dedupe_values":[null,null],"reason":"duplicate_key"}
{"timestamp":"2026-01-20T09:26:25.561Z","runId":110,"level":"debug","phase":"deduplication","table":"spares_used","action":"row_skipped","dedupe_keys":["job_number","lnr"],"dedupe_values":[null,null],"reason":"duplicate_key"}
{"timestamp":"2026-01-20T09:26:25.561Z","runId":110,"level":"debug","phase":"deduplication","table":"spares_used","action":"row_skipped","dedupe_keys":["job_number","lnr"],"dedupe_values":[null,null],"reason":"duplicate_key"}
{"timestamp":"2026-01-20T09:26:25.562Z","runId":110,"level":"debug","phase":"deduplication","table":"spares_used","action":"row_skipped","dedupe_keys":["job_number","lnr"],"dedupe_values":[null,null],"reason":"duplicate_key"}
{"timestamp":"2026-01-20T09:26:25.562Z","runId":110,"level":"debug","phase":"deduplication","table":"spares_used","action":"row_skipped","dedupe_keys":["job_number","lnr"],"dedupe_values":[null,null],"reason":"duplicate_key"}
{"timestamp":"2026-01-20T09:26:25.562Z","runId":110,"level":"debug","phase":"deduplication","table":"spares_used","action":"row_skipped","dedupe_keys":["job_number","lnr"],"dedupe_values":[null,null],"reason":"duplicate_key"}
{"timestamp":"2026-01-20T09:26:25.562Z","runId":110,"level":"debug","phase":"deduplication","table":"spares_used","action":"row_skipped","dedupe_keys":["job_number","lnr"],"dedupe_values":[null,null],"reason":"duplicate_key"}
{"timestamp":"2026-01-20T09:26:25.562Z","runId":110,"level":"debug","phase":"deduplication","table":"spares_used","action":"row_skipped","dedupe_keys":["job_number","lnr"],"dedupe_values":[null,null],"reason":"duplicate_key"}
{"timestamp":"2026-01-20T09:26:25.562Z","runId":110,"level":"debug","phase":"deduplication","table":"spares_used","action":"row_skipped","dedupe_keys":["job_number","lnr"],"dedupe_values":[null,null],"reason":"duplicate_key"}
{"timestamp":"2026-01-20T09:26:25.562Z","runId":110,"level":"debug","phase":"deduplication","table":"spares_used","action":"row_skipped","dedupe_keys":["job_number","lnr"],"dedupe_values":[null,null],"reason":"duplicate_key"}
{"timestamp":"2026-01-20T09:26:25.563Z","runId":110,"level":"debug","phase":"deduplication","table":"spares_used","action":"row_skipped","dedupe_keys":["job_number","lnr"],"dedupe_values":[null,null],"reason":"duplicate_key"}
{"timestamp":"2026-01-20T09:26:25.563Z","runId":110,"level":"debug","phase":"deduplication","table":"spares_used","action":"row_skipped","dedupe_keys":["job_number","lnr"],"dedupe_values":[null,null],"reason":"duplicate_key"}
{"timestamp":"2026-01-20T09:26:25.563Z","runId":110,"level":"debug","phase":"deduplication","table":"spares_used","action":"row_skipped","dedupe_keys":["job_number","lnr"],"dedupe_values":[null,null],"reason":"duplicate_key"}
{"timestamp":"2026-01-20T09:26:25.563Z","runId":110,"level":"debug","phase":"deduplication","table":"spares_used","action":"row_skipped","dedupe_keys":["job_number","lnr"],"dedupe_values":[null,null],"reason":"duplicate_key"}
{"timestamp":"2026-01-20T09:26:25.563Z","runId":110,"level":"debug","phase":"deduplication","table":"spares_used","action":"row_skipped","dedupe_keys":["job_number","lnr"],"dedupe_values":[null,null],"reason":"duplicate_key"}
{"timestamp":"2026-01-20T09:26:25.563Z","runId":110,"level":"debug","phase":"deduplication","table":"spares_used","action":"row_skipped","dedupe_keys":["job_number","lnr"],"dedupe_values":[null,null],"reason":"duplicate_key"}
{"timestamp":"2026-01-20T09:26:25.563Z","runId":110,"level":"debug","phase":"deduplication","table":"spares_used","action":"row_skipped","dedupe_keys":["job_number","lnr"],"dedupe_values":[null,null],"reason":"duplicate_key"}
{"timestamp":"2026-01-20T09:26:25.564Z","runId":110,"level":"debug","phase":"deduplication","table":"spares_used","action":"row_skipped","dedupe_keys":["job_number","lnr"],"dedupe_values":[null,null],"reason":"duplicate_key"}
{"timestamp":"2026-01-20T09:26:25.564Z","runId":110,"level":"debug","phase":"deduplication","table":"spares_used","action":"row_skipped","dedupe_keys":["job_number","lnr"],"dedupe_values":[null,null],"reason":"duplicate_key"}
{"timestamp":"2026-01-20T09:26:25.564Z","runId":110,"level":"debug","phase":"deduplication","table":"spares_used","action":"row_skipped","dedupe_keys":["job_number","lnr"],"dedupe_values":[null,null],"reason":"duplicate_key"}
{"timestamp":"2026-01-20T09:26:25.564Z","runId":110,"level":"debug","phase":"deduplication","table":"spares_used","action":"row_skipped","dedupe_keys":["job_number","lnr"],"dedupe_values":[null,null],"reason":"duplicate_key"}
{"timestamp":"2026-01-20T09:26:25.564Z","runId":110,"level":"debug","phase":"deduplication","table":"spares_used","action":"row_skipped","dedupe_keys":["job_number","lnr"],"dedupe_values":[null,null],"reason":"duplicate_key"}
{"timestamp":"2026-01-20T09:26:25.565Z","runId":110,"level":"debug","phase":"deduplication","table":"spares_used","action":"row_skipped","dedupe_keys":["job_number","lnr"],"dedupe_values":[null,null],"reason":"duplicate_key"}
{"timestamp":"2026-01-20T09:26:25.565Z","runId":110,"level":"debug","phase":"deduplication","table":"spares_used","action":"null_dedupe_keys","dedupe_keys":["job_number","lnr"],"dedupe_values":[null,null],"message":"Row has NULL dedupe key values; inserting without deduplication"}
{"timestamp":"2026-01-20T09:26:25.565Z","runId":110,"level":"debug","phase":"deduplication","table":"spares_used","action":"row_skipped","dedupe_keys":["job_number","lnr"],"dedupe_values":[null,null],"reason":"duplicate_key"}
{"timestamp":"2026-01-20T09:26:25.565Z","runId":110,"level":"debug","phase":"deduplication","table":"spares_used","action":"row_skipped","dedupe_keys":["job_number","lnr"],"dedupe_values":[null,null],"reason":"duplicate_key"}
{"timestamp":"2026-01-20T09:26:25.565Z","runId":110,"level":"debug","phase":"deduplication","table":"spares_used","action":"row_skipped","dedupe_keys":["job_number","lnr"],"dedupe_values":[null,null],"reason":"duplicate_key"}
{"timestamp":"2026-01-20T09:26:25.565Z","runId":110,"level":"debug","phase":"deduplication","table":"spares_used","action":"row_skipped","dedupe_keys":["job_number","lnr"],"dedupe_values":[null,null],"reason":"duplicate_key"}
{"timestamp":"2026-01-20T09:26:25.565Z","runId":110,"level":"debug","phase":"deduplication","table":"spares_used","action":"row_skipped","dedupe_keys":["job_number","lnr"],"dedupe_values":[null,null],"reason":"duplicate_key"}
{"timestamp":"2026-01-20T09:26:25.566Z","runId":110,"level":"debug","phase":"deduplication","table":"spares_used","action":"row_skipped","dedupe_keys":["job_number","lnr"],"dedupe_values":[null,null],"reason":"duplicate_key"}
{"timestamp":"2026-01-20T09:26:25.566Z","runId":110,"level":"debug","phase":"deduplication","table":"spares_used","action":"row_skipped","dedupe_keys":["job_number","lnr"],"dedupe_values":[null,null],"reason":"duplicate_key"}
{"timestamp":"2026-01-20T09:26:25.566Z","runId":110,"level":"debug","phase":"deduplication","table":"spares_used","action":"row_skipped","dedupe_keys":["job_number","lnr"],"dedupe_values":[null,null],"reason":"duplicate_key"}
{"timestamp":"2026-01-20T09:26:25.566Z","runId":110,"level":"debug","phase":"deduplication","table":"spares_used","action":"row_skipped","dedupe_keys":["job_number","lnr"],"dedupe_values":[null,null],"reason":"duplicate_key"}
{"timestamp":"2026-01-20T09:26:25.566Z","runId":110,"level":"debug","phase":"deduplication","table":"spares_used","action":"row_skipped","dedupe_keys":["job_number","lnr"],"dedupe_values":[null,null],"reason":"duplicate_key"}
{"timestamp":"2026-01-20T09:26:25.566Z","runId":110,"level":"debug","phase":"deduplication","table":"spares_used","action":"row_skipped","dedupe_keys":["job_number","lnr"],"dedupe_values":[null,null],"reason":"duplicate_key"}
{"timestamp":"2026-01-20T09:26:25.566Z","runId":110,"level":"debug","phase":"deduplication","table":"spares_used","action":"row_skipped","dedupe_keys":["job_number","lnr"],"dedupe_values":[null,null],"reason":"duplicate_key"}
{"timestamp":"2026-01-20T09:26:25.566Z","runId":110,"level":"debug","phase":"deduplication","table":"spares_used","action":"row_skipped","dedupe_keys":["job_number","lnr"],"dedupe_values":[null,null],"reason":"duplicate_key"}
{"timestamp":"2026-01-20T09:26:25.566Z","runId":110,"level":"debug","phase":"deduplication","table":"spares_used","action":"row_skipped","dedupe_keys":["job_number","lnr"],"dedupe_values":[null,null],"reason":"duplicate_key"}
{"timestamp":"2026-01-20T09:26:25.567Z","runId":110,"level":"debug","phase":"deduplication","table":"spares_used","action":"row_skipped","dedupe_keys":["job_number","lnr"],"dedupe_values":[null,null],"reason":"duplicate_key"}
{"timestamp":"2026-01-20T09:26:25.567Z","runId":110,"level":"debug","phase":"deduplication","table":"spares_used","action":"row_skipped","dedupe_keys":["job_number","lnr"],"dedupe_values":[null,null],"reason":"duplicate_key"}
{"timestamp":"2026-01-20T09:26:25.567Z","runId":110,"level":"debug","phase":"deduplication","table":"spares_used","action":"row_skipped","dedupe_keys":["job_number","lnr"],"dedupe_values":[null,null],"reason":"duplicate_key"}
{"timestamp":"2026-01-20T09:26:25.567Z","runId":110,"level":"debug","phase":"deduplication","table":"spares_used","action":"row_skipped","dedupe_keys":["job_number","lnr"],"dedupe_values":[null,null],"reason":"duplicate_key"}
{"timestamp":"2026-01-20T09:26:25.567Z","runId":110,"level":"debug","phase":"deduplication","table":"spares_used","action":"row_skipped","dedupe_keys":["job_number","lnr"],"dedupe_values":[null,null],"reason":"duplicate_key"}
{"timestamp":"2026-01-20T09:26:25.567Z","runId":110,"level":"debug","phase":"deduplication","table":"spares_used","action":"row_skipped","dedupe_keys":["job_number","lnr"],"dedupe_values":[null,null],"reason":"duplicate_key"}
{"timestamp":"2026-01-20T09:26:25.567Z","runId":110,"level":"debug","phase":"deduplication","table":"spares_used","action":"row_skipped","dedupe_keys":["job_number","lnr"],"dedupe_values":[null,null],"reason":"duplicate_key"}
{"timestamp":"2026-01-20T09:26:25.567Z","runId":110,"level":"debug","phase":"deduplication","table":"spares_used","action":"row_skipped","dedupe_keys":["job_number","lnr"],"dedupe_values":[null,null],"reason":"duplicate_key"}
{"timestamp":"2026-01-20T09:26:25.568Z","runId":110,"level":"debug","phase":"deduplication","table":"spares_used","action":"row_skipped","dedupe_keys":["job_number","lnr"],"dedupe_values":[null,null],"reason":"duplicate_key"}
{"timestamp":"2026-01-20T09:26:25.568Z","runId":110,"level":"debug","phase":"deduplication","table":"spares_used","action":"row_skipped","dedupe_keys":["job_number","lnr"],"dedupe_values":[null,null],"reason":"duplicate_key"}
{"timestamp":"2026-01-20T09:26:25.568Z","runId":110,"level":"debug","phase":"deduplication","table":"spares_used","action":"row_skipped","dedupe_keys":["job_number","lnr"],"dedupe_values":[null,null],"reason":"duplicate_key"}
{"timestamp":"2026-01-20T09:26:25.568Z","runId":110,"level":"debug","phase":"deduplication","table":"spares_used","action":"row_skipped","dedupe_keys":["job_number","lnr"],"dedupe_values":[null,null],"reason":"duplicate_key"}
{"timestamp":"2026-01-20T09:26:25.568Z","runId":110,"level":"debug","phase":"deduplication","table":"spares_used","action":"row_skipped","dedupe_keys":["job_number","lnr"],"dedupe_values":[null,null],"reason":"duplicate_key"}
{"timestamp":"2026-01-20T09:26:25.568Z","runId":110,"level":"debug","phase":"deduplication","table":"spares_used","action":"row_skipped","dedupe_keys":["job_number","lnr"],"dedupe_values":[null,null],"reason":"duplicate_key"}
{"timestamp":"2026-01-20T09:26:25.569Z","runId":110,"level":"debug","phase":"deduplication","table":"spares_used","action":"row_skipped","dedupe_keys":["job_number","lnr"],"dedupe_values":[null,null],"reason":"duplicate_key"}
{"timestamp":"2026-01-20T09:26:25.569Z","runId":110,"level":"debug","phase":"deduplication","table":"spares_used","action":"row_skipped","dedupe_keys":["job_number","lnr"],"dedupe_values":[null,null],"reason":"duplicate_key"}
{"timestamp":"2026-01-20T09:26:25.569Z","runId":110,"level":"debug","phase":"deduplication","table":"spares_used","action":"row_skipped","dedupe_keys":["job_number","lnr"],"dedupe_values":[null,null],"reason":"duplicate_key"}
{"timestamp":"2026-01-20T09:26:25.569Z","runId":110,"level":"debug","phase":"deduplication","table":"spares_used","action":"row_skipped","dedupe_keys":["job_number","lnr"],"dedupe_values":[null,null],"reason":"duplicate_key"}
{"timestamp":"2026-01-20T09:26:25.569Z","runId":110,"level":"debug","phase":"deduplication","table":"spares_used","action":"row_skipped","dedupe_keys":["job_number","lnr"],"dedupe_values":[null,null],"reason":"duplicate_key"}
{"timestamp":"2026-01-20T09:26:25.569Z","runId":110,"level":"debug","phase":"deduplication","table":"spares_used","action":"row_skipped","dedupe_keys":["job_number","lnr"],"dedupe_values":[null,null],"reason":"duplicate_key"}
{"timestamp":"2026-01-20T09:26:25.569Z","runId":110,"level":"debug","phase":"deduplication","table":"spares_used","action":"row_skipped","dedupe_keys":["job_number","lnr"],"dedupe_values":[null,null],"reason":"duplicate_key"}
{"timestamp":"2026-01-20T09:26:25.570Z","runId":110,"level":"debug","phase":"deduplication","table":"spares_used","action":"row_skipped","dedupe_keys":["job_number","lnr"],"dedupe_values":[null,null],"reason":"duplicate_key"}
{"timestamp":"2026-01-20T09:26:25.570Z","runId":110,"level":"debug","phase":"deduplication","table":"spares_used","action":"row_skipped","dedupe_keys":["job_number","lnr"],"dedupe_values":[null,null],"reason":"duplicate_key"}
{"timestamp":"2026-01-20T09:26:25.570Z","runId":110,"level":"debug","phase":"deduplication","table":"spares_used","action":"row_skipped","dedupe_keys":["job_number","lnr"],"dedupe_values":[null,null],"reason":"duplicate_key"}
{"timestamp":"2026-01-20T09:26:25.570Z","runId":110,"level":"debug","phase":"deduplication","table":"spares_used","action":"row_skipped","dedupe_keys":["job_number","lnr"],"dedupe_values":[null,null],"reason":"duplicate_key"}
{"timestamp":"2026-01-20T09:26:25.570Z","runId":110,"level":"debug","phase":"deduplication","table":"spares_used","action":"row_skipped","dedupe_keys":["job_number","lnr"],"dedupe_values":[null,null],"reason":"duplicate_key"}
{"timestamp":"2026-01-20T09:26:25.570Z","runId":110,"level":"debug","phase":"deduplication","table":"spares_used","action":"row_skipped","dedupe_keys":["job_number","lnr"],"dedupe_values":[null,null],"reason":"duplicate_key"}
{"timestamp":"2026-01-20T09:26:25.571Z","runId":110,"level":"debug","phase":"deduplication","table":"spares_used","action":"row_skipped","dedupe_keys":["job_number","lnr"],"dedupe_values":[null,null],"reason":"duplicate_key"}
{"timestamp":"2026-01-20T09:26:25.571Z","runId":110,"level":"debug","phase":"deduplication","table":"spares_used","action":"row_skipped","dedupe_keys":["job_number","lnr"],"dedupe_values":[null,null],"reason":"duplicate_key"}
{"timestamp":"2026-01-20T09:26:25.571Z","runId":110,"level":"debug","phase":"deduplication","table":"spares_used","action":"row_skipped","dedupe_keys":["job_number","lnr"],"dedupe_values":[null,null],"reason":"duplicate_key"}
{"timestamp":"2026-01-20T09:26:25.571Z","runId":110,"level":"debug","phase":"deduplication","table":"spares_used","action":"row_skipped","dedupe_keys":["job_number","lnr"],"dedupe_values":[null,null],"reason":"duplicate_key"}
{"timestamp":"2026-01-20T09:26:25.571Z","runId":110,"level":"debug","phase":"deduplication","table":"spares_used","action":"row_skipped","dedupe_keys":["job_number","lnr"],"dedupe_values":[null,null],"reason":"duplicate_key"}
{"timestamp":"2026-01-20T09:26:25.571Z","runId":110,"level":"debug","phase":"deduplication","table":"spares_used","action":"row_skipped","dedupe_keys":["job_number","lnr"],"dedupe_values":[null,null],"reason":"duplicate_key"}
{"timestamp":"2026-01-20T09:26:25.571Z","runId":110,"level":"debug","phase":"deduplication","table":"spares_used","action":"row_skipped","dedupe_keys":["job_number","lnr"],"dedupe_values":[null,null],"reason":"duplicate_key"}
{"timestamp":"2026-01-20T09:26:25.571Z","runId":110,"level":"debug","phase":"deduplication","table":"spares_used","action":"row_skipped","dedupe_keys":["job_number","lnr"],"dedupe_values":[null,null],"reason":"duplicate_key"}
{"timestamp":"2026-01-20T09:26:25.572Z","runId":110,"level":"debug","phase":"deduplication","table":"spares_used","action":"row_skipped","dedupe_keys":["job_number","lnr"],"dedupe_values":[null,null],"reason":"duplicate_key"}
{"timestamp":"2026-01-20T09:26:25.572Z","runId":110,"level":"debug","phase":"deduplication","table":"spares_used","action":"row_skipped","dedupe_keys":["job_number","lnr"],"dedupe_values":[null,null],"reason":"duplicate_key"}
{"timestamp":"2026-01-20T09:26:25.572Z","runId":110,"level":"debug","phase":"deduplication","table":"spares_used","action":"row_skipped","dedupe_keys":["job_number","lnr"],"dedupe_values":[null,null],"reason":"duplicate_key"}
{"timestamp":"2026-01-20T09:26:25.572Z","runId":110,"level":"debug","phase":"deduplication","table":"spares_used","action":"row_skipped","dedupe_keys":["job_number","lnr"],"dedupe_values":[null,null],"reason":"duplicate_key"}
{"timestamp":"2026-01-20T09:26:25.572Z","runId":110,"level":"debug","phase":"deduplication","table":"spares_used","action":"row_skipped","dedupe_keys":["job_number","lnr"],"dedupe_values":[null,null],"reason":"duplicate_key"}
{"timestamp":"2026-01-20T09:26:25.572Z","runId":110,"level":"debug","phase":"deduplication","table":"spares_used","action":"row_skipped","dedupe_keys":["job_number","lnr"],"dedupe_values":[null,null],"reason":"duplicate_key"}
{"timestamp":"2026-01-20T09:26:25.572Z","runId":110,"level":"debug","phase":"deduplication","table":"spares_used","action":"row_skipped","dedupe_keys":["job_number","lnr"],"dedupe_values":[null,null],"reason":"duplicate_key"}
{"timestamp":"2026-01-20T09:26:25.572Z","runId":110,"level":"debug","phase":"deduplication","table":"spares_used","action":"row_skipped","dedupe_keys":["job_number","lnr"],"dedupe_values":[null,null],"reason":"duplicate_key"}
{"timestamp":"2026-01-20T09:26:25.573Z","runId":110,"level":"debug","phase":"deduplication","table":"spares_used","action":"row_skipped","dedupe_keys":["job_number","lnr"],"dedupe_values":[null,null],"reason":"duplicate_key"}
{"timestamp":"2026-01-20T09:26:25.573Z","runId":110,"level":"debug","phase":"deduplication","table":"spares_used","action":"row_skipped","dedupe_keys":["job_number","lnr"],"dedupe_values":[null,null],"reason":"duplicate_key"}
{"timestamp":"2026-01-20T09:26:25.573Z","runId":110,"level":"debug","phase":"deduplication","table":"spares_used","action":"row_skipped","dedupe_keys":["job_number","lnr"],"dedupe_values":[null,null],"reason":"duplicate_key"}
{"timestamp":"2026-01-20T09:26:25.573Z","runId":110,"level":"debug","phase":"deduplication","table":"spares_used","action":"row_skipped","dedupe_keys":["job_number","lnr"],"dedupe_values":[null,null],"reason":"duplicate_key"}
{"timestamp":"2026-01-20T09:26:25.573Z","runId":110,"level":"debug","phase":"deduplication","table":"spares_used","action":"row_skipped","dedupe_keys":["job_number","lnr"],"dedupe_values":[null,null],"reason":"duplicate_key"}
{"timestamp":"2026-01-20T09:26:25.573Z","runId":110,"level":"debug","phase":"deduplication","table":"spares_used","action":"row_skipped","dedupe_keys":["job_number","lnr"],"dedupe_values":[null,null],"reason":"duplicate_key"}
{"timestamp":"2026-01-20T09:26:25.574Z","runId":110,"level":"debug","phase":"deduplication","table":"spares_used","action":"row_skipped","dedupe_keys":["job_number","lnr"],"dedupe_values":[null,null],"reason":"duplicate_key"}
{"timestamp":"2026-01-20T09:26:25.574Z","runId":110,"level":"debug","phase":"deduplication","table":"spares_used","action":"row_skipped","dedupe_keys":["job_number","lnr"],"dedupe_values":[null,null],"reason":"duplicate_key"}
{"timestamp":"2026-01-20T09:26:25.574Z","runId":110,"level":"debug","phase":"deduplication","table":"spares_used","action":"row_skipped","dedupe_keys":["job_number","lnr"],"dedupe_values":[null,null],"reason":"duplicate_key"}
{"timestamp":"2026-01-20T09:26:25.574Z","runId":110,"level":"debug","phase":"deduplication","table":"spares_used","action":"row_skipped","dedupe_keys":["job_number","lnr"],"dedupe_values":[null,null],"reason":"duplicate_key"}
{"timestamp":"2026-01-20T09:26:25.574Z","runId":110,"level":"debug","phase":"deduplication","table":"spares_used","action":"row_skipped","dedupe_keys":["job_number","lnr"],"dedupe_values":[null,null],"reason":"duplicate_key"}
{"timestamp":"2026-01-20T09:26:25.574Z","runId":110,"level":"debug","phase":"deduplication","table":"spares_used","action":"row_skipped","dedupe_keys":["job_number","lnr"],"dedupe_values":[null,null],"reason":"duplicate_key"}
{"timestamp":"2026-01-20T09:26:25.574Z","runId":110,"level":"debug","phase":"deduplication","table":"spares_used","action":"row_skipped","dedupe_keys":["job_number","lnr"],"dedupe_values":[null,null],"reason":"duplicate_key"}
{"timestamp":"2026-01-20T09:26:25.574Z","runId":110,"level":"debug","phase":"deduplication","table":"spares_used","action":"row_skipped","dedupe_keys":["job_number","lnr"],"dedupe_values":[null,null],"reason":"duplicate_key"}
{"timestamp":"2026-01-20T09:26:25.575Z","runId":110,"level":"debug","phase":"deduplication","table":"spares_used","action":"row_skipped","dedupe_keys":["job_number","lnr"],"dedupe_values":[null,null],"reason":"duplicate_key"}
{"timestamp":"2026-01-20T09:26:25.575Z","runId":110,"level":"debug","phase":"deduplication","table":"spares_used","action":"row_skipped","dedupe_keys":["job_number","lnr"],"dedupe_values":[null,null],"reason":"duplicate_key"}
{"timestamp":"2026-01-20T09:26:25.575Z","runId":110,"level":"debug","phase":"deduplication","table":"spares_used","action":"row_skipped","dedupe_keys":["job_number","lnr"],"dedupe_values":[null,null],"reason":"duplicate_key"}
{"timestamp":"2026-01-20T09:26:25.575Z","runId":110,"level":"debug","phase":"deduplication","table":"spares_used","action":"row_skipped","dedupe_keys":["job_number","lnr"],"dedupe_values":[null,null],"reason":"duplicate_key"}
{"timestamp":"2026-01-20T09:26:25.575Z","runId":110,"level":"debug","phase":"deduplication","table":"spares_used","action":"row_skipped","dedupe_keys":["job_number","lnr"],"dedupe_values":[null,null],"reason":"duplicate_key"}
{"timestamp":"2026-01-20T09:26:25.575Z","runId":110,"level":"debug","phase":"deduplication","table":"spares_used","action":"row_skipped","dedupe_keys":["job_number","lnr"],"dedupe_values":[null,null],"reason":"duplicate_key"}
{"timestamp":"2026-01-20T09:26:25.575Z","runId":110,"level":"debug","phase":"deduplication","table":"spares_used","action":"row_skipped","dedupe_keys":["job_number","lnr"],"dedupe_values":[null,null],"reason":"duplicate_key"}
{"timestamp":"2026-01-20T09:26:25.576Z","runId":110,"level":"debug","phase":"deduplication","table":"spares_used","action":"row_skipped","dedupe_keys":["job_number","lnr"],"dedupe_values":[null,null],"reason":"duplicate_key"}
{"timestamp":"2026-01-20T09:26:25.576Z","runId":110,"level":"debug","phase":"deduplication","table":"spares_used","action":"row_skipped","dedupe_keys":["job_number","lnr"],"dedupe_values":[null,null],"reason":"duplicate_key"}
{"timestamp":"2026-01-20T09:26:25.576Z","runId":110,"level":"debug","phase":"deduplication","table":"spares_used","action":"row_skipped","dedupe_keys":["job_number","lnr"],"dedupe_values":[null,null],"reason":"duplicate_key"}
{"timestamp":"2026-01-20T09:26:25.576Z","runId":110,"level":"debug","phase":"deduplication","table":"spares_used","action":"row_skipped","dedupe_keys":["job_number","lnr"],"dedupe_values":[null,null],"reason":"duplicate_key"}
{"timestamp":"2026-01-20T09:26:25.576Z","runId":110,"level":"debug","phase":"deduplication","table":"spares_used","action":"row_skipped","dedupe_keys":["job_number","lnr"],"dedupe_values":[null,null],"reason":"duplicate_key"}
{"timestamp":"2026-01-20T09:26:25.576Z","runId":110,"level":"debug","phase":"deduplication","table":"spares_used","action":"row_skipped","dedupe_keys":["job_number","lnr"],"dedupe_values":[null,null],"reason":"duplicate_key"}
{"timestamp":"2026-01-20T09:26:25.577Z","runId":110,"level":"debug","phase":"deduplication","table":"spares_used","action":"row_skipped","dedupe_keys":["job_number","lnr"],"dedupe_values":[null,null],"reason":"duplicate_key"}
{"timestamp":"2026-01-20T09:26:25.577Z","runId":110,"level":"debug","phase":"deduplication","table":"spares_used","action":"row_skipped","dedupe_keys":["job_number","lnr"],"dedupe_values":[null,null],"reason":"duplicate_key"}
{"timestamp":"2026-01-20T09:26:25.577Z","runId":110,"level":"debug","phase":"deduplication","table":"spares_used","action":"row_skipped","dedupe_keys":["job_number","lnr"],"dedupe_values":[null,null],"reason":"duplicate_key"}
{"timestamp":"2026-01-20T09:26:25.577Z","runId":110,"level":"debug","phase":"deduplication","table":"spares_used","action":"row_skipped","dedupe_keys":["job_number","lnr"],"dedupe_values":[null,null],"reason":"duplicate_key"}
{"timestamp":"2026-01-20T09:26:25.577Z","runId":110,"level":"debug","phase":"deduplication","table":"spares_used","action":"row_skipped","dedupe_keys":["job_number","lnr"],"dedupe_values":[null,null],"reason":"duplicate_key"}
{"timestamp":"2026-01-20T09:26:25.577Z","runId":110,"level":"debug","phase":"deduplication","table":"spares_used","action":"row_skipped","dedupe_keys":["job_number","lnr"],"dedupe_values":[null,null],"reason":"duplicate_key"}
{"timestamp":"2026-01-20T09:26:25.578Z","runId":110,"level":"debug","phase":"deduplication","table":"spares_used","action":"row_skipped","dedupe_keys":["job_number","lnr"],"dedupe_values":[null,null],"reason":"duplicate_key"}
{"timestamp":"2026-01-20T09:26:25.578Z","runId":110,"level":"debug","phase":"deduplication","table":"spares_used","action":"row_skipped","dedupe_keys":["job_number","lnr"],"dedupe_values":[null,null],"reason":"duplicate_key"}
{"timestamp":"2026-01-20T09:26:25.578Z","runId":110,"level":"debug","phase":"deduplication","table":"spares_used","action":"row_skipped","dedupe_keys":["job_number","lnr"],"dedupe_values":[null,null],"reason":"duplicate_key"}
{"timestamp":"2026-01-20T09:26:25.578Z","runId":110,"level":"debug","phase":"deduplication","table":"spares_used","action":"row_skipped","dedupe_keys":["job_number","lnr"],"dedupe_values":[null,null],"reason":"duplicate_key"}
{"timestamp":"2026-01-20T09:26:25.578Z","runId":110,"level":"debug","phase":"deduplication","table":"spares_used","action":"row_skipped","dedupe_keys":["job_number","lnr"],"dedupe_values":[null,null],"reason":"duplicate_key"}
{"timestamp":"2026-01-20T09:26:25.578Z","runId":110,"level":"debug","phase":"deduplication","table":"spares_used","action":"row_skipped","dedupe_keys":["job_number","lnr"],"dedupe_values":[null,null],"reason":"duplicate_key"}
{"timestamp":"2026-01-20T09:26:25.579Z","runId":110,"level":"debug","phase":"deduplication","table":"spares_used","action":"row_skipped","dedupe_keys":["job_number","lnr"],"dedupe_values":[null,null],"reason":"duplicate_key"}
{"timestamp":"2026-01-20T09:26:25.579Z","runId":110,"level":"debug","phase":"deduplication","table":"spares_used","action":"row_skipped","dedupe_keys":["job_number","lnr"],"dedupe_values":[null,null],"reason":"duplicate_key"}
{"timestamp":"2026-01-20T09:26:25.579Z","runId":110,"level":"debug","phase":"deduplication","table":"spares_used","action":"row_skipped","dedupe_keys":["job_number","lnr"],"dedupe_values":[null,null],"reason":"duplicate_key"}
{"timestamp":"2026-01-20T09:26:25.579Z","runId":110,"level":"debug","phase":"deduplication","table":"spares_used","action":"row_skipped","dedupe_keys":["job_number","lnr"],"dedupe_values":[null,null],"reason":"duplicate_key"}
{"timestamp":"2026-01-20T09:26:25.579Z","runId":110,"level":"debug","phase":"deduplication","table":"spares_used","action":"row_skipped","dedupe_keys":["job_number","lnr"],"dedupe_values":[null,null],"reason":"duplicate_key"}
{"timestamp":"2026-01-20T09:26:25.579Z","runId":110,"level":"debug","phase":"deduplication","table":"spares_used","action":"row_skipped","dedupe_keys":["job_number","lnr"],"dedupe_values":[null,null],"reason":"duplicate_key"}
{"timestamp":"2026-01-20T09:26:25.579Z","runId":110,"level":"debug","phase":"deduplication","table":"spares_used","action":"row_skipped","dedupe_keys":["job_number","lnr"],"dedupe_values":[null,null],"reason":"duplicate_key"}
{"timestamp":"2026-01-20T09:26:25.580Z","runId":110,"level":"debug","phase":"deduplication","table":"spares_used","action":"row_skipped","dedupe_keys":["job_number","lnr"],"dedupe_values":[null,null],"reason":"duplicate_key"}
{"timestamp":"2026-01-20T09:26:25.580Z","runId":110,"level":"debug","phase":"deduplication","table":"spares_used","action":"row_skipped","dedupe_keys":["job_number","lnr"],"dedupe_values":[null,null],"reason":"duplicate_key"}
{"timestamp":"2026-01-20T09:26:25.580Z","runId":110,"level":"debug","phase":"deduplication","table":"spares_used","action":"row_skipped","dedupe_keys":["job_number","lnr"],"dedupe_values":[null,null],"reason":"duplicate_key"}
{"timestamp":"2026-01-20T09:26:25.580Z","runId":110,"level":"debug","phase":"deduplication","table":"spares_used","action":"row_skipped","dedupe_keys":["job_number","lnr"],"dedupe_values":[null,null],"reason":"duplicate_key"}
{"timestamp":"2026-01-20T09:26:25.580Z","runId":110,"level":"debug","phase":"deduplication","table":"spares_used","action":"row_skipped","dedupe_keys":["job_number","lnr"],"dedupe_values":[null,null],"reason":"duplicate_key"}
{"timestamp":"2026-01-20T09:26:25.581Z","runId":110,"level":"debug","phase":"deduplication","table":"spares_used","action":"row_skipped","dedupe_keys":["job_number","lnr"],"dedupe_values":[null,null],"reason":"duplicate_key"}
{"timestamp":"2026-01-20T09:26:25.581Z","runId":110,"level":"debug","phase":"deduplication","table":"spares_used","action":"row_skipped","dedupe_keys":["job_number","lnr"],"dedupe_values":[null,null],"reason":"duplicate_key"}
{"timestamp":"2026-01-20T09:26:25.581Z","runId":110,"level":"debug","phase":"deduplication","table":"spares_used","action":"row_skipped","dedupe_keys":["job_number","lnr"],"dedupe_values":[null,null],"reason":"duplicate_key"}
{"timestamp":"2026-01-20T09:26:25.581Z","runId":110,"level":"debug","phase":"deduplication","table":"spares_used","action":"row_skipped","dedupe_keys":["job_number","lnr"],"dedupe_values":[null,null],"reason":"duplicate_key"}
{"timestamp":"2026-01-20T09:26:25.581Z","runId":110,"level":"debug","phase":"deduplication","table":"spares_used","action":"row_skipped","dedupe_keys":["job_number","lnr"],"dedupe_values":[null,null],"reason":"duplicate_key"}
{"timestamp":"2026-01-20T09:26:25.581Z","runId":110,"level":"debug","phase":"deduplication","table":"spares_used","action":"row_skipped","dedupe_keys":["job_number","lnr"],"dedupe_values":[null,null],"reason":"duplicate_key"}
{"timestamp":"2026-01-20T09:26:25.582Z","runId":110,"level":"debug","phase":"deduplication","table":"spares_used","action":"row_skipped","dedupe_keys":["job_number","lnr"],"dedupe_values":[null,null],"reason":"duplicate_key"}
{"timestamp":"2026-01-20T09:26:25.582Z","runId":110,"level":"debug","phase":"deduplication","table":"spares_used","action":"row_skipped","dedupe_keys":["job_number","lnr"],"dedupe_values":[null,null],"reason":"duplicate_key"}
{"timestamp":"2026-01-20T09:26:25.582Z","runId":110,"level":"debug","phase":"deduplication","table":"spares_used","action":"row_skipped","dedupe_keys":["job_number","lnr"],"dedupe_values":[null,null],"reason":"duplicate_key"}
{"timestamp":"2026-01-20T09:26:25.582Z","runId":110,"level":"debug","phase":"deduplication","table":"spares_used","action":"row_skipped","dedupe_keys":["job_number","lnr"],"dedupe_values":[null,null],"reason":"duplicate_key"}
{"timestamp":"2026-01-20T09:26:25.582Z","runId":110,"level":"debug","phase":"deduplication","table":"spares_used","action":"row_skipped","dedupe_keys":["job_number","lnr"],"dedupe_values":[null,null],"reason":"duplicate_key"}
{"timestamp":"2026-01-20T09:26:25.582Z","runId":110,"level":"debug","phase":"deduplication","table":"spares_used","action":"row_skipped","dedupe_keys":["job_number","lnr"],"dedupe_values":[null,null],"reason":"duplicate_key"}
{"timestamp":"2026-01-20T09:26:25.583Z","runId":110,"level":"debug","phase":"deduplication","table":"spares_used","action":"row_skipped","dedupe_keys":["job_number","lnr"],"dedupe_values":[null,null],"reason":"duplicate_key"}
{"timestamp":"2026-01-20T09:26:25.583Z","runId":110,"level":"debug","phase":"deduplication","table":"spares_used","action":"row_skipped","dedupe_keys":["job_number","lnr"],"dedupe_values":[null,null],"reason":"duplicate_key"}
{"timestamp":"2026-01-20T09:26:25.583Z","runId":110,"level":"debug","phase":"deduplication","table":"spares_used","action":"row_skipped","dedupe_keys":["job_number","lnr"],"dedupe_values":[null,null],"reason":"duplicate_key"}
{"timestamp":"2026-01-20T09:26:25.583Z","runId":110,"level":"debug","phase":"deduplication","table":"spares_used","action":"row_skipped","dedupe_keys":["job_number","lnr"],"dedupe_values":[null,null],"reason":"duplicate_key"}
{"timestamp":"2026-01-20T09:26:25.583Z","runId":110,"level":"debug","phase":"deduplication","table":"spares_used","action":"row_skipped","dedupe_keys":["job_number","lnr"],"dedupe_values":[null,null],"reason":"duplicate_key"}
{"timestamp":"2026-01-20T09:26:25.583Z","runId":110,"level":"debug","phase":"deduplication","table":"spares_used","action":"row_skipped","dedupe_keys":["job_number","lnr"],"dedupe_values":[null,null],"reason":"duplicate_key"}
{"timestamp":"2026-01-20T09:26:25.583Z","runId":110,"level":"debug","phase":"deduplication","table":"spares_used","action":"row_skipped","dedupe_keys":["job_number","lnr"],"dedupe_values":[null,null],"reason":"duplicate_key"}
{"timestamp":"2026-01-20T09:26:25.583Z","runId":110,"level":"debug","phase":"deduplication","table":"spares_used","action":"row_skipped","dedupe_keys":["job_number","lnr"],"dedupe_values":[null,null],"reason":"duplicate_key"}
{"timestamp":"2026-01-20T09:26:25.584Z","runId":110,"level":"debug","phase":"deduplication","table":"spares_used","action":"row_skipped","dedupe_keys":["job_number","lnr"],"dedupe_values":[null,null],"reason":"duplicate_key"}
{"timestamp":"2026-01-20T09:26:25.584Z","runId":110,"level":"debug","phase":"deduplication","table":"spares_used","action":"row_skipped","dedupe_keys":["job_number","lnr"],"dedupe_values":[null,null],"reason":"duplicate_key"}
{"timestamp":"2026-01-20T09:26:25.584Z","runId":110,"level":"debug","phase":"deduplication","table":"spares_used","action":"row_skipped","dedupe_keys":["job_number","lnr"],"dedupe_values":[null,null],"reason":"duplicate_key"}
{"timestamp":"2026-01-20T09:26:25.584Z","runId":110,"level":"debug","phase":"deduplication","table":"spares_used","action":"row_skipped","dedupe_keys":["job_number","lnr"],"dedupe_values":[null,null],"reason":"duplicate_key"}
{"timestamp":"2026-01-20T09:26:25.584Z","runId":110,"level":"debug","phase":"deduplication","table":"spares_used","action":"row_skipped","dedupe_keys":["job_number","lnr"],"dedupe_values":[null,null],"reason":"duplicate_key"}
{"timestamp":"2026-01-20T09:26:25.584Z","runId":110,"level":"debug","phase":"deduplication","table":"spares_used","action":"row_skipped","dedupe_keys":["job_number","lnr"],"dedupe_values":[null,null],"reason":"duplicate_key"}
{"timestamp":"2026-01-20T09:26:25.584Z","runId":110,"level":"debug","phase":"deduplication","table":"spares_used","action":"row_skipped","dedupe_keys":["job_number","lnr"],"dedupe_values":[null,null],"reason":"duplicate_key"}
{"timestamp":"2026-01-20T09:26:25.585Z","runId":110,"level":"debug","phase":"deduplication","table":"spares_used","action":"row_skipped","dedupe_keys":["job_number","lnr"],"dedupe_values":[null,null],"reason":"duplicate_key"}
{"timestamp":"2026-01-20T09:26:25.585Z","runId":110,"level":"debug","phase":"deduplication","table":"spares_used","action":"row_skipped","dedupe_keys":["job_number","lnr"],"dedupe_values":[null,null],"reason":"duplicate_key"}
{"timestamp":"2026-01-20T09:26:25.585Z","runId":110,"level":"debug","phase":"deduplication","table":"spares_used","action":"row_skipped","dedupe_keys":["job_number","lnr"],"dedupe_values":[null,null],"reason":"duplicate_key"}
{"timestamp":"2026-01-20T09:26:25.585Z","runId":110,"level":"debug","phase":"deduplication","table":"spares_used","action":"row_skipped","dedupe_keys":["job_number","lnr"],"dedupe_values":[null,null],"reason":"duplicate_key"}
{"timestamp":"2026-01-20T09:26:25.585Z","runId":110,"level":"debug","phase":"deduplication","table":"spares_used","action":"row_skipped","dedupe_keys":["job_number","lnr"],"dedupe_values":[null,null],"reason":"duplicate_key"}
{"timestamp":"2026-01-20T09:26:25.585Z","runId":110,"level":"debug","phase":"deduplication","table":"spares_used","action":"row_skipped","dedupe_keys":["job_number","lnr"],"dedupe_values":[null,null],"reason":"duplicate_key"}
{"timestamp":"2026-01-20T09:26:25.585Z","runId":110,"level":"debug","phase":"deduplication","table":"spares_used","action":"row_skipped","dedupe_keys":["job_number","lnr"],"dedupe_values":[null,null],"reason":"duplicate_key"}
{"timestamp":"2026-01-20T09:26:25.585Z","runId":110,"level":"debug","phase":"deduplication","table":"spares_used","action":"row_skipped","dedupe_keys":["job_number","lnr"],"dedupe_values":[null,null],"reason":"duplicate_key"}
{"timestamp":"2026-01-20T09:26:25.585Z","runId":110,"level":"debug","phase":"deduplication","table":"spares_used","action":"row_skipped","dedupe_keys":["job_number","lnr"],"dedupe_values":[null,null],"reason":"duplicate_key"}
{"timestamp":"2026-01-20T09:26:25.586Z","runId":110,"level":"debug","phase":"deduplication","table":"spares_used","action":"row_skipped","dedupe_keys":["job_number","lnr"],"dedupe_values":[null,null],"reason":"duplicate_key"}
{"timestamp":"2026-01-20T09:26:25.586Z","runId":110,"level":"debug","phase":"deduplication","table":"spares_used","action":"row_skipped","dedupe_keys":["job_number","lnr"],"dedupe_values":[null,null],"reason":"duplicate_key"}
{"timestamp":"2026-01-20T09:26:25.586Z","runId":110,"level":"debug","phase":"deduplication","table":"spares_used","action":"row_skipped","dedupe_keys":["job_number","lnr"],"dedupe_values":[null,null],"reason":"duplicate_key"}
{"timestamp":"2026-01-20T09:26:25.586Z","runId":110,"level":"debug","phase":"deduplication","table":"spares_used","action":"row_skipped","dedupe_keys":["job_number","lnr"],"dedupe_values":[null,null],"reason":"duplicate_key"}
{"timestamp":"2026-01-20T09:26:25.586Z","runId":110,"level":"debug","phase":"deduplication","table":"spares_used","action":"row_skipped","dedupe_keys":["job_number","lnr"],"dedupe_values":[null,null],"reason":"duplicate_key"}
{"timestamp":"2026-01-20T09:26:25.586Z","runId":110,"level":"debug","phase":"deduplication","table":"spares_used","action":"row_skipped","dedupe_keys":["job_number","lnr"],"dedupe_values":[null,null],"reason":"duplicate_key"}
{"timestamp":"2026-01-20T09:26:25.586Z","runId":110,"level":"debug","phase":"deduplication","table":"spares_used","action":"row_skipped","dedupe_keys":["job_number","lnr"],"dedupe_values":[null,null],"reason":"duplicate_key"}
{"timestamp":"2026-01-20T09:26:25.586Z","runId":110,"level":"debug","phase":"deduplication","table":"spares_used","action":"row_skipped","dedupe_keys":["job_number","lnr"],"dedupe_values":[null,null],"reason":"duplicate_key"}
{"timestamp":"2026-01-20T09:26:25.587Z","runId":110,"level":"debug","phase":"deduplication","table":"spares_used","action":"row_skipped","dedupe_keys":["job_number","lnr"],"dedupe_values":[null,null],"reason":"duplicate_key"}
{"timestamp":"2026-01-20T09:26:25.587Z","runId":110,"level":"debug","phase":"deduplication","table":"spares_used","action":"row_skipped","dedupe_keys":["job_number","lnr"],"dedupe_values":[null,null],"reason":"duplicate_key"}
{"timestamp":"2026-01-20T09:26:25.587Z","runId":110,"level":"debug","phase":"deduplication","table":"spares_used","action":"row_skipped","dedupe_keys":["job_number","lnr"],"dedupe_values":[null,null],"reason":"duplicate_key"}
{"timestamp":"2026-01-20T09:26:25.587Z","runId":110,"level":"debug","phase":"deduplication","table":"spares_used","action":"row_skipped","dedupe_keys":["job_number","lnr"],"dedupe_values":[null,null],"reason":"duplicate_key"}
{"timestamp":"2026-01-20T09:26:25.587Z","runId":110,"level":"debug","phase":"deduplication","table":"spares_used","action":"row_skipped","dedupe_keys":["job_number","lnr"],"dedupe_values":[null,null],"reason":"duplicate_key"}
{"timestamp":"2026-01-20T09:26:25.587Z","runId":110,"level":"debug","phase":"deduplication","table":"spares_used","action":"row_skipped","dedupe_keys":["job_number","lnr"],"dedupe_values":[null,null],"reason":"duplicate_key"}
{"timestamp":"2026-01-20T09:26:25.587Z","runId":110,"level":"debug","phase":"deduplication","table":"spares_used","action":"row_skipped","dedupe_keys":["job_number","lnr"],"dedupe_values":[null,null],"reason":"duplicate_key"}
{"timestamp":"2026-01-20T09:26:25.588Z","runId":110,"level":"debug","phase":"deduplication","table":"spares_used","action":"row_skipped","dedupe_keys":["job_number","lnr"],"dedupe_values":[null,null],"reason":"duplicate_key"}
{"timestamp":"2026-01-20T09:26:25.588Z","runId":110,"level":"debug","phase":"deduplication","table":"spares_used","action":"row_skipped","dedupe_keys":["job_number","lnr"],"dedupe_values":[null,null],"reason":"duplicate_key"}
{"timestamp":"2026-01-20T09:26:25.588Z","runId":110,"level":"debug","phase":"deduplication","table":"spares_used","action":"row_skipped","dedupe_keys":["job_number","lnr"],"dedupe_values":[null,null],"reason":"duplicate_key"}
{"timestamp":"2026-01-20T09:26:25.588Z","runId":110,"level":"debug","phase":"deduplication","table":"spares_used","action":"row_skipped","dedupe_keys":["job_number","lnr"],"dedupe_values":[null,null],"reason":"duplicate_key"}
{"timestamp":"2026-01-20T09:26:25.588Z","runId":110,"level":"debug","phase":"deduplication","table":"spares_used","action":"row_skipped","dedupe_keys":["job_number","lnr"],"dedupe_values":[null,null],"reason":"duplicate_key"}
{"timestamp":"2026-01-20T09:26:25.588Z","runId":110,"level":"debug","phase":"deduplication","table":"spares_used","action":"row_skipped","dedupe_keys":["job_number","lnr"],"dedupe_values":[null,null],"reason":"duplicate_key"}
{"timestamp":"2026-01-20T09:26:25.588Z","runId":110,"level":"debug","phase":"deduplication","table":"spares_used","action":"row_skipped","dedupe_keys":["job_number","lnr"],"dedupe_values":[null,null],"reason":"duplicate_key"}
{"timestamp":"2026-01-20T09:26:25.588Z","runId":110,"level":"debug","phase":"deduplication","table":"spares_used","action":"row_skipped","dedupe_keys":["job_number","lnr"],"dedupe_values":[null,null],"reason":"duplicate_key"}
{"timestamp":"2026-01-20T09:26:25.589Z","runId":110,"level":"debug","phase":"deduplication","table":"spares_used","action":"row_skipped","dedupe_keys":["job_number","lnr"],"dedupe_values":[null,null],"reason":"duplicate_key"}
{"timestamp":"2026-01-20T09:26:25.589Z","runId":110,"level":"debug","phase":"deduplication","table":"spares_used","action":"row_skipped","dedupe_keys":["job_number","lnr"],"dedupe_values":[null,null],"reason":"duplicate_key"}
{"timestamp":"2026-01-20T09:26:25.589Z","runId":110,"level":"debug","phase":"deduplication","table":"spares_used","action":"row_skipped","dedupe_keys":["job_number","lnr"],"dedupe_values":[null,null],"reason":"duplicate_key"}
{"timestamp":"2026-01-20T09:26:25.589Z","runId":110,"level":"debug","phase":"deduplication","table":"spares_used","action":"row_skipped","dedupe_keys":["job_number","lnr"],"dedupe_values":[null,null],"reason":"duplicate_key"}
{"timestamp":"2026-01-20T09:26:25.589Z","runId":110,"level":"debug","phase":"deduplication","table":"spares_used","action":"row_skipped","dedupe_keys":["job_number","lnr"],"dedupe_values":[null,null],"reason":"duplicate_key"}
{"timestamp":"2026-01-20T09:26:25.589Z","runId":110,"level":"debug","phase":"deduplication","table":"spares_used","action":"row_skipped","dedupe_keys":["job_number","lnr"],"dedupe_values":[null,null],"reason":"duplicate_key"}
{"timestamp":"2026-01-20T09:26:25.589Z","runId":110,"level":"debug","phase":"deduplication","table":"spares_used","action":"row_skipped","dedupe_keys":["job_number","lnr"],"dedupe_values":[null,null],"reason":"duplicate_key"}
{"timestamp":"2026-01-20T09:26:25.589Z","runId":110,"level":"debug","phase":"deduplication","table":"spares_used","action":"row_skipped","dedupe_keys":["job_number","lnr"],"dedupe_values":[null,null],"reason":"duplicate_key"}
{"timestamp":"2026-01-20T09:26:25.590Z","runId":110,"level":"debug","phase":"deduplication","table":"spares_used","action":"row_skipped","dedupe_keys":["job_number","lnr"],"dedupe_values":[null,null],"reason":"duplicate_key"}
{"timestamp":"2026-01-20T09:26:25.590Z","runId":110,"level":"debug","phase":"deduplication","table":"spares_used","action":"row_skipped","dedupe_keys":["job_number","lnr"],"dedupe_values":[null,null],"reason":"duplicate_key"}
{"timestamp":"2026-01-20T09:26:25.590Z","runId":110,"level":"debug","phase":"deduplication","table":"spares_used","action":"row_skipped","dedupe_keys":["job_number","lnr"],"dedupe_values":[null,null],"reason":"duplicate_key"}
{"timestamp":"2026-01-20T09:26:25.590Z","runId":110,"level":"debug","phase":"deduplication","table":"spares_used","action":"row_skipped","dedupe_keys":["job_number","lnr"],"dedupe_values":[null,null],"reason":"duplicate_key"}
{"timestamp":"2026-01-20T09:26:25.590Z","runId":110,"level":"debug","phase":"deduplication","table":"spares_used","action":"row_skipped","dedupe_keys":["job_number","lnr"],"dedupe_values":[null,null],"reason":"duplicate_key"}
{"timestamp":"2026-01-20T09:26:25.590Z","runId":110,"level":"debug","phase":"deduplication","table":"spares_used","action":"row_skipped","dedupe_keys":["job_number","lnr"],"dedupe_values":[null,null],"reason":"duplicate_key"}
{"timestamp":"2026-01-20T09:26:25.590Z","runId":110,"level":"debug","phase":"deduplication","table":"spares_used","action":"row_skipped","dedupe_keys":["job_number","lnr"],"dedupe_values":[null,null],"reason":"duplicate_key"}
{"timestamp":"2026-01-20T09:26:25.590Z","runId":110,"level":"debug","phase":"deduplication","table":"spares_used","action":"row_skipped","dedupe_keys":["job_number","lnr"],"dedupe_values":[null,null],"reason":"duplicate_key"}
{"timestamp":"2026-01-20T09:26:25.591Z","runId":110,"level":"debug","phase":"deduplication","table":"spares_used","action":"row_skipped","dedupe_keys":["job_number","lnr"],"dedupe_values":[null,null],"reason":"duplicate_key"}
{"timestamp":"2026-01-20T09:26:25.591Z","runId":110,"level":"debug","phase":"deduplication","table":"spares_used","action":"row_skipped","dedupe_keys":["job_number","lnr"],"dedupe_values":[null,null],"reason":"duplicate_key"}
{"timestamp":"2026-01-20T09:26:25.591Z","runId":110,"level":"debug","phase":"deduplication","table":"spares_used","action":"row_skipped","dedupe_keys":["job_number","lnr"],"dedupe_values":[null,null],"reason":"duplicate_key"}
{"timestamp":"2026-01-20T09:26:25.591Z","runId":110,"level":"debug","phase":"deduplication","table":"spares_used","action":"row_skipped","dedupe_keys":["job_number","lnr"],"dedupe_values":[null,null],"reason":"duplicate_key"}
{"timestamp":"2026-01-20T09:26:25.591Z","runId":110,"level":"debug","phase":"deduplication","table":"spares_used","action":"row_skipped","dedupe_keys":["job_number","lnr"],"dedupe_values":[null,null],"reason":"duplicate_key"}
{"timestamp":"2026-01-20T09:26:25.591Z","runId":110,"level":"debug","phase":"deduplication","table":"spares_used","action":"row_skipped","dedupe_keys":["job_number","lnr"],"dedupe_values":[null,null],"reason":"duplicate_key"}
{"timestamp":"2026-01-20T09:26:25.591Z","runId":110,"level":"debug","phase":"deduplication","table":"spares_used","action":"row_skipped","dedupe_keys":["job_number","lnr"],"dedupe_values":[null,null],"reason":"duplicate_key"}
{"timestamp":"2026-01-20T09:26:25.591Z","runId":110,"level":"debug","phase":"deduplication","table":"spares_used","action":"row_skipped","dedupe_keys":["job_number","lnr"],"dedupe_values":[null,null],"reason":"duplicate_key"}
{"timestamp":"2026-01-20T09:26:25.592Z","runId":110,"level":"debug","phase":"deduplication","table":"spares_used","action":"row_skipped","dedupe_keys":["job_number","lnr"],"dedupe_values":[null,null],"reason":"duplicate_key"}
{"timestamp":"2026-01-20T09:26:25.592Z","runId":110,"level":"debug","phase":"deduplication","table":"spares_used","action":"row_skipped","dedupe_keys":["job_number","lnr"],"dedupe_values":[null,null],"reason":"duplicate_key"}
{"timestamp":"2026-01-20T09:26:25.592Z","runId":110,"level":"debug","phase":"deduplication","table":"spares_used","action":"row_skipped","dedupe_keys":["job_number","lnr"],"dedupe_values":[null,null],"reason":"duplicate_key"}
{"timestamp":"2026-01-20T09:26:25.592Z","runId":110,"level":"debug","phase":"deduplication","table":"spares_used","action":"row_skipped","dedupe_keys":["job_number","lnr"],"dedupe_values":[null,null],"reason":"duplicate_key"}
{"timestamp":"2026-01-20T09:26:25.592Z","runId":110,"level":"debug","phase":"deduplication","table":"spares_used","action":"row_skipped","dedupe_keys":["job_number","lnr"],"dedupe_values":[null,null],"reason":"duplicate_key"}
{"timestamp":"2026-01-20T09:26:25.592Z","runId":110,"level":"debug","phase":"deduplication","table":"spares_used","action":"row_skipped","dedupe_keys":["job_number","lnr"],"dedupe_values":[null,null],"reason":"duplicate_key"}
{"timestamp":"2026-01-20T09:26:25.592Z","runId":110,"level":"debug","phase":"deduplication","table":"spares_used","action":"row_skipped","dedupe_keys":["job_number","lnr"],"dedupe_values":[null,null],"reason":"duplicate_key"}
{"timestamp":"2026-01-20T09:26:25.592Z","runId":110,"level":"debug","phase":"deduplication","table":"spares_used","action":"row_skipped","dedupe_keys":["job_number","lnr"],"dedupe_values":[null,null],"reason":"duplicate_key"}
{"timestamp":"2026-01-20T09:26:25.592Z","runId":110,"level":"debug","phase":"deduplication","table":"spares_used","action":"row_skipped","dedupe_keys":["job_number","lnr"],"dedupe_values":[null,null],"reason":"duplicate_key"}
{"timestamp":"2026-01-20T09:26:25.592Z","runId":110,"level":"debug","phase":"deduplication","table":"spares_used","action":"row_skipped","dedupe_keys":["job_number","lnr"],"dedupe_values":[null,null],"reason":"duplicate_key"}
{"timestamp":"2026-01-20T09:26:25.593Z","runId":110,"level":"debug","phase":"deduplication","table":"spares_used","action":"row_skipped","dedupe_keys":["job_number","lnr"],"dedupe_values":[null,null],"reason":"duplicate_key"}
{"timestamp":"2026-01-20T09:26:25.593Z","runId":110,"level":"debug","phase":"deduplication","table":"spares_used","action":"row_skipped","dedupe_keys":["job_number","lnr"],"dedupe_values":[null,null],"reason":"duplicate_key"}
{"timestamp":"2026-01-20T09:26:25.593Z","runId":110,"level":"debug","phase":"deduplication","table":"spares_used","action":"row_skipped","dedupe_keys":["job_number","lnr"],"dedupe_values":[null,null],"reason":"duplicate_key"}
{"timestamp":"2026-01-20T09:26:25.593Z","runId":110,"level":"debug","phase":"deduplication","table":"spares_used","action":"row_skipped","dedupe_keys":["job_number","lnr"],"dedupe_values":[null,null],"reason":"duplicate_key"}
{"timestamp":"2026-01-20T09:26:25.593Z","runId":110,"level":"debug","phase":"deduplication","table":"spares_used","action":"row_skipped","dedupe_keys":["job_number","lnr"],"dedupe_values":[null,null],"reason":"duplicate_key"}
{"timestamp":"2026-01-20T09:26:25.593Z","runId":110,"level":"debug","phase":"deduplication","table":"spares_used","action":"row_skipped","dedupe_keys":["job_number","lnr"],"dedupe_values":[null,null],"reason":"duplicate_key"}
{"timestamp":"2026-01-20T09:26:25.593Z","runId":110,"level":"debug","phase":"deduplication","table":"spares_used","action":"row_skipped","dedupe_keys":["job_number","lnr"],"dedupe_values":[null,null],"reason":"duplicate_key"}
{"timestamp":"2026-01-20T09:26:25.594Z","runId":110,"level":"debug","phase":"deduplication","table":"spares_used","action":"row_skipped","dedupe_keys":["job_number","lnr"],"dedupe_values":[null,null],"reason":"duplicate_key"}
{"timestamp":"2026-01-20T09:26:25.594Z","runId":110,"level":"debug","phase":"deduplication","table":"spares_used","action":"row_skipped","dedupe_keys":["job_number","lnr"],"dedupe_values":[null,null],"reason":"duplicate_key"}
{"timestamp":"2026-01-20T09:26:25.594Z","runId":110,"level":"debug","phase":"deduplication","table":"spares_used","action":"row_skipped","dedupe_keys":["job_number","lnr"],"dedupe_values":[null,null],"reason":"duplicate_key"}
{"timestamp":"2026-01-20T09:26:25.594Z","runId":110,"level":"debug","phase":"deduplication","table":"spares_used","action":"row_skipped","dedupe_keys":["job_number","lnr"],"dedupe_values":[null,null],"reason":"duplicate_key"}
{"timestamp":"2026-01-20T09:26:25.594Z","runId":110,"level":"debug","phase":"deduplication","table":"spares_used","action":"row_skipped","dedupe_keys":["job_number","lnr"],"dedupe_values":[null,null],"reason":"duplicate_key"}
{"timestamp":"2026-01-20T09:26:25.594Z","runId":110,"level":"debug","phase":"deduplication","table":"spares_used","action":"row_skipped","dedupe_keys":["job_number","lnr"],"dedupe_values":[null,null],"reason":"duplicate_key"}
{"timestamp":"2026-01-20T09:26:25.594Z","runId":110,"level":"debug","phase":"deduplication","table":"spares_used","action":"row_skipped","dedupe_keys":["job_number","lnr"],"dedupe_values":[null,null],"reason":"duplicate_key"}
{"timestamp":"2026-01-20T09:26:25.595Z","runId":110,"level":"debug","phase":"deduplication","table":"spares_used","action":"row_skipped","dedupe_keys":["job_number","lnr"],"dedupe_values":[null,null],"reason":"duplicate_key"}
{"timestamp":"2026-01-20T09:26:25.595Z","runId":110,"level":"debug","phase":"deduplication","table":"spares_used","action":"row_skipped","dedupe_keys":["job_number","lnr"],"dedupe_values":[null,null],"reason":"duplicate_key"}
{"timestamp":"2026-01-20T09:26:25.595Z","runId":110,"level":"debug","phase":"deduplication","table":"spares_used","action":"row_skipped","dedupe_keys":["job_number","lnr"],"dedupe_values":[null,null],"reason":"duplicate_key"}
{"timestamp":"2026-01-20T09:26:25.595Z","runId":110,"level":"debug","phase":"deduplication","table":"spares_used","action":"row_skipped","dedupe_keys":["job_number","lnr"],"dedupe_values":[null,null],"reason":"duplicate_key"}
{"timestamp":"2026-01-20T09:26:25.595Z","runId":110,"level":"debug","phase":"deduplication","table":"spares_used","action":"row_skipped","dedupe_keys":["job_number","lnr"],"dedupe_values":[null,null],"reason":"duplicate_key"}
{"timestamp":"2026-01-20T09:26:25.595Z","runId":110,"level":"debug","phase":"deduplication","table":"spares_used","action":"row_skipped","dedupe_keys":["job_number","lnr"],"dedupe_values":[null,null],"reason":"duplicate_key"}
{"timestamp":"2026-01-20T09:26:25.595Z","runId":110,"level":"debug","phase":"deduplication","table":"spares_used","action":"row_skipped","dedupe_keys":["job_number","lnr"],"dedupe_values":[null,null],"reason":"duplicate_key"}
{"timestamp":"2026-01-20T09:26:25.595Z","runId":110,"level":"debug","phase":"deduplication","table":"spares_used","action":"row_skipped","dedupe_keys":["job_number","lnr"],"dedupe_values":[null,null],"reason":"duplicate_key"}
{"timestamp":"2026-01-20T09:26:25.596Z","runId":110,"level":"debug","phase":"deduplication","table":"spares_used","action":"row_skipped","dedupe_keys":["job_number","lnr"],"dedupe_values":[null,null],"reason":"duplicate_key"}
{"timestamp":"2026-01-20T09:26:25.596Z","runId":110,"level":"debug","phase":"deduplication","table":"spares_used","action":"row_skipped","dedupe_keys":["job_number","lnr"],"dedupe_values":[null,null],"reason":"duplicate_key"}
{"timestamp":"2026-01-20T09:26:25.596Z","runId":110,"level":"debug","phase":"deduplication","table":"spares_used","action":"row_skipped","dedupe_keys":["job_number","lnr"],"dedupe_values":[null,null],"reason":"duplicate_key"}
{"timestamp":"2026-01-20T09:26:25.596Z","runId":110,"level":"debug","phase":"deduplication","table":"spares_used","action":"row_skipped","dedupe_keys":["job_number","lnr"],"dedupe_values":[null,null],"reason":"duplicate_key"}
{"timestamp":"2026-01-20T09:26:25.596Z","runId":110,"level":"debug","phase":"deduplication","table":"spares_used","action":"row_skipped","dedupe_keys":["job_number","lnr"],"dedupe_values":[null,null],"reason":"duplicate_key"}
{"timestamp":"2026-01-20T09:26:25.596Z","runId":110,"level":"debug","phase":"deduplication","table":"spares_used","action":"row_skipped","dedupe_keys":["job_number","lnr"],"dedupe_values":[null,null],"reason":"duplicate_key"}
{"timestamp":"2026-01-20T09:26:25.597Z","runId":110,"level":"debug","phase":"deduplication","table":"spares_used","action":"row_skipped","dedupe_keys":["job_number","lnr"],"dedupe_values":[null,null],"reason":"duplicate_key"}
{"timestamp":"2026-01-20T09:26:25.597Z","runId":110,"level":"debug","phase":"deduplication","table":"spares_used","action":"row_skipped","dedupe_keys":["job_number","lnr"],"dedupe_values":[null,null],"reason":"duplicate_key"}
{"timestamp":"2026-01-20T09:26:25.597Z","runId":110,"level":"debug","phase":"deduplication","table":"spares_used","action":"row_skipped","dedupe_keys":["job_number","lnr"],"dedupe_values":[null,null],"reason":"duplicate_key"}
{"timestamp":"2026-01-20T09:26:25.597Z","runId":110,"level":"debug","phase":"deduplication","table":"spares_used","action":"row_skipped","dedupe_keys":["job_number","lnr"],"dedupe_values":[null,null],"reason":"duplicate_key"}
{"timestamp":"2026-01-20T09:26:25.597Z","runId":110,"level":"debug","phase":"deduplication","table":"spares_used","action":"row_skipped","dedupe_keys":["job_number","lnr"],"dedupe_values":[null,null],"reason":"duplicate_key"}
{"timestamp":"2026-01-20T09:26:25.597Z","runId":110,"level":"debug","phase":"deduplication","table":"spares_used","action":"row_skipped","dedupe_keys":["job_number","lnr"],"dedupe_values":[null,null],"reason":"duplicate_key"}
{"timestamp":"2026-01-20T09:26:25.598Z","runId":110,"level":"debug","phase":"deduplication","table":"spares_used","action":"row_skipped","dedupe_keys":["job_number","lnr"],"dedupe_values":[null,null],"reason":"duplicate_key"}
{"timestamp":"2026-01-20T09:26:25.598Z","runId":110,"level":"debug","phase":"deduplication","table":"spares_used","action":"row_skipped","dedupe_keys":["job_number","lnr"],"dedupe_values":[null,null],"reason":"duplicate_key"}
{"timestamp":"2026-01-20T09:26:25.598Z","runId":110,"level":"debug","phase":"deduplication","table":"spares_used","action":"row_skipped","dedupe_keys":["job_number","lnr"],"dedupe_values":[null,null],"reason":"duplicate_key"}
{"timestamp":"2026-01-20T09:26:25.598Z","runId":110,"level":"debug","phase":"deduplication","table":"spares_used","action":"row_skipped","dedupe_keys":["job_number","lnr"],"dedupe_values":[null,null],"reason":"duplicate_key"}
{"timestamp":"2026-01-20T09:26:25.598Z","runId":110,"level":"debug","phase":"deduplication","table":"spares_used","action":"row_skipped","dedupe_keys":["job_number","lnr"],"dedupe_values":[null,null],"reason":"duplicate_key"}
{"timestamp":"2026-01-20T09:26:25.598Z","runId":110,"level":"debug","phase":"deduplication","table":"spares_used","action":"row_skipped","dedupe_keys":["job_number","lnr"],"dedupe_values":[null,null],"reason":"duplicate_key"}
{"timestamp":"2026-01-20T09:26:25.598Z","runId":110,"level":"debug","phase":"deduplication","table":"spares_used","action":"row_skipped","dedupe_keys":["job_number","lnr"],"dedupe_values":[null,null],"reason":"duplicate_key"}
{"timestamp":"2026-01-20T09:26:25.599Z","runId":110,"level":"debug","phase":"deduplication","table":"spares_used","action":"row_skipped","dedupe_keys":["job_number","lnr"],"dedupe_values":[null,null],"reason":"duplicate_key"}
{"timestamp":"2026-01-20T09:26:25.599Z","runId":110,"level":"debug","phase":"deduplication","table":"spares_used","action":"row_skipped","dedupe_keys":["job_number","lnr"],"dedupe_values":[null,null],"reason":"duplicate_key"}
{"timestamp":"2026-01-20T09:26:25.599Z","runId":110,"level":"debug","phase":"deduplication","table":"spares_used","action":"row_skipped","dedupe_keys":["job_number","lnr"],"dedupe_values":[null,null],"reason":"duplicate_key"}
{"timestamp":"2026-01-20T09:26:25.599Z","runId":110,"level":"debug","phase":"deduplication","table":"spares_used","action":"row_skipped","dedupe_keys":["job_number","lnr"],"dedupe_values":[null,null],"reason":"duplicate_key"}
{"timestamp":"2026-01-20T09:26:25.599Z","runId":110,"level":"debug","phase":"deduplication","table":"spares_used","action":"row_skipped","dedupe_keys":["job_number","lnr"],"dedupe_values":[null,null],"reason":"duplicate_key"}
{"timestamp":"2026-01-20T09:26:25.599Z","runId":110,"level":"debug","phase":"deduplication","table":"spares_used","action":"row_skipped","dedupe_keys":["job_number","lnr"],"dedupe_values":[null,null],"reason":"duplicate_key"}
{"timestamp":"2026-01-20T09:26:25.599Z","runId":110,"level":"debug","phase":"deduplication","table":"spares_used","action":"row_skipped","dedupe_keys":["job_number","lnr"],"dedupe_values":[null,null],"reason":"duplicate_key"}
{"timestamp":"2026-01-20T09:26:25.599Z","runId":110,"level":"debug","phase":"deduplication","table":"spares_used","action":"row_skipped","dedupe_keys":["job_number","lnr"],"dedupe_values":[null,null],"reason":"duplicate_key"}
{"timestamp":"2026-01-20T09:26:25.600Z","runId":110,"level":"debug","phase":"deduplication","table":"spares_used","action":"row_skipped","dedupe_keys":["job_number","lnr"],"dedupe_values":[null,null],"reason":"duplicate_key"}
{"timestamp":"2026-01-20T09:26:25.600Z","runId":110,"level":"debug","phase":"deduplication","table":"spares_used","action":"row_skipped","dedupe_keys":["job_number","lnr"],"dedupe_values":[null,null],"reason":"duplicate_key"}
{"timestamp":"2026-01-20T09:26:25.600Z","runId":110,"level":"debug","phase":"deduplication","table":"spares_used","action":"row_skipped","dedupe_keys":["job_number","lnr"],"dedupe_values":[null,null],"reason":"duplicate_key"}
{"timestamp":"2026-01-20T09:26:25.600Z","runId":110,"level":"debug","phase":"deduplication","table":"spares_used","action":"row_skipped","dedupe_keys":["job_number","lnr"],"dedupe_values":[null,null],"reason":"duplicate_key"}
{"timestamp":"2026-01-20T09:26:25.600Z","runId":110,"level":"debug","phase":"deduplication","table":"spares_used","action":"row_skipped","dedupe_keys":["job_number","lnr"],"dedupe_values":[null,null],"reason":"duplicate_key"}
{"timestamp":"2026-01-20T09:26:25.600Z","runId":110,"level":"debug","phase":"deduplication","table":"spares_used","action":"row_skipped","dedupe_keys":["job_number","lnr"],"dedupe_values":[null,null],"reason":"duplicate_key"}
{"timestamp":"2026-01-20T09:26:25.600Z","runId":110,"level":"debug","phase":"deduplication","table":"spares_used","action":"row_skipped","dedupe_keys":["job_number","lnr"],"dedupe_values":[null,null],"reason":"duplicate_key"}
{"timestamp":"2026-01-20T09:26:25.601Z","runId":110,"level":"debug","phase":"deduplication","table":"spares_used","action":"row_skipped","dedupe_keys":["job_number","lnr"],"dedupe_values":[null,null],"reason":"duplicate_key"}
{"timestamp":"2026-01-20T09:26:25.601Z","runId":110,"level":"debug","phase":"deduplication","table":"spares_used","action":"row_skipped","dedupe_keys":["job_number","lnr"],"dedupe_values":[null,null],"reason":"duplicate_key"}
{"timestamp":"2026-01-20T09:26:25.601Z","runId":110,"level":"debug","phase":"deduplication","table":"spares_used","action":"row_skipped","dedupe_keys":["job_number","lnr"],"dedupe_values":[null,null],"reason":"duplicate_key"}
{"timestamp":"2026-01-20T09:26:25.601Z","runId":110,"level":"debug","phase":"deduplication","table":"spares_used","action":"row_skipped","dedupe_keys":["job_number","lnr"],"dedupe_values":[null,null],"reason":"duplicate_key"}
{"timestamp":"2026-01-20T09:26:25.601Z","runId":110,"level":"debug","phase":"deduplication","table":"spares_used","action":"row_skipped","dedupe_keys":["job_number","lnr"],"dedupe_values":[null,null],"reason":"duplicate_key"}
{"timestamp":"2026-01-20T09:26:25.601Z","runId":110,"level":"debug","phase":"deduplication","table":"spares_used","action":"row_skipped","dedupe_keys":["job_number","lnr"],"dedupe_values":[null,null],"reason":"duplicate_key"}
{"timestamp":"2026-01-20T09:26:25.601Z","runId":110,"level":"debug","phase":"deduplication","table":"spares_used","action":"row_skipped","dedupe_keys":["job_number","lnr"],"dedupe_values":[null,null],"reason":"duplicate_key"}
{"timestamp":"2026-01-20T09:26:25.601Z","runId":110,"level":"debug","phase":"deduplication","table":"spares_used","action":"row_skipped","dedupe_keys":["job_number","lnr"],"dedupe_values":[null,null],"reason":"duplicate_key"}
{"timestamp":"2026-01-20T09:26:25.601Z","runId":110,"level":"debug","phase":"deduplication","table":"spares_used","action":"row_skipped","dedupe_keys":["job_number","lnr"],"dedupe_values":[null,null],"reason":"duplicate_key"}
{"timestamp":"2026-01-20T09:26:25.602Z","runId":110,"level":"debug","phase":"deduplication","table":"spares_used","action":"row_skipped","dedupe_keys":["job_number","lnr"],"dedupe_values":[null,null],"reason":"duplicate_key"}
{"timestamp":"2026-01-20T09:26:25.602Z","runId":110,"level":"debug","phase":"deduplication","table":"spares_used","action":"row_skipped","dedupe_keys":["job_number","lnr"],"dedupe_values":[null,null],"reason":"duplicate_key"}
{"timestamp":"2026-01-20T09:26:25.602Z","runId":110,"level":"debug","phase":"deduplication","table":"spares_used","action":"row_skipped","dedupe_keys":["job_number","lnr"],"dedupe_values":[null,null],"reason":"duplicate_key"}
{"timestamp":"2026-01-20T09:26:25.602Z","runId":110,"level":"debug","phase":"deduplication","table":"spares_used","action":"row_skipped","dedupe_keys":["job_number","lnr"],"dedupe_values":[null,null],"reason":"duplicate_key"}
{"timestamp":"2026-01-20T09:26:25.602Z","runId":110,"level":"debug","phase":"deduplication","table":"spares_used","action":"row_skipped","dedupe_keys":["job_number","lnr"],"dedupe_values":[null,null],"reason":"duplicate_key"}
{"timestamp":"2026-01-20T09:26:25.602Z","runId":110,"level":"debug","phase":"deduplication","table":"spares_used","action":"row_skipped","dedupe_keys":["job_number","lnr"],"dedupe_values":[null,null],"reason":"duplicate_key"}
{"timestamp":"2026-01-20T09:26:25.602Z","runId":110,"level":"debug","phase":"deduplication","table":"spares_used","action":"row_skipped","dedupe_keys":["job_number","lnr"],"dedupe_values":[null,null],"reason":"duplicate_key"}
{"timestamp":"2026-01-20T09:26:25.602Z","runId":110,"level":"debug","phase":"deduplication","table":"spares_used","action":"row_skipped","dedupe_keys":["job_number","lnr"],"dedupe_values":[null,null],"reason":"duplicate_key"}
{"timestamp":"2026-01-20T09:26:25.603Z","runId":110,"level":"debug","phase":"deduplication","table":"spares_used","action":"row_skipped","dedupe_keys":["job_number","lnr"],"dedupe_values":[null,null],"reason":"duplicate_key"}
{"timestamp":"2026-01-20T09:26:25.603Z","runId":110,"level":"debug","phase":"deduplication","table":"spares_used","action":"row_skipped","dedupe_keys":["job_number","lnr"],"dedupe_values":[null,null],"reason":"duplicate_key"}
{"timestamp":"2026-01-20T09:26:25.603Z","runId":110,"level":"debug","phase":"deduplication","table":"spares_used","action":"row_skipped","dedupe_keys":["job_number","lnr"],"dedupe_values":[null,null],"reason":"duplicate_key"}
{"timestamp":"2026-01-20T09:26:25.632Z","runId":110,"level":"debug","phase":"write","tableName":"spares_used","tableRunId":130,"status":"end","inserted":5,"updated":0,"skipped":438,"durationMs":105}
{"timestamp":"2026-01-20T09:26:25.638Z","runId":110,"level":"info","phase":"post_validation","tableName":"spares_used","tableRunId":130,"status":"start"}
{"timestamp":"2026-01-20T09:26:25.705Z","runId":110,"level":"warn","phase":"post_validation","tableName":"spares_used","tableRunId":130,"status":"error","error":"Checksum mismatch in spares_used.quantity: Firebird sum=696.00, MySQL sum=4.00, variance=99.42%. This indicates data loss or incorrect transforms."}
{"timestamp":"2026-01-20T09:26:25.713Z","runId":110,"level":"info","phase":"table_finalize","tableName":"spares_used","tableRunId":130,"status":"success","inserted":5,"updated":0,"skipped":438,"errors":0,"durationMs":360}
{"timestamp":"2026-01-20T09:26:25.730Z","runId":110,"level":"info","phase":"run_finalize","status":"success"}
{"timestamp":"2026-01-20T09:26:27.059Z","runId":110,"level":"warn","phase":"progress","status":"client_disconnected"}
