{"timestamp":"2026-04-23T16:03:47.993Z","runId":21,"level":"info","phase":"run_start","dryRun":false,"batchSize":1000,"fkChecks":true,"tables":[{"table":"BANKS","mode":"INSERT","keyStrategy":"preserve","dedupeKeys":[],"onDuplicate":"SKIP","cleanBefore":true},{"table":"STOCK","mode":"INSERT","keyStrategy":"preserve","dedupeKeys":[],"onDuplicate":"SKIP","cleanBefore":true},{"table":"ACCOUNTS","mode":"INSERT","keyStrategy":"preserve","dedupeKeys":[],"onDuplicate":"SKIP","cleanBefore":true},{"table":"INVOICES","mode":"INSERT","keyStrategy":"preserve","dedupeKeys":[],"onDuplicate":"SKIP","cleanBefore":true},{"table":"LOCATION","mode":"INSERT","keyStrategy":"preserve","dedupeKeys":[],"onDuplicate":"SKIP","cleanBefore":true},{"table":"PAYMENTS","mode":"INSERT","keyStrategy":"preserve","dedupeKeys":[],"onDuplicate":"SKIP","cleanBefore":true},{"table":"ACC_CLASS","mode":"INSERT","keyStrategy":"preserve","dedupeKeys":[],"onDuplicate":"SKIP","cleanBefore":true},{"table":"CUSTOMERS","mode":"INSERT","keyStrategy":"preserve","dedupeKeys":[],"onDuplicate":"SKIP","cleanBefore":true},{"table":"SUPPLIERS","mode":"INSERT","keyStrategy":"preserve","dedupeKeys":[],"onDuplicate":"SKIP","cleanBefore":true},{"table":"WORK_DONE","mode":"INSERT","keyStrategy":"preserve","dedupeKeys":[],"onDuplicate":"SKIP","cleanBefore":true},{"table":"WIP_STATUS","mode":"INSERT","keyStrategy":"preserve","dedupeKeys":[],"onDuplicate":"SKIP","cleanBefore":true},{"table":"SPARES_USED","mode":"INSERT","keyStrategy":"preserve","dedupeKeys":[],"onDuplicate":"SKIP","cleanBefore":true},{"table":"CREDIT_NOTES","mode":"INSERT","keyStrategy":"preserve","dedupeKeys":[],"onDuplicate":"SKIP","cleanBefore":true},{"table":"INVOICE_ITEMS","mode":"INSERT","keyStrategy":"preserve","dedupeKeys":[],"onDuplicate":"SKIP","cleanBefore":true},{"table":"ACC_DEPARTMENT","mode":"INSERT","keyStrategy":"preserve","dedupeKeys":[],"onDuplicate":"SKIP","cleanBefore":true},{"table":"LABOUR_PRICING","mode":"INSERT","keyStrategy":"preserve","dedupeKeys":[],"onDuplicate":"SKIP","cleanBefore":true},{"table":"INVOICE_GENERAL","mode":"INSERT","keyStrategy":"preserve","dedupeKeys":[],"onDuplicate":"SKIP","cleanBefore":true},{"table":"JOB_INFORMATION","mode":"INSERT","keyStrategy":"preserve","dedupeKeys":[],"onDuplicate":"SKIP","cleanBefore":true},{"table":"INVOICES_SUPPLIER","mode":"INSERT","keyStrategy":"preserve","dedupeKeys":[],"onDuplicate":"SKIP","cleanBefore":true},{"table":"PAYMENTS_SUPPLIERS","mode":"INSERT","keyStrategy":"preserve","dedupeKeys":[],"onDuplicate":"SKIP","cleanBefore":true},{"table":"CREDIT_NOTES_SUPPLIER","mode":"INSERT","keyStrategy":"preserve","dedupeKeys":[],"onDuplicate":"SKIP","cleanBefore":true}]}
{"timestamp":"2026-04-23T16:03:47.995Z","runId":21,"level":"info","phase":"preflight","action":"firebird_config_check","host":"localhost","port":3050,"database":"C:\\Autoneer\\data\\AUTONEER.FDB","user":"SYSDBA","passwordSet":true,"passwordLength":9,"passwordSource":"state","useDefaultSysdbaMasterkey":true,"rawPasswordSet":true,"rawPasswordLength":9}
{"timestamp":"2026-04-23T16:03:48.124Z","runId":21,"level":"info","phase":"preflight","attempt":1,"status":"ok"}
{"timestamp":"2026-04-23T16:03:48.126Z","runId":21,"level":"debug","phase":"preflight","durationMs":132}
{"timestamp":"2026-04-23T16:03:48.126Z","runId":21,"level":"info","phase":"preflight","action":"nullability_validation","status":"start"}
{"timestamp":"2026-04-23T16:03:48.163Z","runId":21,"level":"info","phase":"preflight","action":"nullability_validation","status":"passed"}
{"timestamp":"2026-04-23T16:03:48.164Z","runId":21,"level":"info","phase":"preflight","action":"gl_account_types_seed","status":"start"}
{"timestamp":"2026-04-23T16:03:48.172Z","runId":21,"level":"info","phase":"preflight","action":"gl_account_types_seed","status":"passed"}
{"timestamp":"2026-04-23T16:03:48.280Z","runId":21,"level":"info","phase":"preflight","action":"transactional_filter_context","status":"start","startDate":"2025-03-01"}
{"timestamp":"2026-04-23T16:03:48.428Z","runId":21,"level":"info","phase":"preflight","action":"transactional_filter_context","status":"collecting_seed_keys","tables":11}
{"timestamp":"2026-04-23T16:03:48.473Z","runId":21,"level":"info","phase":"preflight","action":"transactional_filter_context","status":"seed_keys_collected","table":"invoices","keyCounts":{"customerJob":1382,"customerInvoice":1632,"customerCredit":0,"workDone":0,"supplierInvoice":0,"supplierInvoiceId":0}}
{"timestamp":"2026-04-23T16:03:48.505Z","runId":21,"level":"info","phase":"preflight","action":"transactional_filter_context","status":"seed_keys_collected","table":"payments","keyCounts":{"customerJob":1425,"customerInvoice":1687,"customerCredit":31,"workDone":0,"supplierInvoice":0,"supplierInvoiceId":0}}
{"timestamp":"2026-04-23T16:03:48.557Z","runId":21,"level":"info","phase":"preflight","action":"transactional_filter_context","status":"seed_keys_collected","table":"work_done","keyCounts":{"customerJob":1428,"customerInvoice":1687,"customerCredit":31,"workDone":3098,"supplierInvoice":0,"supplierInvoiceId":0}}
{"timestamp":"2026-04-23T16:03:48.612Z","runId":21,"level":"info","phase":"preflight","action":"transactional_filter_context","status":"seed_keys_collected","table":"spares_used","keyCounts":{"customerJob":1488,"customerInvoice":1687,"customerCredit":31,"workDone":3101,"supplierInvoice":0,"supplierInvoiceId":0}}
{"timestamp":"2026-04-23T16:03:48.619Z","runId":21,"level":"info","phase":"preflight","action":"transactional_filter_context","status":"seed_keys_collected","table":"credit_notes","keyCounts":{"customerJob":1488,"customerInvoice":1687,"customerCredit":63,"workDone":3101,"supplierInvoice":0,"supplierInvoiceId":0}}
{"timestamp":"2026-04-23T16:03:48.653Z","runId":21,"level":"info","phase":"preflight","action":"transactional_filter_context","status":"seed_keys_collected","table":"invoice_items","keyCounts":{"customerJob":1491,"customerInvoice":1687,"customerCredit":63,"workDone":3101,"supplierInvoice":2200,"supplierInvoiceId":0}}
{"timestamp":"2026-04-23T16:03:48.663Z","runId":21,"level":"info","phase":"preflight","action":"transactional_filter_context","status":"seed_keys_collected","table":"invoice_general","keyCounts":{"customerJob":1491,"customerInvoice":1687,"customerCredit":63,"workDone":3101,"supplierInvoice":2572,"supplierInvoiceId":0}}
{"timestamp":"2026-04-23T16:03:48.677Z","runId":21,"level":"info","phase":"preflight","action":"transactional_filter_context","status":"seed_keys_collected","table":"job_information","keyCounts":{"customerJob":1495,"customerInvoice":1687,"customerCredit":63,"workDone":3101,"supplierInvoice":2572,"supplierInvoiceId":0}}
{"timestamp":"2026-04-23T16:03:48.699Z","runId":21,"level":"info","phase":"preflight","action":"transactional_filter_context","status":"seed_keys_collected","table":"invoices_supplier","keyCounts":{"customerJob":1495,"customerInvoice":1687,"customerCredit":63,"workDone":3101,"supplierInvoice":2575,"supplierInvoiceId":2559}}
{"timestamp":"2026-04-23T16:03:48.722Z","runId":21,"level":"info","phase":"preflight","action":"transactional_filter_context","status":"seed_keys_collected","table":"payments_suppliers","keyCounts":{"customerJob":1495,"customerInvoice":1687,"customerCredit":63,"workDone":3101,"supplierInvoice":2654,"supplierInvoiceId":2635}}
{"timestamp":"2026-04-23T16:03:48.737Z","runId":21,"level":"info","phase":"preflight","action":"transactional_filter_context","status":"seed_keys_collected","table":"credit_notes_supplier","keyCounts":{"customerJob":1495,"customerInvoice":1687,"customerCredit":63,"workDone":3101,"supplierInvoice":2654,"supplierInvoiceId":2635}}
{"timestamp":"2026-04-23T16:03:49.861Z","runId":21,"level":"info","phase":"preflight","action":"transactional_filter_context","status":"link_traversal","iteration":1,"keyCounts":{"customerJob":1495,"customerInvoice":1687,"customerCredit":63,"workDone":3101,"supplierInvoice":2654,"supplierInvoiceId":2635}}
{"timestamp":"2026-04-23T16:03:49.866Z","runId":21,"level":"info","phase":"preflight","action":"transactional_filter_context","status":"link_traversal_table","iteration":1,"table":"invoices","plans":4}
{"timestamp":"2026-04-23T16:03:49.867Z","runId":21,"level":"info","phase":"preflight","action":"transactional_filter_context","status":"link_traversal_table","iteration":1,"table":"payments","plans":5}
{"timestamp":"2026-04-23T16:03:49.868Z","runId":21,"level":"info","phase":"preflight","action":"transactional_filter_context","status":"link_traversal_table","iteration":1,"table":"work_done","plans":8}
{"timestamp":"2026-04-23T16:03:49.869Z","runId":21,"level":"info","phase":"preflight","action":"transactional_filter_context","status":"link_traversal_table","iteration":1,"table":"spares_used","plans":8}
{"timestamp":"2026-04-23T16:03:49.870Z","runId":21,"level":"info","phase":"preflight","action":"transactional_filter_context","status":"link_traversal_table","iteration":1,"table":"credit_notes","plans":5}
{"timestamp":"2026-04-23T16:03:49.871Z","runId":21,"level":"info","phase":"preflight","action":"transactional_filter_context","status":"link_traversal_table","iteration":1,"table":"invoice_items","plans":5}
{"timestamp":"2026-04-23T16:03:49.872Z","runId":21,"level":"info","phase":"preflight","action":"transactional_filter_context","status":"link_traversal_table","iteration":1,"table":"invoice_general","plans":3}
{"timestamp":"2026-04-23T16:03:49.872Z","runId":21,"level":"info","phase":"preflight","action":"transactional_filter_context","status":"link_traversal_table","iteration":1,"table":"job_information","plans":2}
{"timestamp":"2026-04-23T16:03:49.874Z","runId":21,"level":"info","phase":"preflight","action":"transactional_filter_context","status":"link_traversal_table","iteration":1,"table":"invoices_supplier","plans":6}
{"timestamp":"2026-04-23T16:03:49.875Z","runId":21,"level":"info","phase":"preflight","action":"transactional_filter_context","status":"link_traversal_table","iteration":1,"table":"payments_suppliers","plans":6}
{"timestamp":"2026-04-23T16:03:49.876Z","runId":21,"level":"info","phase":"preflight","action":"transactional_filter_context","status":"link_traversal_table","iteration":1,"table":"credit_notes_supplier","plans":6}
{"timestamp":"2026-04-23T16:04:08.182Z","runId":21,"level":"info","phase":"preflight","action":"firebird_config_check","host":"localhost","port":3050,"database":"C:\\Autoneer\\data\\AUTONEER.FDB","user":"SYSDBA","passwordSet":true,"passwordLength":9,"passwordSource":"state","useDefaultSysdbaMasterkey":true,"rawPasswordSet":true,"rawPasswordLength":9}
{"timestamp":"2026-04-23T16:04:08.274Z","runId":21,"level":"info","phase":"preflight","attempt":1,"status":"ok"}
{"timestamp":"2026-04-23T16:04:08.274Z","runId":21,"level":"debug","phase":"keepalive","status":"ok"}
{"timestamp":"2026-04-23T16:04:28.190Z","runId":21,"level":"info","phase":"preflight","action":"firebird_config_check","host":"localhost","port":3050,"database":"C:\\Autoneer\\data\\AUTONEER.FDB","user":"SYSDBA","passwordSet":true,"passwordLength":9,"passwordSource":"state","useDefaultSysdbaMasterkey":true,"rawPasswordSet":true,"rawPasswordLength":9}
{"timestamp":"2026-04-23T16:04:28.237Z","runId":21,"level":"info","phase":"preflight","attempt":1,"status":"ok"}
{"timestamp":"2026-04-23T16:04:28.238Z","runId":21,"level":"debug","phase":"keepalive","status":"ok"}
{"timestamp":"2026-04-23T16:04:38.126Z","runId":21,"level":"info","phase":"preflight","action":"transactional_filter_context","status":"link_traversal","iteration":2,"keyCounts":{"customerJob":10291,"customerInvoice":12241,"customerCredit":214,"workDone":3534,"supplierInvoice":15920,"supplierInvoiceId":2698}}
{"timestamp":"2026-04-23T16:04:38.131Z","runId":21,"level":"info","phase":"preflight","action":"transactional_filter_context","status":"link_traversal_table","iteration":2,"table":"invoices","plans":24}
{"timestamp":"2026-04-23T16:04:38.132Z","runId":21,"level":"info","phase":"preflight","action":"transactional_filter_context","status":"link_traversal_table","iteration":2,"table":"payments","plans":25}
{"timestamp":"2026-04-23T16:04:38.133Z","runId":21,"level":"info","phase":"preflight","action":"transactional_filter_context","status":"link_traversal_table","iteration":2,"table":"work_done","plans":28}
{"timestamp":"2026-04-23T16:04:38.133Z","runId":21,"level":"info","phase":"preflight","action":"transactional_filter_context","status":"link_traversal_table","iteration":2,"table":"spares_used","plans":28}
{"timestamp":"2026-04-23T16:04:38.134Z","runId":21,"level":"info","phase":"preflight","action":"transactional_filter_context","status":"link_traversal_table","iteration":2,"table":"credit_notes","plans":25}
{"timestamp":"2026-04-23T16:04:38.135Z","runId":21,"level":"info","phase":"preflight","action":"transactional_filter_context","status":"link_traversal_table","iteration":2,"table":"invoice_items","plans":27}
{"timestamp":"2026-04-23T16:04:38.136Z","runId":21,"level":"info","phase":"preflight","action":"transactional_filter_context","status":"link_traversal_table","iteration":2,"table":"invoice_general","plans":16}
{"timestamp":"2026-04-23T16:04:38.137Z","runId":21,"level":"info","phase":"preflight","action":"transactional_filter_context","status":"link_traversal_table","iteration":2,"table":"job_information","plans":11}
{"timestamp":"2026-04-23T16:04:38.137Z","runId":21,"level":"info","phase":"preflight","action":"transactional_filter_context","status":"link_traversal_table","iteration":2,"table":"invoices_supplier","plans":19}
{"timestamp":"2026-04-23T16:04:38.138Z","runId":21,"level":"info","phase":"preflight","action":"transactional_filter_context","status":"link_traversal_table","iteration":2,"table":"payments_suppliers","plans":19}
{"timestamp":"2026-04-23T16:04:38.138Z","runId":21,"level":"info","phase":"preflight","action":"transactional_filter_context","status":"link_traversal_table","iteration":2,"table":"credit_notes_supplier","plans":19}
{"timestamp":"2026-04-23T16:04:48.191Z","runId":21,"level":"info","phase":"preflight","action":"firebird_config_check","host":"localhost","port":3050,"database":"C:\\Autoneer\\data\\AUTONEER.FDB","user":"SYSDBA","passwordSet":true,"passwordLength":9,"passwordSource":"state","useDefaultSysdbaMasterkey":true,"rawPasswordSet":true,"rawPasswordLength":9}
{"timestamp":"2026-04-23T16:04:48.308Z","runId":21,"level":"info","phase":"preflight","attempt":1,"status":"ok"}
{"timestamp":"2026-04-23T16:04:48.308Z","runId":21,"level":"debug","phase":"keepalive","status":"ok"}
{"timestamp":"2026-04-23T16:05:08.198Z","runId":21,"level":"info","phase":"preflight","action":"firebird_config_check","host":"localhost","port":3050,"database":"C:\\Autoneer\\data\\AUTONEER.FDB","user":"SYSDBA","passwordSet":true,"passwordLength":9,"passwordSource":"state","useDefaultSysdbaMasterkey":true,"rawPasswordSet":true,"rawPasswordLength":9}
{"timestamp":"2026-04-23T16:05:08.269Z","runId":21,"level":"info","phase":"preflight","attempt":1,"status":"ok"}
{"timestamp":"2026-04-23T16:05:08.269Z","runId":21,"level":"debug","phase":"keepalive","status":"ok"}
{"timestamp":"2026-04-23T16:05:28.203Z","runId":21,"level":"info","phase":"preflight","action":"firebird_config_check","host":"localhost","port":3050,"database":"C:\\Autoneer\\data\\AUTONEER.FDB","user":"SYSDBA","passwordSet":true,"passwordLength":9,"passwordSource":"state","useDefaultSysdbaMasterkey":true,"rawPasswordSet":true,"rawPasswordLength":9}
{"timestamp":"2026-04-23T16:05:28.261Z","runId":21,"level":"info","phase":"preflight","attempt":1,"status":"ok"}
{"timestamp":"2026-04-23T16:05:28.262Z","runId":21,"level":"debug","phase":"keepalive","status":"ok"}
{"timestamp":"2026-04-23T16:05:48.213Z","runId":21,"level":"info","phase":"preflight","action":"firebird_config_check","host":"localhost","port":3050,"database":"C:\\Autoneer\\data\\AUTONEER.FDB","user":"SYSDBA","passwordSet":true,"passwordLength":9,"passwordSource":"state","useDefaultSysdbaMasterkey":true,"rawPasswordSet":true,"rawPasswordLength":9}
{"timestamp":"2026-04-23T16:05:48.285Z","runId":21,"level":"info","phase":"preflight","attempt":1,"status":"ok"}
{"timestamp":"2026-04-23T16:05:48.285Z","runId":21,"level":"debug","phase":"keepalive","status":"ok"}
{"timestamp":"2026-04-23T16:05:55.880Z","runId":21,"level":"info","phase":"preflight","action":"transactional_filter_context","status":"link_traversal","iteration":3,"keyCounts":{"customerJob":10303,"customerInvoice":12326,"customerCredit":1392,"workDone":11290,"supplierInvoice":17683,"supplierInvoiceId":16129}}
{"timestamp":"2026-04-23T16:05:55.886Z","runId":21,"level":"info","phase":"preflight","action":"transactional_filter_context","status":"link_traversal_table","iteration":3,"table":"invoices","plans":24}
{"timestamp":"2026-04-23T16:05:55.887Z","runId":21,"level":"info","phase":"preflight","action":"transactional_filter_context","status":"link_traversal_table","iteration":3,"table":"payments","plans":26}
{"timestamp":"2026-04-23T16:05:55.888Z","runId":21,"level":"info","phase":"preflight","action":"transactional_filter_context","status":"link_traversal_table","iteration":3,"table":"work_done","plans":36}
{"timestamp":"2026-04-23T16:05:55.889Z","runId":21,"level":"info","phase":"preflight","action":"transactional_filter_context","status":"link_traversal_table","iteration":3,"table":"spares_used","plans":36}
{"timestamp":"2026-04-23T16:05:55.890Z","runId":21,"level":"info","phase":"preflight","action":"transactional_filter_context","status":"link_traversal_table","iteration":3,"table":"credit_notes","plans":26}
{"timestamp":"2026-04-23T16:05:55.890Z","runId":21,"level":"info","phase":"preflight","action":"transactional_filter_context","status":"link_traversal_table","iteration":3,"table":"invoice_items","plans":29}
{"timestamp":"2026-04-23T16:05:55.891Z","runId":21,"level":"info","phase":"preflight","action":"transactional_filter_context","status":"link_traversal_table","iteration":3,"table":"invoice_general","plans":18}
{"timestamp":"2026-04-23T16:05:55.892Z","runId":21,"level":"info","phase":"preflight","action":"transactional_filter_context","status":"link_traversal_table","iteration":3,"table":"job_information","plans":11}
{"timestamp":"2026-04-23T16:05:55.892Z","runId":21,"level":"info","phase":"preflight","action":"transactional_filter_context","status":"link_traversal_table","iteration":3,"table":"invoices_supplier","plans":35}
{"timestamp":"2026-04-23T16:05:55.893Z","runId":21,"level":"info","phase":"preflight","action":"transactional_filter_context","status":"link_traversal_table","iteration":3,"table":"payments_suppliers","plans":35}
{"timestamp":"2026-04-23T16:05:55.895Z","runId":21,"level":"info","phase":"preflight","action":"transactional_filter_context","status":"link_traversal_table","iteration":3,"table":"credit_notes_supplier","plans":35}
{"timestamp":"2026-04-23T16:06:08.213Z","runId":21,"level":"info","phase":"preflight","action":"firebird_config_check","host":"localhost","port":3050,"database":"C:\\Autoneer\\data\\AUTONEER.FDB","user":"SYSDBA","passwordSet":true,"passwordLength":9,"passwordSource":"state","useDefaultSysdbaMasterkey":true,"rawPasswordSet":true,"rawPasswordLength":9}
{"timestamp":"2026-04-23T16:06:08.334Z","runId":21,"level":"info","phase":"preflight","attempt":1,"status":"ok"}
{"timestamp":"2026-04-23T16:06:08.334Z","runId":21,"level":"debug","phase":"keepalive","status":"ok"}
{"timestamp":"2026-04-23T16:06:28.229Z","runId":21,"level":"info","phase":"preflight","action":"firebird_config_check","host":"localhost","port":3050,"database":"C:\\Autoneer\\data\\AUTONEER.FDB","user":"SYSDBA","passwordSet":true,"passwordLength":9,"passwordSource":"state","useDefaultSysdbaMasterkey":true,"rawPasswordSet":true,"rawPasswordLength":9}
{"timestamp":"2026-04-23T16:06:28.292Z","runId":21,"level":"info","phase":"preflight","attempt":1,"status":"ok"}
{"timestamp":"2026-04-23T16:06:28.293Z","runId":21,"level":"debug","phase":"keepalive","status":"ok"}
{"timestamp":"2026-04-23T16:06:48.233Z","runId":21,"level":"info","phase":"preflight","action":"firebird_config_check","host":"localhost","port":3050,"database":"C:\\Autoneer\\data\\AUTONEER.FDB","user":"SYSDBA","passwordSet":true,"passwordLength":9,"passwordSource":"state","useDefaultSysdbaMasterkey":true,"rawPasswordSet":true,"rawPasswordLength":9}
{"timestamp":"2026-04-23T16:06:48.312Z","runId":21,"level":"info","phase":"preflight","attempt":1,"status":"ok"}
{"timestamp":"2026-04-23T16:06:48.312Z","runId":21,"level":"debug","phase":"keepalive","status":"ok"}
{"timestamp":"2026-04-23T16:07:08.241Z","runId":21,"level":"info","phase":"preflight","action":"firebird_config_check","host":"localhost","port":3050,"database":"C:\\Autoneer\\data\\AUTONEER.FDB","user":"SYSDBA","passwordSet":true,"passwordLength":9,"passwordSource":"state","useDefaultSysdbaMasterkey":true,"rawPasswordSet":true,"rawPasswordLength":9}
{"timestamp":"2026-04-23T16:07:08.318Z","runId":21,"level":"info","phase":"preflight","attempt":1,"status":"ok"}
{"timestamp":"2026-04-23T16:07:08.318Z","runId":21,"level":"debug","phase":"keepalive","status":"ok"}
{"timestamp":"2026-04-23T16:07:28.258Z","runId":21,"level":"info","phase":"preflight","action":"firebird_config_check","host":"localhost","port":3050,"database":"C:\\Autoneer\\data\\AUTONEER.FDB","user":"SYSDBA","passwordSet":true,"passwordLength":9,"passwordSource":"state","useDefaultSysdbaMasterkey":true,"rawPasswordSet":true,"rawPasswordLength":9}
{"timestamp":"2026-04-23T16:07:29.102Z","runId":21,"level":"info","phase":"preflight","attempt":1,"status":"ok"}
{"timestamp":"2026-04-23T16:07:29.103Z","runId":21,"level":"debug","phase":"keepalive","status":"ok"}
{"timestamp":"2026-04-23T16:07:48.262Z","runId":21,"level":"info","phase":"preflight","action":"firebird_config_check","host":"localhost","port":3050,"database":"C:\\Autoneer\\data\\AUTONEER.FDB","user":"SYSDBA","passwordSet":true,"passwordLength":9,"passwordSource":"state","useDefaultSysdbaMasterkey":true,"rawPasswordSet":true,"rawPasswordLength":9}
{"timestamp":"2026-04-23T16:07:48.334Z","runId":21,"level":"info","phase":"preflight","attempt":1,"status":"ok"}
{"timestamp":"2026-04-23T16:07:48.334Z","runId":21,"level":"debug","phase":"keepalive","status":"ok"}
{"timestamp":"2026-04-23T16:08:08.266Z","runId":21,"level":"info","phase":"preflight","action":"firebird_config_check","host":"localhost","port":3050,"database":"C:\\Autoneer\\data\\AUTONEER.FDB","user":"SYSDBA","passwordSet":true,"passwordLength":9,"passwordSource":"state","useDefaultSysdbaMasterkey":true,"rawPasswordSet":true,"rawPasswordLength":9}
{"timestamp":"2026-04-23T16:08:08.337Z","runId":21,"level":"info","phase":"preflight","attempt":1,"status":"ok"}
{"timestamp":"2026-04-23T16:08:08.338Z","runId":21,"level":"debug","phase":"keepalive","status":"ok"}
{"timestamp":"2026-04-23T16:08:28.275Z","runId":21,"level":"info","phase":"preflight","action":"firebird_config_check","host":"localhost","port":3050,"database":"C:\\Autoneer\\data\\AUTONEER.FDB","user":"SYSDBA","passwordSet":true,"passwordLength":9,"passwordSource":"state","useDefaultSysdbaMasterkey":true,"rawPasswordSet":true,"rawPasswordLength":9}
{"timestamp":"2026-04-23T16:08:28.326Z","runId":21,"level":"info","phase":"preflight","attempt":1,"status":"ok"}
{"timestamp":"2026-04-23T16:08:28.326Z","runId":21,"level":"debug","phase":"keepalive","status":"ok"}
{"timestamp":"2026-04-23T16:08:48.285Z","runId":21,"level":"info","phase":"preflight","action":"firebird_config_check","host":"localhost","port":3050,"database":"C:\\Autoneer\\data\\AUTONEER.FDB","user":"SYSDBA","passwordSet":true,"passwordLength":9,"passwordSource":"state","useDefaultSysdbaMasterkey":true,"rawPasswordSet":true,"rawPasswordLength":9}
{"timestamp":"2026-04-23T16:08:48.374Z","runId":21,"level":"info","phase":"preflight","attempt":1,"status":"ok"}
{"timestamp":"2026-04-23T16:08:48.374Z","runId":21,"level":"debug","phase":"keepalive","status":"ok"}
{"timestamp":"2026-04-23T16:09:08.296Z","runId":21,"level":"info","phase":"preflight","action":"firebird_config_check","host":"localhost","port":3050,"database":"C:\\Autoneer\\data\\AUTONEER.FDB","user":"SYSDBA","passwordSet":true,"passwordLength":9,"passwordSource":"state","useDefaultSysdbaMasterkey":true,"rawPasswordSet":true,"rawPasswordLength":9}
{"timestamp":"2026-04-23T16:09:08.384Z","runId":21,"level":"info","phase":"preflight","attempt":1,"status":"ok"}
{"timestamp":"2026-04-23T16:09:08.384Z","runId":21,"level":"debug","phase":"keepalive","status":"ok"}
{"timestamp":"2026-04-23T16:09:11.412Z","runId":21,"level":"info","phase":"preflight","action":"transactional_filter_context","status":"link_traversal","iteration":4,"keyCounts":{"customerJob":10308,"customerInvoice":12327,"customerCredit":1392,"workDone":11290,"supplierInvoice":17746,"supplierInvoiceId":17926}}
{"timestamp":"2026-04-23T16:09:11.428Z","runId":21,"level":"info","phase":"preflight","action":"transactional_filter_context","status":"link_traversal_table","iteration":4,"table":"invoices","plans":24}
{"timestamp":"2026-04-23T16:09:11.430Z","runId":21,"level":"info","phase":"preflight","action":"transactional_filter_context","status":"link_traversal_table","iteration":4,"table":"payments","plans":26}
{"timestamp":"2026-04-23T16:09:11.432Z","runId":21,"level":"info","phase":"preflight","action":"transactional_filter_context","status":"link_traversal_table","iteration":4,"table":"work_done","plans":36}
{"timestamp":"2026-04-23T16:09:11.434Z","runId":21,"level":"info","phase":"preflight","action":"transactional_filter_context","status":"link_traversal_table","iteration":4,"table":"spares_used","plans":36}
{"timestamp":"2026-04-23T16:09:11.436Z","runId":21,"level":"info","phase":"preflight","action":"transactional_filter_context","status":"link_traversal_table","iteration":4,"table":"credit_notes","plans":26}
{"timestamp":"2026-04-23T16:09:11.438Z","runId":21,"level":"info","phase":"preflight","action":"transactional_filter_context","status":"link_traversal_table","iteration":4,"table":"invoice_items","plans":29}
{"timestamp":"2026-04-23T16:09:11.439Z","runId":21,"level":"info","phase":"preflight","action":"transactional_filter_context","status":"link_traversal_table","iteration":4,"table":"invoice_general","plans":18}
{"timestamp":"2026-04-23T16:09:11.439Z","runId":21,"level":"info","phase":"preflight","action":"transactional_filter_context","status":"link_traversal_table","iteration":4,"table":"job_information","plans":11}
{"timestamp":"2026-04-23T16:09:11.448Z","runId":21,"level":"info","phase":"preflight","action":"transactional_filter_context","status":"link_traversal_table","iteration":4,"table":"invoices_supplier","plans":36}
{"timestamp":"2026-04-23T16:09:11.454Z","runId":21,"level":"info","phase":"preflight","action":"transactional_filter_context","status":"link_traversal_table","iteration":4,"table":"payments_suppliers","plans":36}
{"timestamp":"2026-04-23T16:09:11.460Z","runId":21,"level":"info","phase":"preflight","action":"transactional_filter_context","status":"link_traversal_table","iteration":4,"table":"credit_notes_supplier","plans":36}
{"timestamp":"2026-04-23T16:09:28.302Z","runId":21,"level":"info","phase":"preflight","action":"firebird_config_check","host":"localhost","port":3050,"database":"C:\\Autoneer\\data\\AUTONEER.FDB","user":"SYSDBA","passwordSet":true,"passwordLength":9,"passwordSource":"state","useDefaultSysdbaMasterkey":true,"rawPasswordSet":true,"rawPasswordLength":9}
{"timestamp":"2026-04-23T16:09:28.379Z","runId":21,"level":"info","phase":"preflight","attempt":1,"status":"ok"}
{"timestamp":"2026-04-23T16:09:28.379Z","runId":21,"level":"debug","phase":"keepalive","status":"ok"}
{"timestamp":"2026-04-23T16:09:48.316Z","runId":21,"level":"info","phase":"preflight","action":"firebird_config_check","host":"localhost","port":3050,"database":"C:\\Autoneer\\data\\AUTONEER.FDB","user":"SYSDBA","passwordSet":true,"passwordLength":9,"passwordSource":"state","useDefaultSysdbaMasterkey":true,"rawPasswordSet":true,"rawPasswordLength":9}
{"timestamp":"2026-04-23T16:09:48.415Z","runId":21,"level":"info","phase":"preflight","attempt":1,"status":"ok"}
{"timestamp":"2026-04-23T16:09:48.415Z","runId":21,"level":"debug","phase":"keepalive","status":"ok"}
{"timestamp":"2026-04-23T16:10:08.317Z","runId":21,"level":"info","phase":"preflight","action":"firebird_config_check","host":"localhost","port":3050,"database":"C:\\Autoneer\\data\\AUTONEER.FDB","user":"SYSDBA","passwordSet":true,"passwordLength":9,"passwordSource":"state","useDefaultSysdbaMasterkey":true,"rawPasswordSet":true,"rawPasswordLength":9}
{"timestamp":"2026-04-23T16:10:08.411Z","runId":21,"level":"info","phase":"preflight","attempt":1,"status":"ok"}
{"timestamp":"2026-04-23T16:10:08.412Z","runId":21,"level":"debug","phase":"keepalive","status":"ok"}
{"timestamp":"2026-04-23T16:10:28.322Z","runId":21,"level":"info","phase":"preflight","action":"firebird_config_check","host":"localhost","port":3050,"database":"C:\\Autoneer\\data\\AUTONEER.FDB","user":"SYSDBA","passwordSet":true,"passwordLength":9,"passwordSource":"state","useDefaultSysdbaMasterkey":true,"rawPasswordSet":true,"rawPasswordLength":9}
{"timestamp":"2026-04-23T16:10:28.398Z","runId":21,"level":"info","phase":"preflight","attempt":1,"status":"ok"}
{"timestamp":"2026-04-23T16:10:28.399Z","runId":21,"level":"debug","phase":"keepalive","status":"ok"}
{"timestamp":"2026-04-23T16:10:48.336Z","runId":21,"level":"info","phase":"preflight","action":"firebird_config_check","host":"localhost","port":3050,"database":"C:\\Autoneer\\data\\AUTONEER.FDB","user":"SYSDBA","passwordSet":true,"passwordLength":9,"passwordSource":"state","useDefaultSysdbaMasterkey":true,"rawPasswordSet":true,"rawPasswordLength":9}
{"timestamp":"2026-04-23T16:10:49.157Z","runId":21,"level":"info","phase":"preflight","attempt":1,"status":"ok"}
{"timestamp":"2026-04-23T16:10:49.157Z","runId":21,"level":"debug","phase":"keepalive","status":"ok"}
{"timestamp":"2026-04-23T16:11:08.350Z","runId":21,"level":"info","phase":"preflight","action":"firebird_config_check","host":"localhost","port":3050,"database":"C:\\Autoneer\\data\\AUTONEER.FDB","user":"SYSDBA","passwordSet":true,"passwordLength":9,"passwordSource":"state","useDefaultSysdbaMasterkey":true,"rawPasswordSet":true,"rawPasswordLength":9}
{"timestamp":"2026-04-23T16:11:08.442Z","runId":21,"level":"info","phase":"preflight","attempt":1,"status":"ok"}
{"timestamp":"2026-04-23T16:11:08.442Z","runId":21,"level":"debug","phase":"keepalive","status":"ok"}
{"timestamp":"2026-04-23T16:11:28.366Z","runId":21,"level":"info","phase":"preflight","action":"firebird_config_check","host":"localhost","port":3050,"database":"C:\\Autoneer\\data\\AUTONEER.FDB","user":"SYSDBA","passwordSet":true,"passwordLength":9,"passwordSource":"state","useDefaultSysdbaMasterkey":true,"rawPasswordSet":true,"rawPasswordLength":9}
{"timestamp":"2026-04-23T16:11:28.442Z","runId":21,"level":"info","phase":"preflight","attempt":1,"status":"ok"}
{"timestamp":"2026-04-23T16:11:28.442Z","runId":21,"level":"debug","phase":"keepalive","status":"ok"}
{"timestamp":"2026-04-23T16:11:48.381Z","runId":21,"level":"info","phase":"preflight","action":"firebird_config_check","host":"localhost","port":3050,"database":"C:\\Autoneer\\data\\AUTONEER.FDB","user":"SYSDBA","passwordSet":true,"passwordLength":9,"passwordSource":"state","useDefaultSysdbaMasterkey":true,"rawPasswordSet":true,"rawPasswordLength":9}
{"timestamp":"2026-04-23T16:11:49.161Z","runId":21,"level":"info","phase":"preflight","attempt":1,"status":"ok"}
{"timestamp":"2026-04-23T16:11:49.161Z","runId":21,"level":"debug","phase":"keepalive","status":"ok"}
{"timestamp":"2026-04-23T16:12:08.398Z","runId":21,"level":"info","phase":"preflight","action":"firebird_config_check","host":"localhost","port":3050,"database":"C:\\Autoneer\\data\\AUTONEER.FDB","user":"SYSDBA","passwordSet":true,"passwordLength":9,"passwordSource":"state","useDefaultSysdbaMasterkey":true,"rawPasswordSet":true,"rawPasswordLength":9}
{"timestamp":"2026-04-23T16:12:09.394Z","runId":21,"level":"info","phase":"preflight","attempt":1,"status":"ok"}
{"timestamp":"2026-04-23T16:12:09.395Z","runId":21,"level":"debug","phase":"keepalive","status":"ok"}
{"timestamp":"2026-04-23T16:12:25.376Z","runId":21,"level":"info","phase":"preflight","action":"transactional_filter_context","status":"link_traversal","iteration":5,"keyCounts":{"customerJob":10308,"customerInvoice":12328,"customerCredit":1392,"workDone":11294,"supplierInvoice":17753,"supplierInvoiceId":17970}}
{"timestamp":"2026-04-23T16:12:25.392Z","runId":21,"level":"info","phase":"preflight","action":"transactional_filter_context","status":"link_traversal_table","iteration":5,"table":"invoices","plans":24}
{"timestamp":"2026-04-23T16:12:25.394Z","runId":21,"level":"info","phase":"preflight","action":"transactional_filter_context","status":"link_traversal_table","iteration":5,"table":"payments","plans":26}
{"timestamp":"2026-04-23T16:12:25.396Z","runId":21,"level":"info","phase":"preflight","action":"transactional_filter_context","status":"link_traversal_table","iteration":5,"table":"work_done","plans":36}
{"timestamp":"2026-04-23T16:12:25.398Z","runId":21,"level":"info","phase":"preflight","action":"transactional_filter_context","status":"link_traversal_table","iteration":5,"table":"spares_used","plans":36}
{"timestamp":"2026-04-23T16:12:25.400Z","runId":21,"level":"info","phase":"preflight","action":"transactional_filter_context","status":"link_traversal_table","iteration":5,"table":"credit_notes","plans":26}
{"timestamp":"2026-04-23T16:12:25.401Z","runId":21,"level":"info","phase":"preflight","action":"transactional_filter_context","status":"link_traversal_table","iteration":5,"table":"invoice_items","plans":29}
{"timestamp":"2026-04-23T16:12:25.405Z","runId":21,"level":"info","phase":"preflight","action":"transactional_filter_context","status":"link_traversal_table","iteration":5,"table":"invoice_general","plans":18}
{"timestamp":"2026-04-23T16:12:25.406Z","runId":21,"level":"info","phase":"preflight","action":"transactional_filter_context","status":"link_traversal_table","iteration":5,"table":"job_information","plans":11}
{"timestamp":"2026-04-23T16:12:25.412Z","runId":21,"level":"info","phase":"preflight","action":"transactional_filter_context","status":"link_traversal_table","iteration":5,"table":"invoices_supplier","plans":36}
{"timestamp":"2026-04-23T16:12:25.415Z","runId":21,"level":"info","phase":"preflight","action":"transactional_filter_context","status":"link_traversal_table","iteration":5,"table":"payments_suppliers","plans":36}
{"timestamp":"2026-04-23T16:12:25.422Z","runId":21,"level":"info","phase":"preflight","action":"transactional_filter_context","status":"link_traversal_table","iteration":5,"table":"credit_notes_supplier","plans":36}
{"timestamp":"2026-04-23T16:12:28.398Z","runId":21,"level":"info","phase":"preflight","action":"firebird_config_check","host":"localhost","port":3050,"database":"C:\\Autoneer\\data\\AUTONEER.FDB","user":"SYSDBA","passwordSet":true,"passwordLength":9,"passwordSource":"state","useDefaultSysdbaMasterkey":true,"rawPasswordSet":true,"rawPasswordLength":9}
{"timestamp":"2026-04-23T16:12:28.480Z","runId":21,"level":"info","phase":"preflight","attempt":1,"status":"ok"}
{"timestamp":"2026-04-23T16:12:28.481Z","runId":21,"level":"debug","phase":"keepalive","status":"ok"}
{"timestamp":"2026-04-23T16:12:48.398Z","runId":21,"level":"info","phase":"preflight","action":"firebird_config_check","host":"localhost","port":3050,"database":"C:\\Autoneer\\data\\AUTONEER.FDB","user":"SYSDBA","passwordSet":true,"passwordLength":9,"passwordSource":"state","useDefaultSysdbaMasterkey":true,"rawPasswordSet":true,"rawPasswordLength":9}
{"timestamp":"2026-04-23T16:12:49.260Z","runId":21,"level":"info","phase":"preflight","attempt":1,"status":"ok"}
{"timestamp":"2026-04-23T16:12:49.261Z","runId":21,"level":"debug","phase":"keepalive","status":"ok"}
{"timestamp":"2026-04-23T16:13:08.414Z","runId":21,"level":"info","phase":"preflight","action":"firebird_config_check","host":"localhost","port":3050,"database":"C:\\Autoneer\\data\\AUTONEER.FDB","user":"SYSDBA","passwordSet":true,"passwordLength":9,"passwordSource":"state","useDefaultSysdbaMasterkey":true,"rawPasswordSet":true,"rawPasswordLength":9}
{"timestamp":"2026-04-23T16:13:08.511Z","runId":21,"level":"info","phase":"preflight","attempt":1,"status":"ok"}
{"timestamp":"2026-04-23T16:13:08.512Z","runId":21,"level":"debug","phase":"keepalive","status":"ok"}
{"timestamp":"2026-04-23T16:13:28.414Z","runId":21,"level":"info","phase":"preflight","action":"firebird_config_check","host":"localhost","port":3050,"database":"C:\\Autoneer\\data\\AUTONEER.FDB","user":"SYSDBA","passwordSet":true,"passwordLength":9,"passwordSource":"state","useDefaultSysdbaMasterkey":true,"rawPasswordSet":true,"rawPasswordLength":9}
{"timestamp":"2026-04-23T16:13:29.191Z","runId":21,"level":"info","phase":"preflight","attempt":1,"status":"ok"}
{"timestamp":"2026-04-23T16:13:29.192Z","runId":21,"level":"debug","phase":"keepalive","status":"ok"}
{"timestamp":"2026-04-23T16:13:48.429Z","runId":21,"level":"info","phase":"preflight","action":"firebird_config_check","host":"localhost","port":3050,"database":"C:\\Autoneer\\data\\AUTONEER.FDB","user":"SYSDBA","passwordSet":true,"passwordLength":9,"passwordSource":"state","useDefaultSysdbaMasterkey":true,"rawPasswordSet":true,"rawPasswordLength":9}
{"timestamp":"2026-04-23T16:13:48.524Z","runId":21,"level":"info","phase":"preflight","attempt":1,"status":"ok"}
{"timestamp":"2026-04-23T16:13:48.525Z","runId":21,"level":"debug","phase":"keepalive","status":"ok"}
{"timestamp":"2026-04-23T16:14:08.430Z","runId":21,"level":"info","phase":"preflight","action":"firebird_config_check","host":"localhost","port":3050,"database":"C:\\Autoneer\\data\\AUTONEER.FDB","user":"SYSDBA","passwordSet":true,"passwordLength":9,"passwordSource":"state","useDefaultSysdbaMasterkey":true,"rawPasswordSet":true,"rawPasswordLength":9}
{"timestamp":"2026-04-23T16:14:09.251Z","runId":21,"level":"info","phase":"preflight","attempt":1,"status":"ok"}
{"timestamp":"2026-04-23T16:14:09.252Z","runId":21,"level":"debug","phase":"keepalive","status":"ok"}
{"timestamp":"2026-04-23T16:14:28.430Z","runId":21,"level":"info","phase":"preflight","action":"firebird_config_check","host":"localhost","port":3050,"database":"C:\\Autoneer\\data\\AUTONEER.FDB","user":"SYSDBA","passwordSet":true,"passwordLength":9,"passwordSource":"state","useDefaultSysdbaMasterkey":true,"rawPasswordSet":true,"rawPasswordLength":9}
{"timestamp":"2026-04-23T16:14:28.504Z","runId":21,"level":"info","phase":"preflight","attempt":1,"status":"ok"}
{"timestamp":"2026-04-23T16:14:28.505Z","runId":21,"level":"debug","phase":"keepalive","status":"ok"}
{"timestamp":"2026-04-23T16:14:48.445Z","runId":21,"level":"info","phase":"preflight","action":"firebird_config_check","host":"localhost","port":3050,"database":"C:\\Autoneer\\data\\AUTONEER.FDB","user":"SYSDBA","passwordSet":true,"passwordLength":9,"passwordSource":"state","useDefaultSysdbaMasterkey":true,"rawPasswordSet":true,"rawPasswordLength":9}
{"timestamp":"2026-04-23T16:14:48.533Z","runId":21,"level":"info","phase":"preflight","attempt":1,"status":"ok"}
{"timestamp":"2026-04-23T16:14:48.534Z","runId":21,"level":"debug","phase":"keepalive","status":"ok"}
{"timestamp":"2026-04-23T16:15:08.445Z","runId":21,"level":"info","phase":"preflight","action":"firebird_config_check","host":"localhost","port":3050,"database":"C:\\Autoneer\\data\\AUTONEER.FDB","user":"SYSDBA","passwordSet":true,"passwordLength":9,"passwordSource":"state","useDefaultSysdbaMasterkey":true,"rawPasswordSet":true,"rawPasswordLength":9}
{"timestamp":"2026-04-23T16:15:08.534Z","runId":21,"level":"info","phase":"preflight","attempt":1,"status":"ok"}
{"timestamp":"2026-04-23T16:15:08.534Z","runId":21,"level":"debug","phase":"keepalive","status":"ok"}
{"timestamp":"2026-04-23T16:15:28.459Z","runId":21,"level":"info","phase":"preflight","action":"firebird_config_check","host":"localhost","port":3050,"database":"C:\\Autoneer\\data\\AUTONEER.FDB","user":"SYSDBA","passwordSet":true,"passwordLength":9,"passwordSource":"state","useDefaultSysdbaMasterkey":true,"rawPasswordSet":true,"rawPasswordLength":9}
{"timestamp":"2026-04-23T16:15:28.531Z","runId":21,"level":"info","phase":"preflight","attempt":1,"status":"ok"}
{"timestamp":"2026-04-23T16:15:28.531Z","runId":21,"level":"debug","phase":"keepalive","status":"ok"}
{"timestamp":"2026-04-23T16:15:41.105Z","runId":21,"level":"info","phase":"preflight","action":"transactional_filter_context","status":"link_traversal_converged","iteration":5,"newKeys":8}
{"timestamp":"2026-04-23T16:15:41.107Z","runId":21,"level":"info","phase":"preflight","action":"transactional_filter_context","status":"done","startDate":"2025-03-01","keyCounts":{"customerJob":10308,"customerInvoice":12328,"customerCredit":1392,"workDone":11294,"supplierInvoice":17754,"supplierInvoiceId":17977}}
{"timestamp":"2026-04-23T16:15:41.220Z","runId":21,"level":"info","phase":"preflight","action":"accnr_conversion_map","source":"firebird","sourceTable":"ACCOUNTS","count":96}
{"timestamp":"2026-04-23T16:15:41.220Z","runId":21,"level":"debug","phase":"table_loop","action":"starting","includedCount":21,"mappingTableCount":21}
{"timestamp":"2026-04-23T16:15:41.221Z","runId":21,"level":"info","phase":"table_loop","action":"normalized_tables","sampleTables":["BANKS","STOCK","ACCOUNTS","INVOICES","LOCATION"]}
{"timestamp":"2026-04-23T16:15:41.221Z","runId":21,"level":"debug","phase":"table_loop","action":"processing","tableName":"banks","mappingTableKeys":["BANKS","CNOTE","STOCK","PRICING","ACCCLASS"]}
{"timestamp":"2026-04-23T16:15:41.221Z","runId":21,"level":"debug","phase":"table_loop","action":"mapping_resolved","tableName":"banks","hasMappingEntry":true,"mappingTarget":"BANKS"}
{"timestamp":"2026-04-23T16:15:41.221Z","runId":21,"level":"debug","phase":"mapping_debug","tableName":"banks","mappedSource":"BANKS","firebirdTableCount":191,"sampleFirebirdTables":["ACCCLASS","ACCDEPARTMENT","ACCOUNTLINKS","ACCOUNTS","ACCOUNT_OPENING"]}
{"timestamp":"2026-04-23T16:15:41.351Z","runId":21,"level":"debug","phase":"clean_decision","tableName":"banks","cleanBefore":true,"dryRun":false,"mode":"INSERT"}
{"timestamp":"2026-04-23T16:15:41.351Z","runId":21,"type":"table_cleaning_started","table":"banks","tableRunId":128}
{"timestamp":"2026-04-23T16:15:41.352Z","runId":21,"level":"info","phase":"clean","tableName":"banks","tableRunId":128,"status":"start"}
{"timestamp":"2026-04-23T16:15:41.353Z","runId":21,"level":"debug","phase":"clean","tableName":"banks","tableRunId":128,"action":"fk_checks_disabled"}
{"timestamp":"2026-04-23T16:15:41.390Z","runId":21,"level":"info","phase":"clean","tableName":"banks","tableRunId":128,"status":"success","method":"TRUNCATE","affectedRows":null,"postCount":0,"durationMs":38}
{"timestamp":"2026-04-23T16:15:41.404Z","runId":21,"type":"table_cleaned","table":"banks","tableRunId":128,"method":"TRUNCATE","affectedRows":null,"postCount":0}
{"timestamp":"2026-04-23T16:15:41.405Z","runId":21,"level":"debug","phase":"clean","tableName":"banks","tableRunId":128,"action":"fk_checks_restored"}
{"timestamp":"2026-04-23T16:15:41.405Z","runId":21,"level":"info","phase":"table_start","tableName":"banks","tableRunId":128,"mode":"INSERT","keyStrategy":"preserve","dedupeKeys":[]}
{"timestamp":"2026-04-23T16:15:41.518Z","runId":21,"level":"info","phase":"fetch","tableName":"banks","tableRunId":128,"sourceRows":1,"dateFilter":null}
{"timestamp":"2026-04-23T16:15:41.628Z","runId":21,"level":"debug","phase":"write","tableName":"banks","tableRunId":128,"status":"start","batchSize":1}
{"timestamp":"2026-04-23T16:15:41.634Z","runId":21,"level":"debug","phase":"write","tableName":"banks","tableRunId":128,"status":"end","inserted":1,"updated":0,"skipped":0,"durationMs":6}
{"timestamp":"2026-04-23T16:15:41.654Z","runId":21,"level":"info","phase":"table_finalize","tableName":"banks","tableRunId":128,"status":"success","inserted":1,"updated":0,"skipped":0,"errors":0,"durationMs":239}
{"timestamp":"2026-04-23T16:15:41.655Z","runId":21,"level":"debug","phase":"table_loop","action":"processing","tableName":"stock","mappingTableKeys":["BANKS","CNOTE","STOCK","PRICING","ACCCLASS"]}
{"timestamp":"2026-04-23T16:15:41.655Z","runId":21,"level":"debug","phase":"table_loop","action":"mapping_resolved","tableName":"stock","hasMappingEntry":true,"mappingTarget":"STOCK"}
{"timestamp":"2026-04-23T16:15:41.655Z","runId":21,"level":"debug","phase":"mapping_debug","tableName":"stock","mappedSource":"STOCK","firebirdTableCount":191,"sampleFirebirdTables":["ACCCLASS","ACCDEPARTMENT","ACCOUNTLINKS","ACCOUNTS","ACCOUNT_OPENING"]}
{"timestamp":"2026-04-23T16:15:41.765Z","runId":21,"level":"debug","phase":"clean_decision","tableName":"stock","cleanBefore":true,"dryRun":false,"mode":"INSERT"}
{"timestamp":"2026-04-23T16:15:41.765Z","runId":21,"type":"table_cleaning_started","table":"stock","tableRunId":129}
{"timestamp":"2026-04-23T16:15:41.766Z","runId":21,"level":"info","phase":"clean","tableName":"stock","tableRunId":129,"status":"start"}
{"timestamp":"2026-04-23T16:15:41.766Z","runId":21,"level":"debug","phase":"clean","tableName":"stock","tableRunId":129,"action":"fk_checks_disabled"}
{"timestamp":"2026-04-23T16:15:41.810Z","runId":21,"level":"info","phase":"clean","tableName":"stock","tableRunId":129,"status":"success","method":"TRUNCATE","affectedRows":null,"postCount":0,"durationMs":44}
{"timestamp":"2026-04-23T16:15:41.818Z","runId":21,"type":"table_cleaned","table":"stock","tableRunId":129,"method":"TRUNCATE","affectedRows":null,"postCount":0}
{"timestamp":"2026-04-23T16:15:41.819Z","runId":21,"level":"debug","phase":"clean","tableName":"stock","tableRunId":129,"action":"fk_checks_restored"}
{"timestamp":"2026-04-23T16:15:41.819Z","runId":21,"level":"info","phase":"table_start","tableName":"stock","tableRunId":129,"mode":"INSERT","keyStrategy":"preserve","dedupeKeys":[]}
{"timestamp":"2026-04-23T16:15:41.967Z","runId":21,"level":"info","phase":"fetch","tableName":"stock","tableRunId":129,"sourceRows":12148,"dateFilter":null}
{"timestamp":"2026-04-23T16:15:42.252Z","runId":21,"level":"debug","phase":"write","tableName":"stock","tableRunId":129,"status":"start","batchSize":1000}
{"timestamp":"2026-04-23T16:15:42.327Z","runId":21,"level":"debug","phase":"write","tableName":"stock","tableRunId":129,"status":"end","inserted":1000,"updated":0,"skipped":0,"durationMs":75}
{"timestamp":"2026-04-23T16:15:42.599Z","runId":21,"level":"debug","phase":"write","tableName":"stock","tableRunId":129,"status":"start","batchSize":1000}
{"timestamp":"2026-04-23T16:15:42.677Z","runId":21,"level":"debug","phase":"write","tableName":"stock","tableRunId":129,"status":"end","inserted":1000,"updated":0,"skipped":0,"durationMs":78}
{"timestamp":"2026-04-23T16:15:42.946Z","runId":21,"level":"debug","phase":"write","tableName":"stock","tableRunId":129,"status":"start","batchSize":1000}
{"timestamp":"2026-04-23T16:15:42.992Z","runId":21,"level":"debug","phase":"write","tableName":"stock","tableRunId":129,"status":"end","inserted":1000,"updated":0,"skipped":0,"durationMs":46}
{"timestamp":"2026-04-23T16:15:43.286Z","runId":21,"level":"debug","phase":"write","tableName":"stock","tableRunId":129,"status":"start","batchSize":1000}
{"timestamp":"2026-04-23T16:15:43.332Z","runId":21,"level":"debug","phase":"write","tableName":"stock","tableRunId":129,"status":"end","inserted":1000,"updated":0,"skipped":0,"durationMs":46}
{"timestamp":"2026-04-23T16:15:43.600Z","runId":21,"level":"debug","phase":"write","tableName":"stock","tableRunId":129,"status":"start","batchSize":1000}
{"timestamp":"2026-04-23T16:15:43.670Z","runId":21,"level":"debug","phase":"write","tableName":"stock","tableRunId":129,"status":"end","inserted":1000,"updated":0,"skipped":0,"durationMs":70}
{"timestamp":"2026-04-23T16:15:43.958Z","runId":21,"level":"debug","phase":"write","tableName":"stock","tableRunId":129,"status":"start","batchSize":1000}
{"timestamp":"2026-04-23T16:15:44.008Z","runId":21,"level":"debug","phase":"write","tableName":"stock","tableRunId":129,"status":"end","inserted":1000,"updated":0,"skipped":0,"durationMs":50}
{"timestamp":"2026-04-23T16:15:44.995Z","runId":21,"level":"debug","phase":"write","tableName":"stock","tableRunId":129,"status":"start","batchSize":1000}
{"timestamp":"2026-04-23T16:15:45.047Z","runId":21,"level":"debug","phase":"write","tableName":"stock","tableRunId":129,"status":"end","inserted":1000,"updated":0,"skipped":0,"durationMs":52}
{"timestamp":"2026-04-23T16:15:45.337Z","runId":21,"level":"debug","phase":"write","tableName":"stock","tableRunId":129,"status":"start","batchSize":1000}
{"timestamp":"2026-04-23T16:15:45.385Z","runId":21,"level":"debug","phase":"write","tableName":"stock","tableRunId":129,"status":"end","inserted":1000,"updated":0,"skipped":0,"durationMs":48}
{"timestamp":"2026-04-23T16:15:45.691Z","runId":21,"level":"debug","phase":"write","tableName":"stock","tableRunId":129,"status":"start","batchSize":1000}
{"timestamp":"2026-04-23T16:15:45.762Z","runId":21,"level":"debug","phase":"write","tableName":"stock","tableRunId":129,"status":"end","inserted":1000,"updated":0,"skipped":0,"durationMs":71}
{"timestamp":"2026-04-23T16:15:46.051Z","runId":21,"level":"debug","phase":"write","tableName":"stock","tableRunId":129,"status":"start","batchSize":1000}
{"timestamp":"2026-04-23T16:15:46.096Z","runId":21,"level":"debug","phase":"write","tableName":"stock","tableRunId":129,"status":"end","inserted":1000,"updated":0,"skipped":0,"durationMs":45}
{"timestamp":"2026-04-23T16:15:46.966Z","runId":21,"level":"debug","phase":"write","tableName":"stock","tableRunId":129,"status":"start","batchSize":1000}
{"timestamp":"2026-04-23T16:15:47.015Z","runId":21,"level":"debug","phase":"write","tableName":"stock","tableRunId":129,"status":"end","inserted":1000,"updated":0,"skipped":0,"durationMs":49}
{"timestamp":"2026-04-23T16:15:47.304Z","runId":21,"level":"debug","phase":"write","tableName":"stock","tableRunId":129,"status":"start","batchSize":1000}
{"timestamp":"2026-04-23T16:15:47.349Z","runId":21,"level":"debug","phase":"write","tableName":"stock","tableRunId":129,"status":"end","inserted":1000,"updated":0,"skipped":0,"durationMs":45}
{"timestamp":"2026-04-23T16:15:47.587Z","runId":21,"level":"debug","phase":"write","tableName":"stock","tableRunId":129,"status":"start","batchSize":148}
{"timestamp":"2026-04-23T16:15:47.604Z","runId":21,"level":"debug","phase":"write","tableName":"stock","tableRunId":129,"status":"end","inserted":148,"updated":0,"skipped":0,"durationMs":17}
{"timestamp":"2026-04-23T16:15:47.626Z","runId":21,"level":"info","phase":"table_finalize","tableName":"stock","tableRunId":129,"status":"success","inserted":12148,"updated":0,"skipped":0,"errors":0,"durationMs":5794}
{"timestamp":"2026-04-23T16:15:47.627Z","runId":21,"level":"debug","phase":"table_loop","action":"processing","tableName":"accounts","mappingTableKeys":["BANKS","CNOTE","STOCK","PRICING","ACCCLASS"]}
{"timestamp":"2026-04-23T16:15:47.627Z","runId":21,"level":"debug","phase":"table_loop","action":"mapping_resolved","tableName":"accounts","hasMappingEntry":true,"mappingTarget":"ACCOUNTS"}
{"timestamp":"2026-04-23T16:15:47.627Z","runId":21,"level":"debug","phase":"mapping_debug","tableName":"accounts","mappedSource":"ACCOUNTS","firebirdTableCount":191,"sampleFirebirdTables":["ACCCLASS","ACCDEPARTMENT","ACCOUNTLINKS","ACCOUNTS","ACCOUNT_OPENING"]}
{"timestamp":"2026-04-23T16:15:47.741Z","runId":21,"level":"debug","phase":"clean_decision","tableName":"accounts","cleanBefore":true,"dryRun":false,"mode":"INSERT"}
{"timestamp":"2026-04-23T16:15:47.742Z","runId":21,"type":"table_cleaning_started","table":"accounts","tableRunId":130}
{"timestamp":"2026-04-23T16:15:47.742Z","runId":21,"level":"info","phase":"clean","tableName":"accounts","tableRunId":130,"status":"start"}
{"timestamp":"2026-04-23T16:15:47.743Z","runId":21,"level":"debug","phase":"clean","tableName":"accounts","tableRunId":130,"action":"fk_checks_disabled"}
{"timestamp":"2026-04-23T16:15:47.781Z","runId":21,"level":"info","phase":"clean","tableName":"accounts","tableRunId":130,"status":"success","method":"TRUNCATE","affectedRows":null,"postCount":0,"durationMs":39}
{"timestamp":"2026-04-23T16:15:47.789Z","runId":21,"type":"table_cleaned","table":"accounts","tableRunId":130,"method":"TRUNCATE","affectedRows":null,"postCount":0}
{"timestamp":"2026-04-23T16:15:47.790Z","runId":21,"level":"debug","phase":"clean","tableName":"accounts","tableRunId":130,"action":"fk_checks_restored"}
{"timestamp":"2026-04-23T16:15:47.790Z","runId":21,"level":"info","phase":"table_start","tableName":"accounts","tableRunId":130,"mode":"INSERT","keyStrategy":"preserve","dedupeKeys":[]}
{"timestamp":"2026-04-23T16:15:47.908Z","runId":21,"level":"info","phase":"fetch","tableName":"accounts","tableRunId":130,"sourceRows":120,"dateFilter":null}
{"timestamp":"2026-04-23T16:15:48.029Z","runId":21,"level":"debug","phase":"write","tableName":"accounts","tableRunId":130,"status":"start","batchSize":120}
{"timestamp":"2026-04-23T16:15:48.041Z","runId":21,"level":"debug","phase":"write","tableName":"accounts","tableRunId":130,"status":"end","inserted":94,"updated":0,"skipped":26,"durationMs":12}
{"timestamp":"2026-04-23T16:15:48.061Z","runId":21,"level":"info","phase":"table_finalize","tableName":"accounts","tableRunId":130,"status":"success","inserted":94,"updated":0,"skipped":26,"errors":0,"durationMs":262}
{"timestamp":"2026-04-23T16:15:48.062Z","runId":21,"level":"debug","phase":"table_loop","action":"processing","tableName":"invoices","mappingTableKeys":["BANKS","CNOTE","STOCK","PRICING","ACCCLASS"]}
{"timestamp":"2026-04-23T16:15:48.062Z","runId":21,"level":"debug","phase":"table_loop","action":"mapping_resolved","tableName":"invoices","hasMappingEntry":true,"mappingTarget":"INVOICES"}
{"timestamp":"2026-04-23T16:15:48.062Z","runId":21,"level":"debug","phase":"mapping_debug","tableName":"invoices","mappedSource":"INVOICES","firebirdTableCount":191,"sampleFirebirdTables":["ACCCLASS","ACCDEPARTMENT","ACCOUNTLINKS","ACCOUNTS","ACCOUNT_OPENING"]}
{"timestamp":"2026-04-23T16:15:48.459Z","runId":21,"level":"info","phase":"preflight","action":"firebird_config_check","host":"localhost","port":3050,"database":"C:\\Autoneer\\data\\AUTONEER.FDB","user":"SYSDBA","passwordSet":true,"passwordLength":9,"passwordSource":"state","useDefaultSysdbaMasterkey":true,"rawPasswordSet":true,"rawPasswordLength":9}
{"timestamp":"2026-04-23T16:15:48.530Z","runId":21,"level":"info","phase":"preflight","attempt":1,"status":"ok"}
{"timestamp":"2026-04-23T16:15:48.530Z","runId":21,"level":"debug","phase":"keepalive","status":"ok"}
{"timestamp":"2026-04-23T16:15:53.574Z","runId":21,"level":"debug","phase":"clean_decision","tableName":"invoices","cleanBefore":true,"dryRun":false,"mode":"INSERT"}
{"timestamp":"2026-04-23T16:15:53.574Z","runId":21,"type":"table_cleaning_started","table":"invoices","tableRunId":131}
{"timestamp":"2026-04-23T16:15:53.575Z","runId":21,"level":"info","phase":"clean","tableName":"invoices","tableRunId":131,"status":"start"}
{"timestamp":"2026-04-23T16:15:53.575Z","runId":21,"level":"debug","phase":"clean","tableName":"invoices","tableRunId":131,"action":"fk_checks_disabled"}
{"timestamp":"2026-04-23T16:15:53.645Z","runId":21,"level":"info","phase":"clean","tableName":"invoices","tableRunId":131,"status":"success","method":"TRUNCATE","affectedRows":null,"postCount":0,"durationMs":70}
{"timestamp":"2026-04-23T16:15:53.653Z","runId":21,"type":"table_cleaned","table":"invoices","tableRunId":131,"method":"TRUNCATE","affectedRows":null,"postCount":0}
{"timestamp":"2026-04-23T16:15:53.654Z","runId":21,"level":"debug","phase":"clean","tableName":"invoices","tableRunId":131,"action":"fk_checks_restored"}
{"timestamp":"2026-04-23T16:15:53.654Z","runId":21,"level":"info","phase":"table_start","tableName":"invoices","tableRunId":131,"mode":"INSERT","keyStrategy":"preserve","dedupeKeys":[]}
{"timestamp":"2026-04-23T16:15:53.662Z","runId":21,"level":"info","phase":"fetch","tableName":"invoices","tableRunId":131,"sourceRows":1,"dateFilter":{"startDate":"2025-03-01","sourceColumn":"INVOICE_DATE","hasLinkClause":true}}
{"timestamp":"2026-04-23T16:15:53.837Z","runId":21,"level":"debug","phase":"write","tableName":"invoices","tableRunId":131,"status":"start","batchSize":1}
{"timestamp":"2026-04-23T16:15:53.842Z","runId":21,"level":"debug","phase":"write","tableName":"invoices","tableRunId":131,"status":"end","inserted":1,"updated":0,"skipped":0,"durationMs":5}
{"timestamp":"2026-04-23T16:15:53.862Z","runId":21,"level":"info","phase":"table_finalize","tableName":"invoices","tableRunId":131,"status":"success","inserted":1,"updated":0,"skipped":0,"errors":0,"durationMs":198}
{"timestamp":"2026-04-23T16:15:53.862Z","runId":21,"level":"debug","phase":"table_loop","action":"processing","tableName":"location","mappingTableKeys":["BANKS","CNOTE","STOCK","PRICING","ACCCLASS"]}
{"timestamp":"2026-04-23T16:15:53.862Z","runId":21,"level":"debug","phase":"table_loop","action":"mapping_resolved","tableName":"location","hasMappingEntry":true,"mappingTarget":"LOCATION"}
{"timestamp":"2026-04-23T16:15:53.862Z","runId":21,"level":"debug","phase":"mapping_debug","tableName":"location","mappedSource":"LOCATION","firebirdTableCount":191,"sampleFirebirdTables":["ACCCLASS","ACCDEPARTMENT","ACCOUNTLINKS","ACCOUNTS","ACCOUNT_OPENING"]}
{"timestamp":"2026-04-23T16:15:53.977Z","runId":21,"level":"debug","phase":"clean_decision","tableName":"location","cleanBefore":true,"dryRun":false,"mode":"INSERT"}
{"timestamp":"2026-04-23T16:15:53.977Z","runId":21,"type":"table_cleaning_started","table":"location","tableRunId":132}
{"timestamp":"2026-04-23T16:15:53.977Z","runId":21,"level":"info","phase":"clean","tableName":"location","tableRunId":132,"status":"start"}
{"timestamp":"2026-04-23T16:15:53.978Z","runId":21,"level":"debug","phase":"clean","tableName":"location","tableRunId":132,"action":"fk_checks_disabled"}
{"timestamp":"2026-04-23T16:15:54.012Z","runId":21,"level":"info","phase":"clean","tableName":"location","tableRunId":132,"status":"success","method":"TRUNCATE","affectedRows":null,"postCount":0,"durationMs":35}
{"timestamp":"2026-04-23T16:15:54.021Z","runId":21,"type":"table_cleaned","table":"location","tableRunId":132,"method":"TRUNCATE","affectedRows":null,"postCount":0}
{"timestamp":"2026-04-23T16:15:54.022Z","runId":21,"level":"debug","phase":"clean","tableName":"location","tableRunId":132,"action":"fk_checks_restored"}
{"timestamp":"2026-04-23T16:15:54.022Z","runId":21,"level":"info","phase":"table_start","tableName":"location","tableRunId":132,"mode":"INSERT","keyStrategy":"preserve","dedupeKeys":[]}
{"timestamp":"2026-04-23T16:15:54.141Z","runId":21,"level":"info","phase":"fetch","tableName":"location","tableRunId":132,"sourceRows":22,"dateFilter":null}
{"timestamp":"2026-04-23T16:15:54.256Z","runId":21,"level":"debug","phase":"write","tableName":"location","tableRunId":132,"status":"start","batchSize":22}
{"timestamp":"2026-04-23T16:15:54.261Z","runId":21,"level":"debug","phase":"write","tableName":"location","tableRunId":132,"status":"end","inserted":22,"updated":0,"skipped":0,"durationMs":5}
{"timestamp":"2026-04-23T16:15:54.279Z","runId":21,"level":"info","phase":"table_finalize","tableName":"location","tableRunId":132,"status":"success","inserted":22,"updated":0,"skipped":0,"errors":0,"durationMs":248}
{"timestamp":"2026-04-23T16:15:54.279Z","runId":21,"level":"debug","phase":"table_loop","action":"processing","tableName":"payments","mappingTableKeys":["BANKS","CNOTE","STOCK","PRICING","ACCCLASS"]}
{"timestamp":"2026-04-23T16:15:54.279Z","runId":21,"level":"debug","phase":"table_loop","action":"mapping_resolved","tableName":"payments","hasMappingEntry":true,"mappingTarget":"PAYMENTS"}
{"timestamp":"2026-04-23T16:15:54.279Z","runId":21,"level":"debug","phase":"mapping_debug","tableName":"payments","mappedSource":"PAYMENTS","firebirdTableCount":191,"sampleFirebirdTables":["ACCCLASS","ACCDEPARTMENT","ACCOUNTLINKS","ACCOUNTS","ACCOUNT_OPENING"]}
{"timestamp":"2026-04-23T16:16:02.210Z","runId":21,"level":"debug","phase":"clean_decision","tableName":"payments","cleanBefore":true,"dryRun":false,"mode":"INSERT"}
{"timestamp":"2026-04-23T16:16:02.210Z","runId":21,"type":"table_cleaning_started","table":"payments","tableRunId":133}
{"timestamp":"2026-04-23T16:16:02.210Z","runId":21,"level":"info","phase":"clean","tableName":"payments","tableRunId":133,"status":"start"}
{"timestamp":"2026-04-23T16:16:02.211Z","runId":21,"level":"debug","phase":"clean","tableName":"payments","tableRunId":133,"action":"fk_checks_disabled"}
{"timestamp":"2026-04-23T16:16:02.270Z","runId":21,"level":"info","phase":"clean","tableName":"payments","tableRunId":133,"status":"success","method":"TRUNCATE","affectedRows":null,"postCount":0,"durationMs":59}
{"timestamp":"2026-04-23T16:16:02.278Z","runId":21,"type":"table_cleaned","table":"payments","tableRunId":133,"method":"TRUNCATE","affectedRows":null,"postCount":0}
{"timestamp":"2026-04-23T16:16:02.280Z","runId":21,"level":"debug","phase":"clean","tableName":"payments","tableRunId":133,"action":"fk_checks_restored"}
{"timestamp":"2026-04-23T16:16:02.280Z","runId":21,"level":"info","phase":"table_start","tableName":"payments","tableRunId":133,"mode":"INSERT","keyStrategy":"preserve","dedupeKeys":[]}
{"timestamp":"2026-04-23T16:16:02.288Z","runId":21,"level":"info","phase":"fetch","tableName":"payments","tableRunId":133,"sourceRows":9,"dateFilter":{"startDate":"2025-03-01","sourceColumn":"PAYDATE","hasLinkClause":true}}
{"timestamp":"2026-04-23T16:16:02.296Z","runId":21,"level":"debug","phase":"write","tableName":"payments","tableRunId":133,"status":"start","batchSize":9}
{"timestamp":"2026-04-23T16:16:02.302Z","runId":21,"level":"debug","phase":"write","tableName":"payments","tableRunId":133,"status":"end","inserted":9,"updated":0,"skipped":0,"durationMs":6}
{"timestamp":"2026-04-23T16:16:02.316Z","runId":21,"level":"info","phase":"table_finalize","tableName":"payments","tableRunId":133,"status":"success","inserted":9,"updated":0,"skipped":0,"errors":0,"durationMs":29}
{"timestamp":"2026-04-23T16:16:02.317Z","runId":21,"level":"debug","phase":"table_loop","action":"processing","tableName":"acc_class","mappingTableKeys":["BANKS","CNOTE","STOCK","PRICING","ACCCLASS"]}
{"timestamp":"2026-04-23T16:16:02.317Z","runId":21,"level":"debug","phase":"table_loop","action":"mapping_resolved","tableName":"acc_class","hasMappingEntry":true,"mappingTarget":"ACC_CLASS"}
{"timestamp":"2026-04-23T16:16:02.317Z","runId":21,"level":"debug","phase":"mapping_debug","tableName":"acc_class","mappedSource":"ACCCLASS","firebirdTableCount":191,"sampleFirebirdTables":["ACCCLASS","ACCDEPARTMENT","ACCOUNTLINKS","ACCOUNTS","ACCOUNT_OPENING"]}
{"timestamp":"2026-04-23T16:16:02.438Z","runId":21,"level":"debug","phase":"clean_decision","tableName":"acc_class","cleanBefore":true,"dryRun":false,"mode":"INSERT"}
{"timestamp":"2026-04-23T16:16:02.438Z","runId":21,"type":"table_cleaning_started","table":"acc_class","tableRunId":134}
{"timestamp":"2026-04-23T16:16:02.439Z","runId":21,"level":"info","phase":"clean","tableName":"acc_class","tableRunId":134,"status":"start"}
{"timestamp":"2026-04-23T16:16:02.440Z","runId":21,"level":"debug","phase":"clean","tableName":"acc_class","tableRunId":134,"action":"fk_checks_disabled"}
{"timestamp":"2026-04-23T16:16:02.490Z","runId":21,"level":"info","phase":"clean","tableName":"acc_class","tableRunId":134,"status":"success","method":"TRUNCATE","affectedRows":null,"postCount":0,"durationMs":51}
{"timestamp":"2026-04-23T16:16:02.500Z","runId":21,"type":"table_cleaned","table":"acc_class","tableRunId":134,"method":"TRUNCATE","affectedRows":null,"postCount":0}
{"timestamp":"2026-04-23T16:16:02.501Z","runId":21,"level":"debug","phase":"clean","tableName":"acc_class","tableRunId":134,"action":"fk_checks_restored"}
{"timestamp":"2026-04-23T16:16:02.501Z","runId":21,"level":"info","phase":"table_start","tableName":"acc_class","tableRunId":134,"mode":"INSERT","keyStrategy":"preserve","dedupeKeys":[]}
{"timestamp":"2026-04-23T16:16:02.623Z","runId":21,"level":"info","phase":"fetch","tableName":"acc_class","tableRunId":134,"sourceRows":7,"dateFilter":null}
{"timestamp":"2026-04-23T16:16:02.732Z","runId":21,"level":"debug","phase":"write","tableName":"acc_class","tableRunId":134,"status":"start","batchSize":7}
{"timestamp":"2026-04-23T16:16:02.737Z","runId":21,"level":"debug","phase":"write","tableName":"acc_class","tableRunId":134,"status":"end","inserted":7,"updated":0,"skipped":0,"durationMs":5}
{"timestamp":"2026-04-23T16:16:02.756Z","runId":21,"level":"info","phase":"table_finalize","tableName":"acc_class","tableRunId":134,"status":"success","inserted":7,"updated":0,"skipped":0,"errors":0,"durationMs":246}
{"timestamp":"2026-04-23T16:16:02.757Z","runId":21,"level":"debug","phase":"table_loop","action":"processing","tableName":"customers","mappingTableKeys":["BANKS","CNOTE","STOCK","PRICING","ACCCLASS"]}
{"timestamp":"2026-04-23T16:16:02.757Z","runId":21,"level":"debug","phase":"table_loop","action":"mapping_resolved","tableName":"customers","hasMappingEntry":true,"mappingTarget":"CUSTOMERS"}
{"timestamp":"2026-04-23T16:16:02.757Z","runId":21,"level":"debug","phase":"mapping_debug","tableName":"customers","mappedSource":"CUSTOMER","firebirdTableCount":191,"sampleFirebirdTables":["ACCCLASS","ACCDEPARTMENT","ACCOUNTLINKS","ACCOUNTS","ACCOUNT_OPENING"]}
{"timestamp":"2026-04-23T16:16:02.867Z","runId":21,"level":"debug","phase":"clean_decision","tableName":"customers","cleanBefore":true,"dryRun":false,"mode":"INSERT"}
{"timestamp":"2026-04-23T16:16:02.867Z","runId":21,"type":"table_cleaning_started","table":"customers","tableRunId":135}
{"timestamp":"2026-04-23T16:16:02.867Z","runId":21,"level":"info","phase":"clean","tableName":"customers","tableRunId":135,"status":"start"}
{"timestamp":"2026-04-23T16:16:02.868Z","runId":21,"level":"debug","phase":"clean","tableName":"customers","tableRunId":135,"action":"fk_checks_disabled"}
{"timestamp":"2026-04-23T16:16:02.934Z","runId":21,"level":"info","phase":"clean","tableName":"customers","tableRunId":135,"status":"success","method":"TRUNCATE","affectedRows":null,"postCount":0,"durationMs":67}
{"timestamp":"2026-04-23T16:16:02.942Z","runId":21,"type":"table_cleaned","table":"customers","tableRunId":135,"method":"TRUNCATE","affectedRows":null,"postCount":0}
{"timestamp":"2026-04-23T16:16:02.944Z","runId":21,"level":"debug","phase":"clean","tableName":"customers","tableRunId":135,"action":"fk_checks_restored"}
{"timestamp":"2026-04-23T16:16:02.944Z","runId":21,"level":"info","phase":"table_start","tableName":"customers","tableRunId":135,"mode":"INSERT","keyStrategy":"preserve","dedupeKeys":[]}
{"timestamp":"2026-04-23T16:16:03.059Z","runId":21,"level":"info","phase":"fetch","tableName":"customers","tableRunId":135,"sourceRows":4188,"dateFilter":null}
{"timestamp":"2026-04-23T16:16:03.304Z","runId":21,"level":"debug","phase":"write","tableName":"customers","tableRunId":135,"status":"start","batchSize":1000}
{"timestamp":"2026-04-23T16:16:03.387Z","runId":21,"level":"debug","phase":"write","tableName":"customers","tableRunId":135,"status":"end","inserted":1000,"updated":0,"skipped":0,"durationMs":83}
{"timestamp":"2026-04-23T16:16:03.611Z","runId":21,"level":"debug","phase":"write","tableName":"customers","tableRunId":135,"status":"start","batchSize":1000}
{"timestamp":"2026-04-23T16:16:03.699Z","runId":21,"level":"debug","phase":"write","tableName":"customers","tableRunId":135,"status":"end","inserted":1000,"updated":0,"skipped":0,"durationMs":88}
{"timestamp":"2026-04-23T16:16:03.948Z","runId":21,"level":"debug","phase":"write","tableName":"customers","tableRunId":135,"status":"start","batchSize":1000}
{"timestamp":"2026-04-23T16:16:04.018Z","runId":21,"level":"debug","phase":"write","tableName":"customers","tableRunId":135,"status":"end","inserted":1000,"updated":0,"skipped":0,"durationMs":70}
{"timestamp":"2026-04-23T16:16:04.259Z","runId":21,"level":"debug","phase":"write","tableName":"customers","tableRunId":135,"status":"start","batchSize":1000}
{"timestamp":"2026-04-23T16:16:04.347Z","runId":21,"level":"debug","phase":"write","tableName":"customers","tableRunId":135,"status":"end","inserted":1000,"updated":0,"skipped":0,"durationMs":88}
{"timestamp":"2026-04-23T16:16:04.514Z","runId":21,"level":"debug","phase":"write","tableName":"customers","tableRunId":135,"status":"start","batchSize":188}
{"timestamp":"2026-04-23T16:16:04.529Z","runId":21,"level":"debug","phase":"write","tableName":"customers","tableRunId":135,"status":"end","inserted":188,"updated":0,"skipped":0,"durationMs":15}
{"timestamp":"2026-04-23T16:16:04.546Z","runId":21,"level":"info","phase":"table_finalize","tableName":"customers","tableRunId":135,"status":"success","inserted":4188,"updated":0,"skipped":0,"errors":0,"durationMs":1594}
{"timestamp":"2026-04-23T16:16:04.547Z","runId":21,"level":"debug","phase":"table_loop","action":"processing","tableName":"suppliers","mappingTableKeys":["BANKS","CNOTE","STOCK","PRICING","ACCCLASS"]}
{"timestamp":"2026-04-23T16:16:04.547Z","runId":21,"level":"debug","phase":"table_loop","action":"mapping_resolved","tableName":"suppliers","hasMappingEntry":true,"mappingTarget":"SUPPLIERS"}
{"timestamp":"2026-04-23T16:16:04.547Z","runId":21,"level":"debug","phase":"mapping_debug","tableName":"suppliers","mappedSource":"SUPPLIER","firebirdTableCount":191,"sampleFirebirdTables":["ACCCLASS","ACCDEPARTMENT","ACCOUNTLINKS","ACCOUNTS","ACCOUNT_OPENING"]}
{"timestamp":"2026-04-23T16:16:04.661Z","runId":21,"level":"debug","phase":"clean_decision","tableName":"suppliers","cleanBefore":true,"dryRun":false,"mode":"INSERT"}
{"timestamp":"2026-04-23T16:16:04.661Z","runId":21,"type":"table_cleaning_started","table":"suppliers","tableRunId":136}
{"timestamp":"2026-04-23T16:16:04.662Z","runId":21,"level":"info","phase":"clean","tableName":"suppliers","tableRunId":136,"status":"start"}
{"timestamp":"2026-04-23T16:16:04.662Z","runId":21,"level":"debug","phase":"clean","tableName":"suppliers","tableRunId":136,"action":"fk_checks_disabled"}
{"timestamp":"2026-04-23T16:16:04.690Z","runId":21,"level":"info","phase":"clean","tableName":"suppliers","tableRunId":136,"status":"success","method":"TRUNCATE","affectedRows":null,"postCount":0,"durationMs":28}
{"timestamp":"2026-04-23T16:16:04.696Z","runId":21,"type":"table_cleaned","table":"suppliers","tableRunId":136,"method":"TRUNCATE","affectedRows":null,"postCount":0}
{"timestamp":"2026-04-23T16:16:04.698Z","runId":21,"level":"debug","phase":"clean","tableName":"suppliers","tableRunId":136,"action":"fk_checks_restored"}
{"timestamp":"2026-04-23T16:16:04.698Z","runId":21,"level":"info","phase":"table_start","tableName":"suppliers","tableRunId":136,"mode":"INSERT","keyStrategy":"preserve","dedupeKeys":[]}
{"timestamp":"2026-04-23T16:16:04.865Z","runId":21,"level":"info","phase":"fetch","tableName":"suppliers","tableRunId":136,"sourceRows":188,"dateFilter":null}
{"timestamp":"2026-04-23T16:16:04.973Z","runId":21,"level":"debug","phase":"write","tableName":"suppliers","tableRunId":136,"status":"start","batchSize":188}
{"timestamp":"2026-04-23T16:16:04.984Z","runId":21,"level":"debug","phase":"write","tableName":"suppliers","tableRunId":136,"status":"end","inserted":188,"updated":0,"skipped":0,"durationMs":11}
{"timestamp":"2026-04-23T16:16:05.000Z","runId":21,"level":"info","phase":"table_finalize","tableName":"suppliers","tableRunId":136,"status":"success","inserted":188,"updated":0,"skipped":0,"errors":0,"durationMs":295}
{"timestamp":"2026-04-23T16:16:05.001Z","runId":21,"level":"debug","phase":"table_loop","action":"processing","tableName":"work_done","mappingTableKeys":["BANKS","CNOTE","STOCK","PRICING","ACCCLASS"]}
{"timestamp":"2026-04-23T16:16:05.001Z","runId":21,"level":"debug","phase":"table_loop","action":"mapping_resolved","tableName":"work_done","hasMappingEntry":true,"mappingTarget":"WORK_DONE"}
{"timestamp":"2026-04-23T16:16:05.001Z","runId":21,"level":"debug","phase":"mapping_debug","tableName":"work_done","mappedSource":"WORKDONE","firebirdTableCount":191,"sampleFirebirdTables":["ACCCLASS","ACCDEPARTMENT","ACCOUNTLINKS","ACCOUNTS","ACCOUNT_OPENING"]}
{"timestamp":"2026-04-23T16:16:08.460Z","runId":21,"level":"info","phase":"preflight","action":"firebird_config_check","host":"localhost","port":3050,"database":"C:\\Autoneer\\data\\AUTONEER.FDB","user":"SYSDBA","passwordSet":true,"passwordLength":9,"passwordSource":"state","useDefaultSysdbaMasterkey":true,"rawPasswordSet":true,"rawPasswordLength":9}
{"timestamp":"2026-04-23T16:16:08.533Z","runId":21,"level":"info","phase":"preflight","attempt":1,"status":"ok"}
{"timestamp":"2026-04-23T16:16:08.533Z","runId":21,"level":"debug","phase":"keepalive","status":"ok"}
{"timestamp":"2026-04-23T16:16:28.476Z","runId":21,"level":"info","phase":"preflight","action":"firebird_config_check","host":"localhost","port":3050,"database":"C:\\Autoneer\\data\\AUTONEER.FDB","user":"SYSDBA","passwordSet":true,"passwordLength":9,"passwordSource":"state","useDefaultSysdbaMasterkey":true,"rawPasswordSet":true,"rawPasswordLength":9}
{"timestamp":"2026-04-23T16:16:28.549Z","runId":21,"level":"info","phase":"preflight","attempt":1,"status":"ok"}
{"timestamp":"2026-04-23T16:16:28.549Z","runId":21,"level":"debug","phase":"keepalive","status":"ok"}
{"timestamp":"2026-04-23T16:16:48.493Z","runId":21,"level":"info","phase":"preflight","action":"firebird_config_check","host":"localhost","port":3050,"database":"C:\\Autoneer\\data\\AUTONEER.FDB","user":"SYSDBA","passwordSet":true,"passwordLength":9,"passwordSource":"state","useDefaultSysdbaMasterkey":true,"rawPasswordSet":true,"rawPasswordLength":9}
{"timestamp":"2026-04-23T16:16:48.579Z","runId":21,"level":"info","phase":"preflight","attempt":1,"status":"ok"}
{"timestamp":"2026-04-23T16:16:48.579Z","runId":21,"level":"debug","phase":"keepalive","status":"ok"}
{"timestamp":"2026-04-23T16:16:50.542Z","runId":21,"level":"debug","phase":"clean_decision","tableName":"work_done","cleanBefore":true,"dryRun":false,"mode":"INSERT"}
{"timestamp":"2026-04-23T16:16:50.543Z","runId":21,"type":"table_cleaning_started","table":"work_done","tableRunId":137}
{"timestamp":"2026-04-23T16:16:50.543Z","runId":21,"level":"info","phase":"clean","tableName":"work_done","tableRunId":137,"status":"start"}
{"timestamp":"2026-04-23T16:16:50.544Z","runId":21,"level":"debug","phase":"clean","tableName":"work_done","tableRunId":137,"action":"fk_checks_disabled"}
{"timestamp":"2026-04-23T16:16:50.603Z","runId":21,"level":"info","phase":"clean","tableName":"work_done","tableRunId":137,"status":"success","method":"TRUNCATE","affectedRows":null,"postCount":0,"durationMs":60}
{"timestamp":"2026-04-23T16:16:50.610Z","runId":21,"type":"table_cleaned","table":"work_done","tableRunId":137,"method":"TRUNCATE","affectedRows":null,"postCount":0}
{"timestamp":"2026-04-23T16:16:50.611Z","runId":21,"level":"debug","phase":"clean","tableName":"work_done","tableRunId":137,"action":"fk_checks_restored"}
{"timestamp":"2026-04-23T16:16:50.611Z","runId":21,"level":"info","phase":"table_start","tableName":"work_done","tableRunId":137,"mode":"INSERT","keyStrategy":"preserve","dedupeKeys":[]}
{"timestamp":"2026-04-23T16:16:50.618Z","runId":21,"level":"info","phase":"fetch","tableName":"work_done","tableRunId":137,"sourceRows":2,"dateFilter":{"startDate":"2025-03-01","sourceColumn":"WORKDATE","hasLinkClause":true}}
{"timestamp":"2026-04-23T16:16:50.692Z","runId":21,"level":"debug","phase":"write","tableName":"work_done","tableRunId":137,"status":"start","batchSize":2}
{"timestamp":"2026-04-23T16:16:50.700Z","runId":21,"level":"debug","phase":"write","tableName":"work_done","tableRunId":137,"status":"end","inserted":2,"updated":0,"skipped":0,"durationMs":8}
{"timestamp":"2026-04-23T16:16:50.716Z","runId":21,"level":"info","phase":"table_finalize","tableName":"work_done","tableRunId":137,"status":"success","inserted":2,"updated":0,"skipped":0,"errors":0,"durationMs":98}
{"timestamp":"2026-04-23T16:16:50.717Z","runId":21,"level":"debug","phase":"table_loop","action":"processing","tableName":"wip_status","mappingTableKeys":["BANKS","CNOTE","STOCK","PRICING","ACCCLASS"]}
{"timestamp":"2026-04-23T16:16:50.717Z","runId":21,"level":"debug","phase":"table_loop","action":"mapping_resolved","tableName":"wip_status","hasMappingEntry":true,"mappingTarget":"WIP_STATUS"}
{"timestamp":"2026-04-23T16:16:50.717Z","runId":21,"level":"debug","phase":"mapping_debug","tableName":"wip_status","mappedSource":"WIPSTATUS","firebirdTableCount":191,"sampleFirebirdTables":["ACCCLASS","ACCDEPARTMENT","ACCOUNTLINKS","ACCOUNTS","ACCOUNT_OPENING"]}
{"timestamp":"2026-04-23T16:16:50.838Z","runId":21,"level":"debug","phase":"clean_decision","tableName":"wip_status","cleanBefore":true,"dryRun":false,"mode":"INSERT"}
{"timestamp":"2026-04-23T16:16:50.838Z","runId":21,"type":"table_cleaning_started","table":"wip_status","tableRunId":138}
{"timestamp":"2026-04-23T16:16:50.839Z","runId":21,"level":"info","phase":"clean","tableName":"wip_status","tableRunId":138,"status":"start"}
{"timestamp":"2026-04-23T16:16:50.839Z","runId":21,"level":"debug","phase":"clean","tableName":"wip_status","tableRunId":138,"action":"fk_checks_disabled"}
{"timestamp":"2026-04-23T16:16:50.876Z","runId":21,"level":"info","phase":"clean","tableName":"wip_status","tableRunId":138,"status":"success","method":"TRUNCATE","affectedRows":null,"postCount":0,"durationMs":37}
{"timestamp":"2026-04-23T16:16:50.884Z","runId":21,"type":"table_cleaned","table":"wip_status","tableRunId":138,"method":"TRUNCATE","affectedRows":null,"postCount":0}
{"timestamp":"2026-04-23T16:16:50.886Z","runId":21,"level":"debug","phase":"clean","tableName":"wip_status","tableRunId":138,"action":"fk_checks_restored"}
{"timestamp":"2026-04-23T16:16:50.886Z","runId":21,"level":"info","phase":"table_start","tableName":"wip_status","tableRunId":138,"mode":"INSERT","keyStrategy":"preserve","dedupeKeys":[]}
{"timestamp":"2026-04-23T16:16:50.999Z","runId":21,"level":"info","phase":"fetch","tableName":"wip_status","tableRunId":138,"sourceRows":7,"dateFilter":null}
{"timestamp":"2026-04-23T16:16:51.822Z","runId":21,"level":"debug","phase":"write","tableName":"wip_status","tableRunId":138,"status":"start","batchSize":7}
{"timestamp":"2026-04-23T16:16:51.828Z","runId":21,"level":"debug","phase":"write","tableName":"wip_status","tableRunId":138,"status":"end","inserted":7,"updated":0,"skipped":0,"durationMs":6}
{"timestamp":"2026-04-23T16:16:51.850Z","runId":21,"level":"info","phase":"table_finalize","tableName":"wip_status","tableRunId":138,"status":"success","inserted":7,"updated":0,"skipped":0,"errors":0,"durationMs":953}
{"timestamp":"2026-04-23T16:16:51.850Z","runId":21,"level":"debug","phase":"table_loop","action":"processing","tableName":"spares_used","mappingTableKeys":["BANKS","CNOTE","STOCK","PRICING","ACCCLASS"]}
{"timestamp":"2026-04-23T16:16:51.851Z","runId":21,"level":"debug","phase":"table_loop","action":"mapping_resolved","tableName":"spares_used","hasMappingEntry":true,"mappingTarget":"SPARES_USED"}
{"timestamp":"2026-04-23T16:16:51.851Z","runId":21,"level":"debug","phase":"mapping_debug","tableName":"spares_used","mappedSource":"SPARES_USED","firebirdTableCount":191,"sampleFirebirdTables":["ACCCLASS","ACCDEPARTMENT","ACCOUNTLINKS","ACCOUNTS","ACCOUNT_OPENING"]}
{"timestamp":"2026-04-23T16:17:08.508Z","runId":21,"level":"info","phase":"preflight","action":"firebird_config_check","host":"localhost","port":3050,"database":"C:\\Autoneer\\data\\AUTONEER.FDB","user":"SYSDBA","passwordSet":true,"passwordLength":9,"passwordSource":"state","useDefaultSysdbaMasterkey":true,"rawPasswordSet":true,"rawPasswordLength":9}
{"timestamp":"2026-04-23T16:17:08.596Z","runId":21,"level":"info","phase":"preflight","attempt":1,"status":"ok"}
{"timestamp":"2026-04-23T16:17:08.596Z","runId":21,"level":"debug","phase":"keepalive","status":"ok"}
{"timestamp":"2026-04-23T16:17:28.507Z","runId":21,"level":"info","phase":"preflight","action":"firebird_config_check","host":"localhost","port":3050,"database":"C:\\Autoneer\\data\\AUTONEER.FDB","user":"SYSDBA","passwordSet":true,"passwordLength":9,"passwordSource":"state","useDefaultSysdbaMasterkey":true,"rawPasswordSet":true,"rawPasswordLength":9}
{"timestamp":"2026-04-23T16:17:28.580Z","runId":21,"level":"info","phase":"preflight","attempt":1,"status":"ok"}
{"timestamp":"2026-04-23T16:17:28.580Z","runId":21,"level":"debug","phase":"keepalive","status":"ok"}
{"timestamp":"2026-04-23T16:17:48.522Z","runId":21,"level":"info","phase":"preflight","action":"firebird_config_check","host":"localhost","port":3050,"database":"C:\\Autoneer\\data\\AUTONEER.FDB","user":"SYSDBA","passwordSet":true,"passwordLength":9,"passwordSource":"state","useDefaultSysdbaMasterkey":true,"rawPasswordSet":true,"rawPasswordLength":9}
{"timestamp":"2026-04-23T16:17:48.613Z","runId":21,"level":"info","phase":"preflight","attempt":1,"status":"ok"}
{"timestamp":"2026-04-23T16:17:48.614Z","runId":21,"level":"debug","phase":"keepalive","status":"ok"}
{"timestamp":"2026-04-23T16:18:08.524Z","runId":21,"level":"info","phase":"preflight","action":"firebird_config_check","host":"localhost","port":3050,"database":"C:\\Autoneer\\data\\AUTONEER.FDB","user":"SYSDBA","passwordSet":true,"passwordLength":9,"passwordSource":"state","useDefaultSysdbaMasterkey":true,"rawPasswordSet":true,"rawPasswordLength":9}
{"timestamp":"2026-04-23T16:18:08.611Z","runId":21,"level":"info","phase":"preflight","attempt":1,"status":"ok"}
{"timestamp":"2026-04-23T16:18:08.611Z","runId":21,"level":"debug","phase":"keepalive","status":"ok"}
{"timestamp":"2026-04-23T16:18:28.541Z","runId":21,"level":"info","phase":"preflight","action":"firebird_config_check","host":"localhost","port":3050,"database":"C:\\Autoneer\\data\\AUTONEER.FDB","user":"SYSDBA","passwordSet":true,"passwordLength":9,"passwordSource":"state","useDefaultSysdbaMasterkey":true,"rawPasswordSet":true,"rawPasswordLength":9}
{"timestamp":"2026-04-23T16:18:28.611Z","runId":21,"level":"info","phase":"preflight","attempt":1,"status":"ok"}
{"timestamp":"2026-04-23T16:18:28.611Z","runId":21,"level":"debug","phase":"keepalive","status":"ok"}
{"timestamp":"2026-04-23T16:18:48.556Z","runId":21,"level":"info","phase":"preflight","action":"firebird_config_check","host":"localhost","port":3050,"database":"C:\\Autoneer\\data\\AUTONEER.FDB","user":"SYSDBA","passwordSet":true,"passwordLength":9,"passwordSource":"state","useDefaultSysdbaMasterkey":true,"rawPasswordSet":true,"rawPasswordLength":9}
{"timestamp":"2026-04-23T16:18:49.464Z","runId":21,"level":"info","phase":"preflight","attempt":1,"status":"ok"}
{"timestamp":"2026-04-23T16:18:49.464Z","runId":21,"level":"debug","phase":"keepalive","status":"ok"}
{"timestamp":"2026-04-23T16:19:08.556Z","runId":21,"level":"info","phase":"preflight","action":"firebird_config_check","host":"localhost","port":3050,"database":"C:\\Autoneer\\data\\AUTONEER.FDB","user":"SYSDBA","passwordSet":true,"passwordLength":9,"passwordSource":"state","useDefaultSysdbaMasterkey":true,"rawPasswordSet":true,"rawPasswordLength":9}
{"timestamp":"2026-04-23T16:19:08.637Z","runId":21,"level":"info","phase":"preflight","attempt":1,"status":"ok"}
{"timestamp":"2026-04-23T16:19:08.637Z","runId":21,"level":"debug","phase":"keepalive","status":"ok"}
{"timestamp":"2026-04-23T16:19:28.556Z","runId":21,"level":"info","phase":"preflight","action":"firebird_config_check","host":"localhost","port":3050,"database":"C:\\Autoneer\\data\\AUTONEER.FDB","user":"SYSDBA","passwordSet":true,"passwordLength":9,"passwordSource":"state","useDefaultSysdbaMasterkey":true,"rawPasswordSet":true,"rawPasswordLength":9}
{"timestamp":"2026-04-23T16:19:28.634Z","runId":21,"level":"info","phase":"preflight","attempt":1,"status":"ok"}
{"timestamp":"2026-04-23T16:19:28.634Z","runId":21,"level":"debug","phase":"keepalive","status":"ok"}
{"timestamp":"2026-04-23T16:19:46.628Z","runId":21,"level":"debug","phase":"clean_decision","tableName":"spares_used","cleanBefore":true,"dryRun":false,"mode":"INSERT"}
{"timestamp":"2026-04-23T16:19:46.628Z","runId":21,"type":"table_cleaning_started","table":"spares_used","tableRunId":139}
{"timestamp":"2026-04-23T16:19:46.628Z","runId":21,"level":"info","phase":"clean","tableName":"spares_used","tableRunId":139,"status":"start"}
{"timestamp":"2026-04-23T16:19:46.629Z","runId":21,"level":"debug","phase":"clean","tableName":"spares_used","tableRunId":139,"action":"fk_checks_disabled"}
{"timestamp":"2026-04-23T16:19:46.679Z","runId":21,"level":"info","phase":"clean","tableName":"spares_used","tableRunId":139,"status":"success","method":"TRUNCATE","affectedRows":null,"postCount":0,"durationMs":50}
{"timestamp":"2026-04-23T16:19:46.685Z","runId":21,"type":"table_cleaned","table":"spares_used","tableRunId":139,"method":"TRUNCATE","affectedRows":null,"postCount":0}
{"timestamp":"2026-04-23T16:19:46.686Z","runId":21,"level":"debug","phase":"clean","tableName":"spares_used","tableRunId":139,"action":"fk_checks_restored"}
{"timestamp":"2026-04-23T16:19:46.686Z","runId":21,"level":"info","phase":"table_start","tableName":"spares_used","tableRunId":139,"mode":"INSERT","keyStrategy":"preserve","dedupeKeys":[]}
{"timestamp":"2026-04-23T16:19:46.693Z","runId":21,"level":"info","phase":"fetch","tableName":"spares_used","tableRunId":139,"sourceRows":7,"dateFilter":{"startDate":"2025-03-01","sourceColumn":"DATE_USED","hasLinkClause":true}}
{"timestamp":"2026-04-23T16:19:47.726Z","runId":21,"level":"debug","phase":"write","tableName":"spares_used","tableRunId":139,"status":"start","batchSize":7}
{"timestamp":"2026-04-23T16:19:47.732Z","runId":21,"level":"debug","phase":"write","tableName":"spares_used","tableRunId":139,"status":"end","inserted":7,"updated":0,"skipped":0,"durationMs":6}
{"timestamp":"2026-04-23T16:19:47.740Z","runId":21,"level":"info","phase":"post_validation","tableName":"spares_used","tableRunId":139,"status":"start"}
{"timestamp":"2026-04-23T16:19:47.981Z","runId":21,"level":"warn","phase":"post_validation","tableName":"spares_used","tableRunId":139,"status":"error","error":"Checksum mismatch in spares_used.quantity: Firebird sum=126380.26, MySQL sum=10.00, variance=99.99%. This indicates data loss or incorrect transforms."}
{"timestamp":"2026-04-23T16:19:47.992Z","runId":21,"level":"info","phase":"table_finalize","tableName":"spares_used","tableRunId":139,"status":"success","inserted":7,"updated":0,"skipped":0,"errors":0,"durationMs":1296}
{"timestamp":"2026-04-23T16:19:47.993Z","runId":21,"level":"debug","phase":"table_loop","action":"processing","tableName":"credit_notes","mappingTableKeys":["BANKS","CNOTE","STOCK","PRICING","ACCCLASS"]}
{"timestamp":"2026-04-23T16:19:47.993Z","runId":21,"level":"debug","phase":"table_loop","action":"mapping_resolved","tableName":"credit_notes","hasMappingEntry":true,"mappingTarget":"CREDIT_NOTES"}
{"timestamp":"2026-04-23T16:19:47.993Z","runId":21,"level":"debug","phase":"mapping_debug","tableName":"credit_notes","mappedSource":"CNOTE","firebirdTableCount":191,"sampleFirebirdTables":["ACCCLASS","ACCDEPARTMENT","ACCOUNTLINKS","ACCOUNTS","ACCOUNT_OPENING"]}
{"timestamp":"2026-04-23T16:19:48.556Z","runId":21,"level":"info","phase":"preflight","action":"firebird_config_check","host":"localhost","port":3050,"database":"C:\\Autoneer\\data\\AUTONEER.FDB","user":"SYSDBA","passwordSet":true,"passwordLength":9,"passwordSource":"state","useDefaultSysdbaMasterkey":true,"rawPasswordSet":true,"rawPasswordLength":9}
{"timestamp":"2026-04-23T16:19:48.632Z","runId":21,"level":"info","phase":"preflight","attempt":1,"status":"ok"}
{"timestamp":"2026-04-23T16:19:48.632Z","runId":21,"level":"debug","phase":"keepalive","status":"ok"}
{"timestamp":"2026-04-23T16:19:52.951Z","runId":21,"level":"debug","phase":"clean_decision","tableName":"credit_notes","cleanBefore":true,"dryRun":false,"mode":"INSERT"}
{"timestamp":"2026-04-23T16:19:52.951Z","runId":21,"type":"table_cleaning_started","table":"credit_notes","tableRunId":140}
{"timestamp":"2026-04-23T16:19:52.952Z","runId":21,"level":"info","phase":"clean","tableName":"credit_notes","tableRunId":140,"status":"start"}
{"timestamp":"2026-04-23T16:19:52.952Z","runId":21,"level":"debug","phase":"clean","tableName":"credit_notes","tableRunId":140,"action":"fk_checks_disabled"}
{"timestamp":"2026-04-23T16:19:53.006Z","runId":21,"level":"info","phase":"clean","tableName":"credit_notes","tableRunId":140,"status":"success","method":"TRUNCATE","affectedRows":null,"postCount":0,"durationMs":54}
{"timestamp":"2026-04-23T16:19:53.014Z","runId":21,"type":"table_cleaned","table":"credit_notes","tableRunId":140,"method":"TRUNCATE","affectedRows":null,"postCount":0}
{"timestamp":"2026-04-23T16:19:53.015Z","runId":21,"level":"debug","phase":"clean","tableName":"credit_notes","tableRunId":140,"action":"fk_checks_restored"}
{"timestamp":"2026-04-23T16:19:53.015Z","runId":21,"level":"info","phase":"table_start","tableName":"credit_notes","tableRunId":140,"mode":"INSERT","keyStrategy":"preserve","dedupeKeys":[]}
{"timestamp":"2026-04-23T16:19:53.023Z","runId":21,"level":"info","phase":"fetch","tableName":"credit_notes","tableRunId":140,"sourceRows":689,"dateFilter":{"startDate":"2025-03-01","sourceColumn":"CDATE","hasLinkClause":true}}
{"timestamp":"2026-04-23T16:19:53.183Z","runId":21,"level":"debug","phase":"write","tableName":"credit_notes","tableRunId":140,"status":"start","batchSize":689}
{"timestamp":"2026-04-23T16:19:53.217Z","runId":21,"level":"debug","phase":"write","tableName":"credit_notes","tableRunId":140,"status":"end","inserted":689,"updated":0,"skipped":0,"durationMs":34}
{"timestamp":"2026-04-23T16:19:53.235Z","runId":21,"level":"info","phase":"table_finalize","tableName":"credit_notes","tableRunId":140,"status":"success","inserted":689,"updated":0,"skipped":0,"errors":0,"durationMs":211}
{"timestamp":"2026-04-23T16:19:53.236Z","runId":21,"level":"debug","phase":"table_loop","action":"processing","tableName":"invoice_items","mappingTableKeys":["BANKS","CNOTE","STOCK","PRICING","ACCCLASS"]}
{"timestamp":"2026-04-23T16:19:53.236Z","runId":21,"level":"debug","phase":"table_loop","action":"mapping_resolved","tableName":"invoice_items","hasMappingEntry":true,"mappingTarget":"INVOICE_ITEMS"}
{"timestamp":"2026-04-23T16:19:53.236Z","runId":21,"level":"debug","phase":"mapping_debug","tableName":"invoice_items","mappedSource":"INVTOTAL","firebirdTableCount":191,"sampleFirebirdTables":["ACCCLASS","ACCDEPARTMENT","ACCOUNTLINKS","ACCOUNTS","ACCOUNT_OPENING"]}
{"timestamp":"2026-04-23T16:20:08.556Z","runId":21,"level":"info","phase":"preflight","action":"firebird_config_check","host":"localhost","port":3050,"database":"C:\\Autoneer\\data\\AUTONEER.FDB","user":"SYSDBA","passwordSet":true,"passwordLength":9,"passwordSource":"state","useDefaultSysdbaMasterkey":true,"rawPasswordSet":true,"rawPasswordLength":9}
{"timestamp":"2026-04-23T16:20:08.641Z","runId":21,"level":"info","phase":"preflight","attempt":1,"status":"ok"}
{"timestamp":"2026-04-23T16:20:08.642Z","runId":21,"level":"debug","phase":"keepalive","status":"ok"}
{"timestamp":"2026-04-23T16:20:28.570Z","runId":21,"level":"info","phase":"preflight","action":"firebird_config_check","host":"localhost","port":3050,"database":"C:\\Autoneer\\data\\AUTONEER.FDB","user":"SYSDBA","passwordSet":true,"passwordLength":9,"passwordSource":"state","useDefaultSysdbaMasterkey":true,"rawPasswordSet":true,"rawPasswordLength":9}
{"timestamp":"2026-04-23T16:20:28.642Z","runId":21,"level":"info","phase":"preflight","attempt":1,"status":"ok"}
{"timestamp":"2026-04-23T16:20:28.642Z","runId":21,"level":"debug","phase":"keepalive","status":"ok"}
{"timestamp":"2026-04-23T16:20:48.570Z","runId":21,"level":"info","phase":"preflight","action":"firebird_config_check","host":"localhost","port":3050,"database":"C:\\Autoneer\\data\\AUTONEER.FDB","user":"SYSDBA","passwordSet":true,"passwordLength":9,"passwordSource":"state","useDefaultSysdbaMasterkey":true,"rawPasswordSet":true,"rawPasswordLength":9}
{"timestamp":"2026-04-23T16:20:48.661Z","runId":21,"level":"info","phase":"preflight","attempt":1,"status":"ok"}
{"timestamp":"2026-04-23T16:20:48.661Z","runId":21,"level":"debug","phase":"keepalive","status":"ok"}
{"timestamp":"2026-04-23T16:20:59.717Z","runId":21,"level":"debug","phase":"clean_decision","tableName":"invoice_items","cleanBefore":true,"dryRun":false,"mode":"INSERT"}
{"timestamp":"2026-04-23T16:20:59.717Z","runId":21,"type":"table_cleaning_started","table":"invoice_items","tableRunId":141}
{"timestamp":"2026-04-23T16:20:59.718Z","runId":21,"level":"info","phase":"clean","tableName":"invoice_items","tableRunId":141,"status":"start"}
{"timestamp":"2026-04-23T16:20:59.718Z","runId":21,"level":"debug","phase":"clean","tableName":"invoice_items","tableRunId":141,"action":"fk_checks_disabled"}
{"timestamp":"2026-04-23T16:20:59.776Z","runId":21,"level":"info","phase":"clean","tableName":"invoice_items","tableRunId":141,"status":"success","method":"TRUNCATE","affectedRows":null,"postCount":0,"durationMs":58}
{"timestamp":"2026-04-23T16:20:59.784Z","runId":21,"type":"table_cleaned","table":"invoice_items","tableRunId":141,"method":"TRUNCATE","affectedRows":null,"postCount":0}
{"timestamp":"2026-04-23T16:20:59.786Z","runId":21,"level":"debug","phase":"clean","tableName":"invoice_items","tableRunId":141,"action":"fk_checks_restored"}
{"timestamp":"2026-04-23T16:20:59.786Z","runId":21,"level":"info","phase":"table_start","tableName":"invoice_items","tableRunId":141,"mode":"INSERT","keyStrategy":"preserve","dedupeKeys":[]}
{"timestamp":"2026-04-23T16:20:59.793Z","runId":21,"level":"info","phase":"fetch","tableName":"invoice_items","tableRunId":141,"sourceRows":3,"dateFilter":{"startDate":"2025-03-01","sourceColumn":"INV_DATE","hasLinkClause":true}}
{"timestamp":"2026-04-23T16:20:59.983Z","runId":21,"level":"debug","phase":"write","tableName":"invoice_items","tableRunId":141,"status":"start","batchSize":3}
{"timestamp":"2026-04-23T16:20:59.989Z","runId":21,"level":"debug","phase":"write","tableName":"invoice_items","tableRunId":141,"status":"end","inserted":3,"updated":0,"skipped":0,"durationMs":6}
{"timestamp":"2026-04-23T16:21:00.005Z","runId":21,"level":"info","phase":"table_finalize","tableName":"invoice_items","tableRunId":141,"status":"success","inserted":3,"updated":0,"skipped":0,"errors":0,"durationMs":211}
{"timestamp":"2026-04-23T16:21:00.006Z","runId":21,"level":"debug","phase":"table_loop","action":"processing","tableName":"acc_department","mappingTableKeys":["BANKS","CNOTE","STOCK","PRICING","ACCCLASS"]}
{"timestamp":"2026-04-23T16:21:00.006Z","runId":21,"level":"debug","phase":"table_loop","action":"mapping_resolved","tableName":"acc_department","hasMappingEntry":true,"mappingTarget":"ACC_DEPARTMENT"}
{"timestamp":"2026-04-23T16:21:00.006Z","runId":21,"level":"debug","phase":"mapping_debug","tableName":"acc_department","mappedSource":"ACCDEPARTMENT","firebirdTableCount":191,"sampleFirebirdTables":["ACCCLASS","ACCDEPARTMENT","ACCOUNTLINKS","ACCOUNTS","ACCOUNT_OPENING"]}
{"timestamp":"2026-04-23T16:21:00.132Z","runId":21,"level":"debug","phase":"clean_decision","tableName":"acc_department","cleanBefore":true,"dryRun":false,"mode":"INSERT"}
{"timestamp":"2026-04-23T16:21:00.133Z","runId":21,"type":"table_cleaning_started","table":"acc_department","tableRunId":142}
{"timestamp":"2026-04-23T16:21:00.133Z","runId":21,"level":"info","phase":"clean","tableName":"acc_department","tableRunId":142,"status":"start"}
{"timestamp":"2026-04-23T16:21:00.134Z","runId":21,"level":"debug","phase":"clean","tableName":"acc_department","tableRunId":142,"action":"fk_checks_disabled"}
{"timestamp":"2026-04-23T16:21:00.168Z","runId":21,"level":"info","phase":"clean","tableName":"acc_department","tableRunId":142,"status":"success","method":"TRUNCATE","affectedRows":null,"postCount":0,"durationMs":35}
{"timestamp":"2026-04-23T16:21:00.177Z","runId":21,"type":"table_cleaned","table":"acc_department","tableRunId":142,"method":"TRUNCATE","affectedRows":null,"postCount":0}
{"timestamp":"2026-04-23T16:21:00.179Z","runId":21,"level":"debug","phase":"clean","tableName":"acc_department","tableRunId":142,"action":"fk_checks_restored"}
{"timestamp":"2026-04-23T16:21:00.179Z","runId":21,"level":"info","phase":"table_start","tableName":"acc_department","tableRunId":142,"mode":"INSERT","keyStrategy":"preserve","dedupeKeys":[]}
{"timestamp":"2026-04-23T16:21:00.315Z","runId":21,"level":"info","phase":"fetch","tableName":"acc_department","tableRunId":142,"sourceRows":12,"dateFilter":null}
{"timestamp":"2026-04-23T16:21:00.428Z","runId":21,"level":"debug","phase":"write","tableName":"acc_department","tableRunId":142,"status":"start","batchSize":12}
{"timestamp":"2026-04-23T16:21:00.434Z","runId":21,"level":"debug","phase":"write","tableName":"acc_department","tableRunId":142,"status":"end","inserted":12,"updated":0,"skipped":0,"durationMs":6}
{"timestamp":"2026-04-23T16:21:00.451Z","runId":21,"level":"info","phase":"table_finalize","tableName":"acc_department","tableRunId":142,"status":"success","inserted":12,"updated":0,"skipped":0,"errors":0,"durationMs":263}
{"timestamp":"2026-04-23T16:21:00.452Z","runId":21,"level":"debug","phase":"table_loop","action":"processing","tableName":"labour_pricing","mappingTableKeys":["BANKS","CNOTE","STOCK","PRICING","ACCCLASS"]}
{"timestamp":"2026-04-23T16:21:00.452Z","runId":21,"level":"debug","phase":"table_loop","action":"mapping_resolved","tableName":"labour_pricing","hasMappingEntry":true,"mappingTarget":"LABOUR_PRICING"}
{"timestamp":"2026-04-23T16:21:00.452Z","runId":21,"level":"debug","phase":"mapping_debug","tableName":"labour_pricing","mappedSource":"PRICING","firebirdTableCount":191,"sampleFirebirdTables":["ACCCLASS","ACCDEPARTMENT","ACCOUNTLINKS","ACCOUNTS","ACCOUNT_OPENING"]}
{"timestamp":"2026-04-23T16:21:01.433Z","runId":21,"level":"debug","phase":"clean_decision","tableName":"labour_pricing","cleanBefore":true,"dryRun":false,"mode":"INSERT"}
{"timestamp":"2026-04-23T16:21:01.433Z","runId":21,"type":"table_cleaning_started","table":"labour_pricing","tableRunId":143}
{"timestamp":"2026-04-23T16:21:01.434Z","runId":21,"level":"info","phase":"clean","tableName":"labour_pricing","tableRunId":143,"status":"start"}
{"timestamp":"2026-04-23T16:21:01.435Z","runId":21,"level":"debug","phase":"clean","tableName":"labour_pricing","tableRunId":143,"action":"fk_checks_disabled"}
{"timestamp":"2026-04-23T16:21:01.483Z","runId":21,"level":"info","phase":"clean","tableName":"labour_pricing","tableRunId":143,"status":"success","method":"TRUNCATE","affectedRows":null,"postCount":0,"durationMs":49}
{"timestamp":"2026-04-23T16:21:01.492Z","runId":21,"type":"table_cleaned","table":"labour_pricing","tableRunId":143,"method":"TRUNCATE","affectedRows":null,"postCount":0}
{"timestamp":"2026-04-23T16:21:01.493Z","runId":21,"level":"debug","phase":"clean","tableName":"labour_pricing","tableRunId":143,"action":"fk_checks_restored"}
{"timestamp":"2026-04-23T16:21:01.493Z","runId":21,"level":"info","phase":"table_start","tableName":"labour_pricing","tableRunId":143,"mode":"INSERT","keyStrategy":"preserve","dedupeKeys":[]}
{"timestamp":"2026-04-23T16:21:01.613Z","runId":21,"level":"info","phase":"fetch","tableName":"labour_pricing","tableRunId":143,"sourceRows":3014,"dateFilter":null}
{"timestamp":"2026-04-23T16:21:01.757Z","runId":21,"level":"debug","phase":"write","tableName":"labour_pricing","tableRunId":143,"status":"start","batchSize":1000}
{"timestamp":"2026-04-23T16:21:01.790Z","runId":21,"level":"debug","phase":"write","tableName":"labour_pricing","tableRunId":143,"status":"end","inserted":958,"updated":0,"skipped":42,"durationMs":33}
{"timestamp":"2026-04-23T16:21:01.921Z","runId":21,"level":"debug","phase":"write","tableName":"labour_pricing","tableRunId":143,"status":"start","batchSize":1000}
{"timestamp":"2026-04-23T16:21:01.949Z","runId":21,"level":"debug","phase":"write","tableName":"labour_pricing","tableRunId":143,"status":"end","inserted":1000,"updated":0,"skipped":0,"durationMs":28}
{"timestamp":"2026-04-23T16:21:02.092Z","runId":21,"level":"debug","phase":"write","tableName":"labour_pricing","tableRunId":143,"status":"start","batchSize":1000}
{"timestamp":"2026-04-23T16:21:02.124Z","runId":21,"level":"debug","phase":"write","tableName":"labour_pricing","tableRunId":143,"status":"end","inserted":1000,"updated":0,"skipped":0,"durationMs":32}
{"timestamp":"2026-04-23T16:21:02.250Z","runId":21,"level":"debug","phase":"write","tableName":"labour_pricing","tableRunId":143,"status":"start","batchSize":14}
{"timestamp":"2026-04-23T16:21:02.258Z","runId":21,"level":"debug","phase":"write","tableName":"labour_pricing","tableRunId":143,"status":"end","inserted":14,"updated":0,"skipped":0,"durationMs":8}
{"timestamp":"2026-04-23T16:21:02.275Z","runId":21,"level":"info","phase":"table_finalize","tableName":"labour_pricing","tableRunId":143,"status":"success","inserted":2972,"updated":0,"skipped":42,"errors":0,"durationMs":774}
{"timestamp":"2026-04-23T16:21:02.276Z","runId":21,"level":"debug","phase":"table_loop","action":"processing","tableName":"invoice_general","mappingTableKeys":["BANKS","CNOTE","STOCK","PRICING","ACCCLASS"]}
{"timestamp":"2026-04-23T16:21:02.276Z","runId":21,"level":"debug","phase":"table_loop","action":"mapping_resolved","tableName":"invoice_general","hasMappingEntry":true,"mappingTarget":"INVOICE_GENERAL"}
{"timestamp":"2026-04-23T16:21:02.276Z","runId":21,"level":"debug","phase":"mapping_debug","tableName":"invoice_general","mappedSource":"INVOICEGENERAL","firebirdTableCount":191,"sampleFirebirdTables":["ACCCLASS","ACCDEPARTMENT","ACCOUNTLINKS","ACCOUNTS","ACCOUNT_OPENING"]}
{"timestamp":"2026-04-23T16:21:04.262Z","runId":21,"level":"debug","phase":"clean_decision","tableName":"invoice_general","cleanBefore":true,"dryRun":false,"mode":"INSERT"}
{"timestamp":"2026-04-23T16:21:04.262Z","runId":21,"type":"table_cleaning_started","table":"invoice_general","tableRunId":144}
{"timestamp":"2026-04-23T16:21:04.262Z","runId":21,"level":"info","phase":"clean","tableName":"invoice_general","tableRunId":144,"status":"start"}
{"timestamp":"2026-04-23T16:21:04.263Z","runId":21,"level":"debug","phase":"clean","tableName":"invoice_general","tableRunId":144,"action":"fk_checks_disabled"}
{"timestamp":"2026-04-23T16:21:04.295Z","runId":21,"level":"info","phase":"clean","tableName":"invoice_general","tableRunId":144,"status":"success","method":"TRUNCATE","affectedRows":null,"postCount":0,"durationMs":33}
{"timestamp":"2026-04-23T16:21:04.304Z","runId":21,"type":"table_cleaned","table":"invoice_general","tableRunId":144,"method":"TRUNCATE","affectedRows":null,"postCount":0}
{"timestamp":"2026-04-23T16:21:04.305Z","runId":21,"level":"debug","phase":"clean","tableName":"invoice_general","tableRunId":144,"action":"fk_checks_restored"}
{"timestamp":"2026-04-23T16:21:04.306Z","runId":21,"level":"info","phase":"table_start","tableName":"invoice_general","tableRunId":144,"mode":"INSERT","keyStrategy":"preserve","dedupeKeys":[]}
{"timestamp":"2026-04-23T16:21:04.314Z","runId":21,"level":"info","phase":"fetch","tableName":"invoice_general","tableRunId":144,"sourceRows":366,"dateFilter":{"startDate":"2025-03-01","sourceColumn":"PURCHDATE","hasLinkClause":true}}
{"timestamp":"2026-04-23T16:21:04.617Z","runId":21,"level":"debug","phase":"write","tableName":"invoice_general","tableRunId":144,"status":"start","batchSize":366}
{"timestamp":"2026-04-23T16:21:04.639Z","runId":21,"level":"debug","phase":"write","tableName":"invoice_general","tableRunId":144,"status":"end","inserted":366,"updated":0,"skipped":0,"durationMs":22}
{"timestamp":"2026-04-23T16:21:04.656Z","runId":21,"level":"info","phase":"table_finalize","tableName":"invoice_general","tableRunId":144,"status":"success","inserted":366,"updated":0,"skipped":0,"errors":0,"durationMs":341}
{"timestamp":"2026-04-23T16:21:04.657Z","runId":21,"level":"debug","phase":"table_loop","action":"processing","tableName":"job_information","mappingTableKeys":["BANKS","CNOTE","STOCK","PRICING","ACCCLASS"]}
{"timestamp":"2026-04-23T16:21:04.657Z","runId":21,"level":"debug","phase":"table_loop","action":"mapping_resolved","tableName":"job_information","hasMappingEntry":true,"mappingTarget":"JOB_INFORMATION"}
{"timestamp":"2026-04-23T16:21:04.657Z","runId":21,"level":"debug","phase":"mapping_debug","tableName":"job_information","mappedSource":"JOB_INFORMATION","firebirdTableCount":191,"sampleFirebirdTables":["ACCCLASS","ACCDEPARTMENT","ACCOUNTLINKS","ACCOUNTS","ACCOUNT_OPENING"]}
{"timestamp":"2026-04-23T16:21:08.570Z","runId":21,"level":"info","phase":"preflight","action":"firebird_config_check","host":"localhost","port":3050,"database":"C:\\Autoneer\\data\\AUTONEER.FDB","user":"SYSDBA","passwordSet":true,"passwordLength":9,"passwordSource":"state","useDefaultSysdbaMasterkey":true,"rawPasswordSet":true,"rawPasswordLength":9}
{"timestamp":"2026-04-23T16:21:08.639Z","runId":21,"level":"debug","phase":"clean_decision","tableName":"job_information","cleanBefore":true,"dryRun":false,"mode":"INSERT"}
{"timestamp":"2026-04-23T16:21:08.639Z","runId":21,"type":"table_cleaning_started","table":"job_information","tableRunId":145}
{"timestamp":"2026-04-23T16:21:08.639Z","runId":21,"level":"info","phase":"clean","tableName":"job_information","tableRunId":145,"status":"start"}
{"timestamp":"2026-04-23T16:21:08.640Z","runId":21,"level":"debug","phase":"clean","tableName":"job_information","tableRunId":145,"action":"fk_checks_disabled"}
{"timestamp":"2026-04-23T16:21:08.646Z","runId":21,"level":"info","phase":"preflight","attempt":1,"status":"ok"}
{"timestamp":"2026-04-23T16:21:08.646Z","runId":21,"level":"debug","phase":"keepalive","status":"ok"}
{"timestamp":"2026-04-23T16:21:08.701Z","runId":21,"level":"info","phase":"clean","tableName":"job_information","tableRunId":145,"status":"success","method":"TRUNCATE","affectedRows":null,"postCount":0,"durationMs":62}
{"timestamp":"2026-04-23T16:21:08.708Z","runId":21,"type":"table_cleaned","table":"job_information","tableRunId":145,"method":"TRUNCATE","affectedRows":null,"postCount":0}
{"timestamp":"2026-04-23T16:21:08.710Z","runId":21,"level":"debug","phase":"clean","tableName":"job_information","tableRunId":145,"action":"fk_checks_restored"}
{"timestamp":"2026-04-23T16:21:08.710Z","runId":21,"level":"info","phase":"table_start","tableName":"job_information","tableRunId":145,"mode":"INSERT","keyStrategy":"preserve","dedupeKeys":[]}
{"timestamp":"2026-04-23T16:21:08.717Z","runId":21,"level":"info","phase":"fetch","tableName":"job_information","tableRunId":145,"sourceRows":3495,"dateFilter":{"startDate":"2025-03-01","sourceColumn":"DATE_RECEIVED","hasLinkClause":true}}
{"timestamp":"2026-04-23T16:21:08.991Z","runId":21,"level":"debug","phase":"write","tableName":"job_information","tableRunId":145,"status":"start","batchSize":1000}
{"timestamp":"2026-04-23T16:21:09.090Z","runId":21,"level":"debug","phase":"write","tableName":"job_information","tableRunId":145,"status":"end","inserted":1000,"updated":0,"skipped":0,"durationMs":99}
{"timestamp":"2026-04-23T16:21:09.414Z","runId":21,"level":"debug","phase":"write","tableName":"job_information","tableRunId":145,"status":"start","batchSize":1000}
{"timestamp":"2026-04-23T16:21:09.492Z","runId":21,"level":"debug","phase":"write","tableName":"job_information","tableRunId":145,"status":"end","inserted":993,"updated":0,"skipped":7,"durationMs":78}
{"timestamp":"2026-04-23T16:21:09.821Z","runId":21,"level":"debug","phase":"write","tableName":"job_information","tableRunId":145,"status":"start","batchSize":1000}
{"timestamp":"2026-04-23T16:21:09.894Z","runId":21,"level":"debug","phase":"write","tableName":"job_information","tableRunId":145,"status":"end","inserted":994,"updated":0,"skipped":6,"durationMs":73}
{"timestamp":"2026-04-23T16:21:10.060Z","runId":21,"level":"debug","phase":"write","tableName":"job_information","tableRunId":145,"status":"start","batchSize":495}
{"timestamp":"2026-04-23T16:21:10.093Z","runId":21,"level":"debug","phase":"write","tableName":"job_information","tableRunId":145,"status":"end","inserted":494,"updated":0,"skipped":1,"durationMs":33}
{"timestamp":"2026-04-23T16:21:10.112Z","runId":21,"level":"info","phase":"table_finalize","tableName":"job_information","tableRunId":145,"status":"success","inserted":3481,"updated":0,"skipped":14,"errors":0,"durationMs":1392}
{"timestamp":"2026-04-23T16:21:10.113Z","runId":21,"level":"debug","phase":"table_loop","action":"processing","tableName":"invoices_supplier","mappingTableKeys":["BANKS","CNOTE","STOCK","PRICING","ACCCLASS"]}
{"timestamp":"2026-04-23T16:21:10.113Z","runId":21,"level":"debug","phase":"table_loop","action":"mapping_resolved","tableName":"invoices_supplier","hasMappingEntry":true,"mappingTarget":"INVOICES_SUPPLIER"}
{"timestamp":"2026-04-23T16:21:10.113Z","runId":21,"level":"debug","phase":"mapping_debug","tableName":"invoices_supplier","mappedSource":"INVOICESUPPLIER","firebirdTableCount":191,"sampleFirebirdTables":["ACCCLASS","ACCDEPARTMENT","ACCOUNTLINKS","ACCOUNTS","ACCOUNT_OPENING"]}
{"timestamp":"2026-04-23T16:21:28.587Z","runId":21,"level":"info","phase":"preflight","action":"firebird_config_check","host":"localhost","port":3050,"database":"C:\\Autoneer\\data\\AUTONEER.FDB","user":"SYSDBA","passwordSet":true,"passwordLength":9,"passwordSource":"state","useDefaultSysdbaMasterkey":true,"rawPasswordSet":true,"rawPasswordLength":9}
{"timestamp":"2026-04-23T16:21:28.659Z","runId":21,"level":"info","phase":"preflight","attempt":1,"status":"ok"}
{"timestamp":"2026-04-23T16:21:28.659Z","runId":21,"level":"debug","phase":"keepalive","status":"ok"}
{"timestamp":"2026-04-23T16:21:48.603Z","runId":21,"level":"info","phase":"preflight","action":"firebird_config_check","host":"localhost","port":3050,"database":"C:\\Autoneer\\data\\AUTONEER.FDB","user":"SYSDBA","passwordSet":true,"passwordLength":9,"passwordSource":"state","useDefaultSysdbaMasterkey":true,"rawPasswordSet":true,"rawPasswordLength":9}
{"timestamp":"2026-04-23T16:21:48.693Z","runId":21,"level":"info","phase":"preflight","attempt":1,"status":"ok"}
{"timestamp":"2026-04-23T16:21:48.693Z","runId":21,"level":"debug","phase":"keepalive","status":"ok"}
{"timestamp":"2026-04-23T16:22:08.603Z","runId":21,"level":"info","phase":"preflight","action":"firebird_config_check","host":"localhost","port":3050,"database":"C:\\Autoneer\\data\\AUTONEER.FDB","user":"SYSDBA","passwordSet":true,"passwordLength":9,"passwordSource":"state","useDefaultSysdbaMasterkey":true,"rawPasswordSet":true,"rawPasswordLength":9}
{"timestamp":"2026-04-23T16:22:08.691Z","runId":21,"level":"info","phase":"preflight","attempt":1,"status":"ok"}
{"timestamp":"2026-04-23T16:22:08.692Z","runId":21,"level":"debug","phase":"keepalive","status":"ok"}
{"timestamp":"2026-04-23T16:22:26.174Z","runId":21,"level":"debug","phase":"clean_decision","tableName":"invoices_supplier","cleanBefore":true,"dryRun":false,"mode":"INSERT"}
{"timestamp":"2026-04-23T16:22:26.174Z","runId":21,"type":"table_cleaning_started","table":"invoices_supplier","tableRunId":146}
{"timestamp":"2026-04-23T16:22:26.174Z","runId":21,"level":"info","phase":"clean","tableName":"invoices_supplier","tableRunId":146,"status":"start"}
{"timestamp":"2026-04-23T16:22:26.175Z","runId":21,"level":"debug","phase":"clean","tableName":"invoices_supplier","tableRunId":146,"action":"fk_checks_disabled"}
{"timestamp":"2026-04-23T16:22:26.223Z","runId":21,"level":"info","phase":"clean","tableName":"invoices_supplier","tableRunId":146,"status":"success","method":"TRUNCATE","affectedRows":null,"postCount":0,"durationMs":49}
{"timestamp":"2026-04-23T16:22:26.230Z","runId":21,"type":"table_cleaned","table":"invoices_supplier","tableRunId":146,"method":"TRUNCATE","affectedRows":null,"postCount":0}
{"timestamp":"2026-04-23T16:22:26.231Z","runId":21,"level":"debug","phase":"clean","tableName":"invoices_supplier","tableRunId":146,"action":"fk_checks_restored"}
{"timestamp":"2026-04-23T16:22:26.232Z","runId":21,"level":"info","phase":"table_start","tableName":"invoices_supplier","tableRunId":146,"mode":"INSERT","keyStrategy":"preserve","dedupeKeys":[]}
{"timestamp":"2026-04-23T16:22:26.240Z","runId":21,"level":"info","phase":"fetch","tableName":"invoices_supplier","tableRunId":146,"sourceRows":2,"dateFilter":{"startDate":"2025-03-01","sourceColumn":"INV_DATE","hasLinkClause":true}}
{"timestamp":"2026-04-23T16:22:26.247Z","runId":21,"level":"debug","phase":"write","tableName":"invoices_supplier","tableRunId":146,"status":"start","batchSize":2}
{"timestamp":"2026-04-23T16:22:26.252Z","runId":21,"level":"debug","phase":"write","tableName":"invoices_supplier","tableRunId":146,"status":"end","inserted":2,"updated":0,"skipped":0,"durationMs":5}
{"timestamp":"2026-04-23T16:22:26.267Z","runId":21,"level":"info","phase":"table_finalize","tableName":"invoices_supplier","tableRunId":146,"status":"success","inserted":2,"updated":0,"skipped":0,"errors":0,"durationMs":27}
{"timestamp":"2026-04-23T16:22:26.267Z","runId":21,"level":"debug","phase":"table_loop","action":"processing","tableName":"payments_suppliers","mappingTableKeys":["BANKS","CNOTE","STOCK","PRICING","ACCCLASS"]}
{"timestamp":"2026-04-23T16:22:26.267Z","runId":21,"level":"debug","phase":"table_loop","action":"mapping_resolved","tableName":"payments_suppliers","hasMappingEntry":true,"mappingTarget":"PAYMENTS_SUPPLIERS"}
{"timestamp":"2026-04-23T16:22:26.268Z","runId":21,"level":"debug","phase":"mapping_debug","tableName":"payments_suppliers","mappedSource":"PAYMENTSSUPP","firebirdTableCount":191,"sampleFirebirdTables":["ACCCLASS","ACCDEPARTMENT","ACCOUNTLINKS","ACCOUNTS","ACCOUNT_OPENING"]}
{"timestamp":"2026-04-23T16:22:28.619Z","runId":21,"level":"info","phase":"preflight","action":"firebird_config_check","host":"localhost","port":3050,"database":"C:\\Autoneer\\data\\AUTONEER.FDB","user":"SYSDBA","passwordSet":true,"passwordLength":9,"passwordSource":"state","useDefaultSysdbaMasterkey":true,"rawPasswordSet":true,"rawPasswordLength":9}
{"timestamp":"2026-04-23T16:22:28.696Z","runId":21,"level":"info","phase":"preflight","attempt":1,"status":"ok"}
{"timestamp":"2026-04-23T16:22:28.697Z","runId":21,"level":"debug","phase":"keepalive","status":"ok"}
{"timestamp":"2026-04-23T16:22:48.620Z","runId":21,"level":"info","phase":"preflight","action":"firebird_config_check","host":"localhost","port":3050,"database":"C:\\Autoneer\\data\\AUTONEER.FDB","user":"SYSDBA","passwordSet":true,"passwordLength":9,"passwordSource":"state","useDefaultSysdbaMasterkey":true,"rawPasswordSet":true,"rawPasswordLength":9}
{"timestamp":"2026-04-23T16:22:48.708Z","runId":21,"level":"info","phase":"preflight","attempt":1,"status":"ok"}
{"timestamp":"2026-04-23T16:22:48.709Z","runId":21,"level":"debug","phase":"keepalive","status":"ok"}
{"timestamp":"2026-04-23T16:23:08.635Z","runId":21,"level":"info","phase":"preflight","action":"firebird_config_check","host":"localhost","port":3050,"database":"C:\\Autoneer\\data\\AUTONEER.FDB","user":"SYSDBA","passwordSet":true,"passwordLength":9,"passwordSource":"state","useDefaultSysdbaMasterkey":true,"rawPasswordSet":true,"rawPasswordLength":9}
{"timestamp":"2026-04-23T16:23:08.723Z","runId":21,"level":"info","phase":"preflight","attempt":1,"status":"ok"}
{"timestamp":"2026-04-23T16:23:08.723Z","runId":21,"level":"debug","phase":"keepalive","status":"ok"}
{"timestamp":"2026-04-23T16:23:28.635Z","runId":21,"level":"info","phase":"preflight","action":"firebird_config_check","host":"localhost","port":3050,"database":"C:\\Autoneer\\data\\AUTONEER.FDB","user":"SYSDBA","passwordSet":true,"passwordLength":9,"passwordSource":"state","useDefaultSysdbaMasterkey":true,"rawPasswordSet":true,"rawPasswordLength":9}
{"timestamp":"2026-04-23T16:23:28.708Z","runId":21,"level":"info","phase":"preflight","attempt":1,"status":"ok"}
{"timestamp":"2026-04-23T16:23:28.708Z","runId":21,"level":"debug","phase":"keepalive","status":"ok"}
{"timestamp":"2026-04-23T16:23:36.882Z","runId":21,"level":"debug","phase":"clean_decision","tableName":"payments_suppliers","cleanBefore":true,"dryRun":false,"mode":"INSERT"}
{"timestamp":"2026-04-23T16:23:36.882Z","runId":21,"type":"table_cleaning_started","table":"payments_suppliers","tableRunId":147}
{"timestamp":"2026-04-23T16:23:36.882Z","runId":21,"level":"info","phase":"clean","tableName":"payments_suppliers","tableRunId":147,"status":"start"}
{"timestamp":"2026-04-23T16:23:36.883Z","runId":21,"level":"debug","phase":"clean","tableName":"payments_suppliers","tableRunId":147,"action":"fk_checks_disabled"}
{"timestamp":"2026-04-23T16:23:36.932Z","runId":21,"level":"info","phase":"clean","tableName":"payments_suppliers","tableRunId":147,"status":"success","method":"TRUNCATE","affectedRows":null,"postCount":0,"durationMs":50}
{"timestamp":"2026-04-23T16:23:36.939Z","runId":21,"type":"table_cleaned","table":"payments_suppliers","tableRunId":147,"method":"TRUNCATE","affectedRows":null,"postCount":0}
{"timestamp":"2026-04-23T16:23:36.940Z","runId":21,"level":"debug","phase":"clean","tableName":"payments_suppliers","tableRunId":147,"action":"fk_checks_restored"}
{"timestamp":"2026-04-23T16:23:36.941Z","runId":21,"level":"info","phase":"table_start","tableName":"payments_suppliers","tableRunId":147,"mode":"INSERT","keyStrategy":"preserve","dedupeKeys":[]}
{"timestamp":"2026-04-23T16:23:36.946Z","runId":21,"level":"info","phase":"fetch","tableName":"payments_suppliers","tableRunId":147,"sourceRows":0,"dateFilter":{"startDate":"2025-03-01","sourceColumn":"PAYDATE","hasLinkClause":true}}
{"timestamp":"2026-04-23T16:23:36.954Z","runId":21,"level":"info","phase":"table_finalize","tableName":"payments_suppliers","tableRunId":147,"status":"success","inserted":0,"updated":0,"skipped":0,"errors":0,"durationMs":5}
{"timestamp":"2026-04-23T16:23:36.954Z","runId":21,"level":"debug","phase":"table_loop","action":"processing","tableName":"credit_notes_supplier","mappingTableKeys":["BANKS","CNOTE","STOCK","PRICING","ACCCLASS"]}
{"timestamp":"2026-04-23T16:23:36.954Z","runId":21,"level":"debug","phase":"table_loop","action":"mapping_resolved","tableName":"credit_notes_supplier","hasMappingEntry":true,"mappingTarget":"CREDIT_NOTES_SUPPLIER"}
{"timestamp":"2026-04-23T16:23:36.954Z","runId":21,"level":"debug","phase":"mapping_debug","tableName":"credit_notes_supplier","mappedSource":"CNOTESUPP","firebirdTableCount":191,"sampleFirebirdTables":["ACCCLASS","ACCDEPARTMENT","ACCOUNTLINKS","ACCOUNTS","ACCOUNT_OPENING"]}
{"timestamp":"2026-04-23T16:23:43.417Z","runId":21,"level":"debug","phase":"clean_decision","tableName":"credit_notes_supplier","cleanBefore":true,"dryRun":false,"mode":"INSERT"}
{"timestamp":"2026-04-23T16:23:43.417Z","runId":21,"type":"table_cleaning_started","table":"credit_notes_supplier","tableRunId":148}
{"timestamp":"2026-04-23T16:23:43.417Z","runId":21,"level":"info","phase":"clean","tableName":"credit_notes_supplier","tableRunId":148,"status":"start"}
{"timestamp":"2026-04-23T16:23:43.418Z","runId":21,"level":"debug","phase":"clean","tableName":"credit_notes_supplier","tableRunId":148,"action":"fk_checks_disabled"}
{"timestamp":"2026-04-23T16:23:43.457Z","runId":21,"level":"info","phase":"clean","tableName":"credit_notes_supplier","tableRunId":148,"status":"success","method":"TRUNCATE","affectedRows":null,"postCount":0,"durationMs":40}
{"timestamp":"2026-04-23T16:23:43.465Z","runId":21,"type":"table_cleaned","table":"credit_notes_supplier","tableRunId":148,"method":"TRUNCATE","affectedRows":null,"postCount":0}
{"timestamp":"2026-04-23T16:23:43.467Z","runId":21,"level":"debug","phase":"clean","tableName":"credit_notes_supplier","tableRunId":148,"action":"fk_checks_restored"}
{"timestamp":"2026-04-23T16:23:43.467Z","runId":21,"level":"info","phase":"table_start","tableName":"credit_notes_supplier","tableRunId":148,"mode":"INSERT","keyStrategy":"preserve","dedupeKeys":[]}
{"timestamp":"2026-04-23T16:23:43.474Z","runId":21,"level":"info","phase":"fetch","tableName":"credit_notes_supplier","tableRunId":148,"sourceRows":1,"dateFilter":{"startDate":"2025-03-01","sourceColumn":"CNOTEDATE","hasLinkClause":true}}
{"timestamp":"2026-04-23T16:23:43.482Z","runId":21,"level":"debug","phase":"write","tableName":"credit_notes_supplier","tableRunId":148,"status":"start","batchSize":1}
{"timestamp":"2026-04-23T16:23:43.488Z","runId":21,"level":"debug","phase":"write","tableName":"credit_notes_supplier","tableRunId":148,"status":"end","inserted":1,"updated":0,"skipped":0,"durationMs":6}
{"timestamp":"2026-04-23T16:23:43.503Z","runId":21,"level":"info","phase":"table_finalize","tableName":"credit_notes_supplier","tableRunId":148,"status":"success","inserted":1,"updated":0,"skipped":0,"errors":0,"durationMs":28}
{"timestamp":"2026-04-23T16:23:43.504Z","runId":21,"level":"info","phase":"post_migration_gl_validation","status":"start"}
{"timestamp":"2026-04-23T16:23:43.555Z","runId":21,"level":"info","phase":"post_migration_gl_validation","check":"E","name":"GL Account Types Canonical","passed":true,"errorCount":0,"errors":[]}
{"timestamp":"2026-04-23T16:23:43.555Z","runId":21,"level":"info","phase":"post_migration_gl_validation","check":"F","name":"All Accounts Typed","passed":true,"errorCount":0,"errors":[]}
{"timestamp":"2026-04-23T16:23:43.555Z","runId":21,"level":"warn","phase":"post_migration_gl_validation","check":"A","name":"Account Type Mismatches","passed":false,"errorCount":2,"errors":[{"accnr":6200,"source_accnr":6506200,"name":"INTERNAL PARTS REVENUE","actual_type_id":1,"actual_type_code":"INCOME","source_accclass":6,"expected_type_id":6,"message":"Account 6200 (source accnr 6506200, INTERNAL PARTS REVENUE): type_id=1 (INCOME) but ACCCLASS=6 → expected type_id=6"},{"accnr":6200,"source_accnr":6606200,"name":"INTERNAL PARTS REVENUE","actual_type_id":1,"actual_type_code":"INCOME","source_accclass":6,"expected_type_id":6,"message":"Account 6200 (source accnr 6606200, INTERNAL PARTS REVENUE): type_id=1 (INCOME) but ACCCLASS=6 → expected type_id=6"}]}
{"timestamp":"2026-04-23T16:23:43.556Z","runId":21,"level":"info","phase":"post_migration_gl_validation","check":"B","name":"Posting Line Type Alignment","passed":true,"errorCount":0,"errors":[]}
{"timestamp":"2026-04-23T16:23:43.556Z","runId":21,"level":"info","phase":"post_migration_gl_validation","check":"C","name":"Orphan / Invalid Postings","passed":true,"errorCount":0,"errors":[]}
{"timestamp":"2026-04-23T16:23:43.556Z","runId":21,"level":"info","phase":"post_migration_gl_validation","check":"D","name":"COS Integrity","passed":true,"errorCount":0,"errors":[]}
{"timestamp":"2026-04-23T16:23:43.556Z","runId":21,"level":"error","phase":"post_migration_gl_validation","status":"failed","message":"GL validation failed:\n  • [A] Account Type Mismatches: 2 error(s)"}
{"timestamp":"2026-04-23T16:23:43.559Z","runId":21,"level":"warn","phase":"post_migration_gl_validation","status":"error","error":"Data truncated for column 'status' at row 1","hint":"GL validation could not run — tables may not exist yet. Run 'Rebuild GL Accounts' to create them."}
{"timestamp":"2026-04-23T16:23:43.565Z","runId":21,"level":"info","phase":"run_finalize","status":"success"}
