{"timestamp":"2026-04-24T06:42:05.823Z","runId":22,"level":"info","phase":"run_start","dryRun":false,"batchSize":1000,"fkChecks":true,"tables":[{"table":"BANKS","mode":"INSERT","keyStrategy":"preserve","dedupeKeys":[],"onDuplicate":"SKIP","cleanBefore":true},{"table":"STOCK","mode":"INSERT","keyStrategy":"preserve","dedupeKeys":[],"onDuplicate":"SKIP","cleanBefore":true},{"table":"ACCOUNTS","mode":"INSERT","keyStrategy":"preserve","dedupeKeys":[],"onDuplicate":"SKIP","cleanBefore":true},{"table":"INVOICES","mode":"INSERT","keyStrategy":"preserve","dedupeKeys":[],"onDuplicate":"SKIP","cleanBefore":true},{"table":"LOCATION","mode":"INSERT","keyStrategy":"preserve","dedupeKeys":[],"onDuplicate":"SKIP","cleanBefore":true},{"table":"PAYMENTS","mode":"INSERT","keyStrategy":"preserve","dedupeKeys":[],"onDuplicate":"SKIP","cleanBefore":true},{"table":"ACC_CLASS","mode":"INSERT","keyStrategy":"preserve","dedupeKeys":[],"onDuplicate":"SKIP","cleanBefore":true},{"table":"CUSTOMERS","mode":"INSERT","keyStrategy":"preserve","dedupeKeys":[],"onDuplicate":"SKIP","cleanBefore":true},{"table":"SUPPLIERS","mode":"INSERT","keyStrategy":"preserve","dedupeKeys":[],"onDuplicate":"SKIP","cleanBefore":true},{"table":"WORK_DONE","mode":"INSERT","keyStrategy":"preserve","dedupeKeys":[],"onDuplicate":"SKIP","cleanBefore":true},{"table":"WIP_STATUS","mode":"INSERT","keyStrategy":"preserve","dedupeKeys":[],"onDuplicate":"SKIP","cleanBefore":true},{"table":"SPARES_USED","mode":"INSERT","keyStrategy":"preserve","dedupeKeys":[],"onDuplicate":"SKIP","cleanBefore":true},{"table":"CREDIT_NOTES","mode":"INSERT","keyStrategy":"preserve","dedupeKeys":[],"onDuplicate":"SKIP","cleanBefore":true},{"table":"INVOICE_ITEMS","mode":"INSERT","keyStrategy":"preserve","dedupeKeys":[],"onDuplicate":"SKIP","cleanBefore":true},{"table":"ACC_DEPARTMENT","mode":"INSERT","keyStrategy":"preserve","dedupeKeys":[],"onDuplicate":"SKIP","cleanBefore":true},{"table":"LABOUR_PRICING","mode":"INSERT","keyStrategy":"preserve","dedupeKeys":[],"onDuplicate":"SKIP","cleanBefore":true},{"table":"INVOICE_GENERAL","mode":"INSERT","keyStrategy":"preserve","dedupeKeys":[],"onDuplicate":"SKIP","cleanBefore":true},{"table":"JOB_INFORMATION","mode":"INSERT","keyStrategy":"preserve","dedupeKeys":[],"onDuplicate":"SKIP","cleanBefore":true},{"table":"INVOICES_SUPPLIER","mode":"INSERT","keyStrategy":"preserve","dedupeKeys":[],"onDuplicate":"SKIP","cleanBefore":true},{"table":"PAYMENTS_SUPPLIERS","mode":"INSERT","keyStrategy":"preserve","dedupeKeys":[],"onDuplicate":"SKIP","cleanBefore":true},{"table":"CREDIT_NOTES_SUPPLIER","mode":"INSERT","keyStrategy":"preserve","dedupeKeys":[],"onDuplicate":"SKIP","cleanBefore":true}]}
{"timestamp":"2026-04-24T06:42:05.824Z","runId":22,"level":"info","phase":"preflight","action":"firebird_config_check","host":"localhost","port":3050,"database":"C:\\Autoneer\\data\\AUTONEER.FDB","user":"SYSDBA","passwordSet":true,"passwordLength":9,"passwordSource":"state","useDefaultSysdbaMasterkey":true,"rawPasswordSet":true,"rawPasswordLength":9}
{"timestamp":"2026-04-24T06:42:05.902Z","runId":22,"level":"info","phase":"preflight","attempt":1,"status":"ok"}
{"timestamp":"2026-04-24T06:42:05.903Z","runId":22,"level":"debug","phase":"preflight","durationMs":79}
{"timestamp":"2026-04-24T06:42:05.903Z","runId":22,"level":"info","phase":"preflight","action":"nullability_validation","status":"start"}
{"timestamp":"2026-04-24T06:42:05.924Z","runId":22,"level":"info","phase":"preflight","action":"nullability_validation","status":"passed"}
{"timestamp":"2026-04-24T06:42:05.924Z","runId":22,"level":"info","phase":"preflight","action":"gl_account_types_seed","status":"start"}
{"timestamp":"2026-04-24T06:42:05.928Z","runId":22,"level":"info","phase":"preflight","action":"gl_account_types_seed","status":"passed"}
{"timestamp":"2026-04-24T06:42:06.765Z","runId":22,"level":"info","phase":"preflight","action":"transactional_filter_context","status":"start","startDate":"2025-03-01"}
{"timestamp":"2026-04-24T06:42:06.865Z","runId":22,"level":"info","phase":"preflight","action":"transactional_filter_context","status":"collecting_seed_keys","tables":11}
{"timestamp":"2026-04-24T06:42:06.895Z","runId":22,"level":"info","phase":"preflight","action":"transactional_filter_context","status":"seed_keys_collected","table":"invoices","keyCounts":{"customerJob":1382,"customerInvoice":1632,"customerCredit":0,"workDone":0,"supplierInvoice":0,"supplierInvoiceId":0}}
{"timestamp":"2026-04-24T06:42:06.910Z","runId":22,"level":"info","phase":"preflight","action":"transactional_filter_context","status":"seed_keys_collected","table":"payments","keyCounts":{"customerJob":1425,"customerInvoice":1687,"customerCredit":31,"workDone":0,"supplierInvoice":0,"supplierInvoiceId":0}}
{"timestamp":"2026-04-24T06:42:06.939Z","runId":22,"level":"info","phase":"preflight","action":"transactional_filter_context","status":"seed_keys_collected","table":"work_done","keyCounts":{"customerJob":1428,"customerInvoice":1687,"customerCredit":31,"workDone":3098,"supplierInvoice":0,"supplierInvoiceId":0}}
{"timestamp":"2026-04-24T06:42:06.981Z","runId":22,"level":"info","phase":"preflight","action":"transactional_filter_context","status":"seed_keys_collected","table":"spares_used","keyCounts":{"customerJob":1488,"customerInvoice":1687,"customerCredit":31,"workDone":3101,"supplierInvoice":0,"supplierInvoiceId":0}}
{"timestamp":"2026-04-24T06:42:06.988Z","runId":22,"level":"info","phase":"preflight","action":"transactional_filter_context","status":"seed_keys_collected","table":"credit_notes","keyCounts":{"customerJob":1488,"customerInvoice":1687,"customerCredit":63,"workDone":3101,"supplierInvoice":0,"supplierInvoiceId":0}}
{"timestamp":"2026-04-24T06:42:07.012Z","runId":22,"level":"info","phase":"preflight","action":"transactional_filter_context","status":"seed_keys_collected","table":"invoice_items","keyCounts":{"customerJob":1491,"customerInvoice":1687,"customerCredit":63,"workDone":3101,"supplierInvoice":2200,"supplierInvoiceId":0}}
{"timestamp":"2026-04-24T06:42:07.019Z","runId":22,"level":"info","phase":"preflight","action":"transactional_filter_context","status":"seed_keys_collected","table":"invoice_general","keyCounts":{"customerJob":1491,"customerInvoice":1687,"customerCredit":63,"workDone":3101,"supplierInvoice":2572,"supplierInvoiceId":0}}
{"timestamp":"2026-04-24T06:42:07.034Z","runId":22,"level":"info","phase":"preflight","action":"transactional_filter_context","status":"seed_keys_collected","table":"job_information","keyCounts":{"customerJob":1495,"customerInvoice":1687,"customerCredit":63,"workDone":3101,"supplierInvoice":2572,"supplierInvoiceId":0}}
{"timestamp":"2026-04-24T06:42:07.061Z","runId":22,"level":"info","phase":"preflight","action":"transactional_filter_context","status":"seed_keys_collected","table":"invoices_supplier","keyCounts":{"customerJob":1495,"customerInvoice":1687,"customerCredit":63,"workDone":3101,"supplierInvoice":2575,"supplierInvoiceId":2559}}
{"timestamp":"2026-04-24T06:42:07.078Z","runId":22,"level":"info","phase":"preflight","action":"transactional_filter_context","status":"seed_keys_collected","table":"payments_suppliers","keyCounts":{"customerJob":1495,"customerInvoice":1687,"customerCredit":63,"workDone":3101,"supplierInvoice":2654,"supplierInvoiceId":2635}}
{"timestamp":"2026-04-24T06:42:07.081Z","runId":22,"level":"info","phase":"preflight","action":"transactional_filter_context","status":"seed_keys_collected","table":"credit_notes_supplier","keyCounts":{"customerJob":1495,"customerInvoice":1687,"customerCredit":63,"workDone":3101,"supplierInvoice":2654,"supplierInvoiceId":2635}}
{"timestamp":"2026-04-24T06:42:07.374Z","runId":22,"level":"info","phase":"preflight","action":"transactional_filter_context","status":"link_traversal","iteration":1,"keyCounts":{"customerJob":1495,"customerInvoice":1687,"customerCredit":63,"workDone":3101,"supplierInvoice":2654,"supplierInvoiceId":2635}}
{"timestamp":"2026-04-24T06:42:07.376Z","runId":22,"level":"info","phase":"preflight","action":"transactional_filter_context","status":"link_traversal_table","iteration":1,"table":"invoices","plans":4}
{"timestamp":"2026-04-24T06:42:07.377Z","runId":22,"level":"info","phase":"preflight","action":"transactional_filter_context","status":"link_traversal_table","iteration":1,"table":"payments","plans":5}
{"timestamp":"2026-04-24T06:42:07.377Z","runId":22,"level":"info","phase":"preflight","action":"transactional_filter_context","status":"link_traversal_table","iteration":1,"table":"work_done","plans":8}
{"timestamp":"2026-04-24T06:42:07.378Z","runId":22,"level":"info","phase":"preflight","action":"transactional_filter_context","status":"link_traversal_table","iteration":1,"table":"spares_used","plans":8}
{"timestamp":"2026-04-24T06:42:07.379Z","runId":22,"level":"info","phase":"preflight","action":"transactional_filter_context","status":"link_traversal_table","iteration":1,"table":"credit_notes","plans":5}
{"timestamp":"2026-04-24T06:42:07.379Z","runId":22,"level":"info","phase":"preflight","action":"transactional_filter_context","status":"link_traversal_table","iteration":1,"table":"invoice_items","plans":5}
{"timestamp":"2026-04-24T06:42:07.380Z","runId":22,"level":"info","phase":"preflight","action":"transactional_filter_context","status":"link_traversal_table","iteration":1,"table":"invoice_general","plans":3}
{"timestamp":"2026-04-24T06:42:07.380Z","runId":22,"level":"info","phase":"preflight","action":"transactional_filter_context","status":"link_traversal_table","iteration":1,"table":"job_information","plans":2}
{"timestamp":"2026-04-24T06:42:07.381Z","runId":22,"level":"info","phase":"preflight","action":"transactional_filter_context","status":"link_traversal_table","iteration":1,"table":"invoices_supplier","plans":6}
{"timestamp":"2026-04-24T06:42:07.382Z","runId":22,"level":"info","phase":"preflight","action":"transactional_filter_context","status":"link_traversal_table","iteration":1,"table":"payments_suppliers","plans":6}
{"timestamp":"2026-04-24T06:42:07.382Z","runId":22,"level":"info","phase":"preflight","action":"transactional_filter_context","status":"link_traversal_table","iteration":1,"table":"credit_notes_supplier","plans":6}
{"timestamp":"2026-04-24T06:42:25.945Z","runId":22,"level":"info","phase":"preflight","action":"firebird_config_check","host":"localhost","port":3050,"database":"C:\\Autoneer\\data\\AUTONEER.FDB","user":"SYSDBA","passwordSet":true,"passwordLength":9,"passwordSource":"state","useDefaultSysdbaMasterkey":true,"rawPasswordSet":true,"rawPasswordLength":9}
{"timestamp":"2026-04-24T06:42:26.614Z","runId":22,"level":"info","phase":"preflight","attempt":1,"status":"ok"}
{"timestamp":"2026-04-24T06:42:26.615Z","runId":22,"level":"debug","phase":"keepalive","status":"ok"}
{"timestamp":"2026-04-24T06:42:45.951Z","runId":22,"level":"info","phase":"preflight","action":"firebird_config_check","host":"localhost","port":3050,"database":"C:\\Autoneer\\data\\AUTONEER.FDB","user":"SYSDBA","passwordSet":true,"passwordLength":9,"passwordSource":"state","useDefaultSysdbaMasterkey":true,"rawPasswordSet":true,"rawPasswordLength":9}
{"timestamp":"2026-04-24T06:42:46.039Z","runId":22,"level":"info","phase":"preflight","attempt":1,"status":"ok"}
{"timestamp":"2026-04-24T06:42:46.039Z","runId":22,"level":"debug","phase":"keepalive","status":"ok"}
{"timestamp":"2026-04-24T06:42:56.625Z","runId":22,"level":"info","phase":"preflight","action":"transactional_filter_context","status":"link_traversal","iteration":2,"keyCounts":{"customerJob":10291,"customerInvoice":12241,"customerCredit":214,"workDone":3534,"supplierInvoice":15920,"supplierInvoiceId":2698}}
{"timestamp":"2026-04-24T06:42:56.637Z","runId":22,"level":"info","phase":"preflight","action":"transactional_filter_context","status":"link_traversal_table","iteration":2,"table":"invoices","plans":24}
{"timestamp":"2026-04-24T06:42:56.638Z","runId":22,"level":"info","phase":"preflight","action":"transactional_filter_context","status":"link_traversal_table","iteration":2,"table":"payments","plans":25}
{"timestamp":"2026-04-24T06:42:56.641Z","runId":22,"level":"info","phase":"preflight","action":"transactional_filter_context","status":"link_traversal_table","iteration":2,"table":"work_done","plans":28}
{"timestamp":"2026-04-24T06:42:56.643Z","runId":22,"level":"info","phase":"preflight","action":"transactional_filter_context","status":"link_traversal_table","iteration":2,"table":"spares_used","plans":28}
{"timestamp":"2026-04-24T06:42:56.644Z","runId":22,"level":"info","phase":"preflight","action":"transactional_filter_context","status":"link_traversal_table","iteration":2,"table":"credit_notes","plans":25}
{"timestamp":"2026-04-24T06:42:56.646Z","runId":22,"level":"info","phase":"preflight","action":"transactional_filter_context","status":"link_traversal_table","iteration":2,"table":"invoice_items","plans":27}
{"timestamp":"2026-04-24T06:42:56.648Z","runId":22,"level":"info","phase":"preflight","action":"transactional_filter_context","status":"link_traversal_table","iteration":2,"table":"invoice_general","plans":16}
{"timestamp":"2026-04-24T06:42:56.649Z","runId":22,"level":"info","phase":"preflight","action":"transactional_filter_context","status":"link_traversal_table","iteration":2,"table":"job_information","plans":11}
{"timestamp":"2026-04-24T06:42:56.651Z","runId":22,"level":"info","phase":"preflight","action":"transactional_filter_context","status":"link_traversal_table","iteration":2,"table":"invoices_supplier","plans":19}
{"timestamp":"2026-04-24T06:42:56.653Z","runId":22,"level":"info","phase":"preflight","action":"transactional_filter_context","status":"link_traversal_table","iteration":2,"table":"payments_suppliers","plans":19}
{"timestamp":"2026-04-24T06:42:56.654Z","runId":22,"level":"info","phase":"preflight","action":"transactional_filter_context","status":"link_traversal_table","iteration":2,"table":"credit_notes_supplier","plans":19}
{"timestamp":"2026-04-24T06:43:05.952Z","runId":22,"level":"info","phase":"preflight","action":"firebird_config_check","host":"localhost","port":3050,"database":"C:\\Autoneer\\data\\AUTONEER.FDB","user":"SYSDBA","passwordSet":true,"passwordLength":9,"passwordSource":"state","useDefaultSysdbaMasterkey":true,"rawPasswordSet":true,"rawPasswordLength":9}
{"timestamp":"2026-04-24T06:43:06.052Z","runId":22,"level":"info","phase":"preflight","attempt":1,"status":"ok"}
{"timestamp":"2026-04-24T06:43:06.052Z","runId":22,"level":"debug","phase":"keepalive","status":"ok"}
{"timestamp":"2026-04-24T06:43:25.966Z","runId":22,"level":"info","phase":"preflight","action":"firebird_config_check","host":"localhost","port":3050,"database":"C:\\Autoneer\\data\\AUTONEER.FDB","user":"SYSDBA","passwordSet":true,"passwordLength":9,"passwordSource":"state","useDefaultSysdbaMasterkey":true,"rawPasswordSet":true,"rawPasswordLength":9}
{"timestamp":"2026-04-24T06:43:26.057Z","runId":22,"level":"info","phase":"preflight","attempt":1,"status":"ok"}
{"timestamp":"2026-04-24T06:43:26.057Z","runId":22,"level":"debug","phase":"keepalive","status":"ok"}
{"timestamp":"2026-04-24T06:43:45.975Z","runId":22,"level":"info","phase":"preflight","action":"firebird_config_check","host":"localhost","port":3050,"database":"C:\\Autoneer\\data\\AUTONEER.FDB","user":"SYSDBA","passwordSet":true,"passwordLength":9,"passwordSource":"state","useDefaultSysdbaMasterkey":true,"rawPasswordSet":true,"rawPasswordLength":9}
{"timestamp":"2026-04-24T06:43:46.877Z","runId":22,"level":"info","phase":"preflight","attempt":1,"status":"ok"}
{"timestamp":"2026-04-24T06:43:46.878Z","runId":22,"level":"debug","phase":"keepalive","status":"ok"}
{"timestamp":"2026-04-24T06:44:05.990Z","runId":22,"level":"info","phase":"preflight","action":"firebird_config_check","host":"localhost","port":3050,"database":"C:\\Autoneer\\data\\AUTONEER.FDB","user":"SYSDBA","passwordSet":true,"passwordLength":9,"passwordSource":"state","useDefaultSysdbaMasterkey":true,"rawPasswordSet":true,"rawPasswordLength":9}
{"timestamp":"2026-04-24T06:44:06.081Z","runId":22,"level":"info","phase":"preflight","attempt":1,"status":"ok"}
{"timestamp":"2026-04-24T06:44:06.082Z","runId":22,"level":"debug","phase":"keepalive","status":"ok"}
{"timestamp":"2026-04-24T06:44:14.248Z","runId":22,"level":"info","phase":"preflight","action":"transactional_filter_context","status":"link_traversal","iteration":3,"keyCounts":{"customerJob":10303,"customerInvoice":12326,"customerCredit":1392,"workDone":11290,"supplierInvoice":17683,"supplierInvoiceId":16129}}
{"timestamp":"2026-04-24T06:44:14.265Z","runId":22,"level":"info","phase":"preflight","action":"transactional_filter_context","status":"link_traversal_table","iteration":3,"table":"invoices","plans":24}
{"timestamp":"2026-04-24T06:44:14.266Z","runId":22,"level":"info","phase":"preflight","action":"transactional_filter_context","status":"link_traversal_table","iteration":3,"table":"payments","plans":26}
{"timestamp":"2026-04-24T06:44:14.268Z","runId":22,"level":"info","phase":"preflight","action":"transactional_filter_context","status":"link_traversal_table","iteration":3,"table":"work_done","plans":36}
{"timestamp":"2026-04-24T06:44:14.270Z","runId":22,"level":"info","phase":"preflight","action":"transactional_filter_context","status":"link_traversal_table","iteration":3,"table":"spares_used","plans":36}
{"timestamp":"2026-04-24T06:44:14.272Z","runId":22,"level":"info","phase":"preflight","action":"transactional_filter_context","status":"link_traversal_table","iteration":3,"table":"credit_notes","plans":26}
{"timestamp":"2026-04-24T06:44:14.274Z","runId":22,"level":"info","phase":"preflight","action":"transactional_filter_context","status":"link_traversal_table","iteration":3,"table":"invoice_items","plans":29}
{"timestamp":"2026-04-24T06:44:14.276Z","runId":22,"level":"info","phase":"preflight","action":"transactional_filter_context","status":"link_traversal_table","iteration":3,"table":"invoice_general","plans":18}
{"timestamp":"2026-04-24T06:44:14.277Z","runId":22,"level":"info","phase":"preflight","action":"transactional_filter_context","status":"link_traversal_table","iteration":3,"table":"job_information","plans":11}
{"timestamp":"2026-04-24T06:44:14.279Z","runId":22,"level":"info","phase":"preflight","action":"transactional_filter_context","status":"link_traversal_table","iteration":3,"table":"invoices_supplier","plans":35}
{"timestamp":"2026-04-24T06:44:14.281Z","runId":22,"level":"info","phase":"preflight","action":"transactional_filter_context","status":"link_traversal_table","iteration":3,"table":"payments_suppliers","plans":35}
{"timestamp":"2026-04-24T06:44:14.285Z","runId":22,"level":"info","phase":"preflight","action":"transactional_filter_context","status":"link_traversal_table","iteration":3,"table":"credit_notes_supplier","plans":35}
{"timestamp":"2026-04-24T06:44:25.990Z","runId":22,"level":"info","phase":"preflight","action":"firebird_config_check","host":"localhost","port":3050,"database":"C:\\Autoneer\\data\\AUTONEER.FDB","user":"SYSDBA","passwordSet":true,"passwordLength":9,"passwordSource":"state","useDefaultSysdbaMasterkey":true,"rawPasswordSet":true,"rawPasswordLength":9}
{"timestamp":"2026-04-24T06:44:26.091Z","runId":22,"level":"info","phase":"preflight","attempt":1,"status":"ok"}
{"timestamp":"2026-04-24T06:44:26.092Z","runId":22,"level":"debug","phase":"keepalive","status":"ok"}
{"timestamp":"2026-04-24T06:44:45.991Z","runId":22,"level":"info","phase":"preflight","action":"firebird_config_check","host":"localhost","port":3050,"database":"C:\\Autoneer\\data\\AUTONEER.FDB","user":"SYSDBA","passwordSet":true,"passwordLength":9,"passwordSource":"state","useDefaultSysdbaMasterkey":true,"rawPasswordSet":true,"rawPasswordLength":9}
{"timestamp":"2026-04-24T06:44:46.053Z","runId":22,"level":"info","phase":"preflight","attempt":1,"status":"ok"}
{"timestamp":"2026-04-24T06:44:46.053Z","runId":22,"level":"debug","phase":"keepalive","status":"ok"}
{"timestamp":"2026-04-24T06:45:05.993Z","runId":22,"level":"info","phase":"preflight","action":"firebird_config_check","host":"localhost","port":3050,"database":"C:\\Autoneer\\data\\AUTONEER.FDB","user":"SYSDBA","passwordSet":true,"passwordLength":9,"passwordSource":"state","useDefaultSysdbaMasterkey":true,"rawPasswordSet":true,"rawPasswordLength":9}
{"timestamp":"2026-04-24T06:45:06.081Z","runId":22,"level":"info","phase":"preflight","attempt":1,"status":"ok"}
{"timestamp":"2026-04-24T06:45:06.081Z","runId":22,"level":"debug","phase":"keepalive","status":"ok"}
{"timestamp":"2026-04-24T06:45:25.997Z","runId":22,"level":"info","phase":"preflight","action":"firebird_config_check","host":"localhost","port":3050,"database":"C:\\Autoneer\\data\\AUTONEER.FDB","user":"SYSDBA","passwordSet":true,"passwordLength":9,"passwordSource":"state","useDefaultSysdbaMasterkey":true,"rawPasswordSet":true,"rawPasswordLength":9}
{"timestamp":"2026-04-24T06:45:26.082Z","runId":22,"level":"info","phase":"preflight","attempt":1,"status":"ok"}
{"timestamp":"2026-04-24T06:45:26.082Z","runId":22,"level":"debug","phase":"keepalive","status":"ok"}
{"timestamp":"2026-04-24T06:45:46.008Z","runId":22,"level":"info","phase":"preflight","action":"firebird_config_check","host":"localhost","port":3050,"database":"C:\\Autoneer\\data\\AUTONEER.FDB","user":"SYSDBA","passwordSet":true,"passwordLength":9,"passwordSource":"state","useDefaultSysdbaMasterkey":true,"rawPasswordSet":true,"rawPasswordLength":9}
{"timestamp":"2026-04-24T06:45:46.083Z","runId":22,"level":"info","phase":"preflight","attempt":1,"status":"ok"}
{"timestamp":"2026-04-24T06:45:46.083Z","runId":22,"level":"debug","phase":"keepalive","status":"ok"}
{"timestamp":"2026-04-24T06:46:06.019Z","runId":22,"level":"info","phase":"preflight","action":"firebird_config_check","host":"localhost","port":3050,"database":"C:\\Autoneer\\data\\AUTONEER.FDB","user":"SYSDBA","passwordSet":true,"passwordLength":9,"passwordSource":"state","useDefaultSysdbaMasterkey":true,"rawPasswordSet":true,"rawPasswordLength":9}
{"timestamp":"2026-04-24T06:46:06.078Z","runId":22,"level":"info","phase":"preflight","attempt":1,"status":"ok"}
{"timestamp":"2026-04-24T06:46:06.078Z","runId":22,"level":"debug","phase":"keepalive","status":"ok"}
{"timestamp":"2026-04-24T06:46:26.020Z","runId":22,"level":"info","phase":"preflight","action":"firebird_config_check","host":"localhost","port":3050,"database":"C:\\Autoneer\\data\\AUTONEER.FDB","user":"SYSDBA","passwordSet":true,"passwordLength":9,"passwordSource":"state","useDefaultSysdbaMasterkey":true,"rawPasswordSet":true,"rawPasswordLength":9}
{"timestamp":"2026-04-24T06:46:26.107Z","runId":22,"level":"info","phase":"preflight","attempt":1,"status":"ok"}
{"timestamp":"2026-04-24T06:46:26.107Z","runId":22,"level":"debug","phase":"keepalive","status":"ok"}
{"timestamp":"2026-04-24T06:46:46.030Z","runId":22,"level":"info","phase":"preflight","action":"firebird_config_check","host":"localhost","port":3050,"database":"C:\\Autoneer\\data\\AUTONEER.FDB","user":"SYSDBA","passwordSet":true,"passwordLength":9,"passwordSource":"state","useDefaultSysdbaMasterkey":true,"rawPasswordSet":true,"rawPasswordLength":9}
{"timestamp":"2026-04-24T06:46:46.119Z","runId":22,"level":"info","phase":"preflight","attempt":1,"status":"ok"}
{"timestamp":"2026-04-24T06:46:46.119Z","runId":22,"level":"debug","phase":"keepalive","status":"ok"}
{"timestamp":"2026-04-24T06:47:06.045Z","runId":22,"level":"info","phase":"preflight","action":"firebird_config_check","host":"localhost","port":3050,"database":"C:\\Autoneer\\data\\AUTONEER.FDB","user":"SYSDBA","passwordSet":true,"passwordLength":9,"passwordSource":"state","useDefaultSysdbaMasterkey":true,"rawPasswordSet":true,"rawPasswordLength":9}
{"timestamp":"2026-04-24T06:47:06.122Z","runId":22,"level":"info","phase":"preflight","attempt":1,"status":"ok"}
{"timestamp":"2026-04-24T06:47:06.123Z","runId":22,"level":"debug","phase":"keepalive","status":"ok"}
{"timestamp":"2026-04-24T06:47:26.048Z","runId":22,"level":"info","phase":"preflight","action":"firebird_config_check","host":"localhost","port":3050,"database":"C:\\Autoneer\\data\\AUTONEER.FDB","user":"SYSDBA","passwordSet":true,"passwordLength":9,"passwordSource":"state","useDefaultSysdbaMasterkey":true,"rawPasswordSet":true,"rawPasswordLength":9}
{"timestamp":"2026-04-24T06:47:26.133Z","runId":22,"level":"info","phase":"preflight","attempt":1,"status":"ok"}
{"timestamp":"2026-04-24T06:47:26.134Z","runId":22,"level":"debug","phase":"keepalive","status":"ok"}
{"timestamp":"2026-04-24T06:47:31.536Z","runId":22,"level":"info","phase":"preflight","action":"transactional_filter_context","status":"link_traversal","iteration":4,"keyCounts":{"customerJob":10308,"customerInvoice":12327,"customerCredit":1392,"workDone":11290,"supplierInvoice":17746,"supplierInvoiceId":17926}}
{"timestamp":"2026-04-24T06:47:31.554Z","runId":22,"level":"info","phase":"preflight","action":"transactional_filter_context","status":"link_traversal_table","iteration":4,"table":"invoices","plans":24}
{"timestamp":"2026-04-24T06:47:31.555Z","runId":22,"level":"info","phase":"preflight","action":"transactional_filter_context","status":"link_traversal_table","iteration":4,"table":"payments","plans":26}
{"timestamp":"2026-04-24T06:47:31.557Z","runId":22,"level":"info","phase":"preflight","action":"transactional_filter_context","status":"link_traversal_table","iteration":4,"table":"work_done","plans":36}
{"timestamp":"2026-04-24T06:47:31.560Z","runId":22,"level":"info","phase":"preflight","action":"transactional_filter_context","status":"link_traversal_table","iteration":4,"table":"spares_used","plans":36}
{"timestamp":"2026-04-24T06:47:31.562Z","runId":22,"level":"info","phase":"preflight","action":"transactional_filter_context","status":"link_traversal_table","iteration":4,"table":"credit_notes","plans":26}
{"timestamp":"2026-04-24T06:47:31.565Z","runId":22,"level":"info","phase":"preflight","action":"transactional_filter_context","status":"link_traversal_table","iteration":4,"table":"invoice_items","plans":29}
{"timestamp":"2026-04-24T06:47:31.568Z","runId":22,"level":"info","phase":"preflight","action":"transactional_filter_context","status":"link_traversal_table","iteration":4,"table":"invoice_general","plans":18}
{"timestamp":"2026-04-24T06:47:31.571Z","runId":22,"level":"info","phase":"preflight","action":"transactional_filter_context","status":"link_traversal_table","iteration":4,"table":"job_information","plans":11}
{"timestamp":"2026-04-24T06:47:31.576Z","runId":22,"level":"info","phase":"preflight","action":"transactional_filter_context","status":"link_traversal_table","iteration":4,"table":"invoices_supplier","plans":36}
{"timestamp":"2026-04-24T06:47:31.581Z","runId":22,"level":"info","phase":"preflight","action":"transactional_filter_context","status":"link_traversal_table","iteration":4,"table":"payments_suppliers","plans":36}
{"timestamp":"2026-04-24T06:47:31.591Z","runId":22,"level":"info","phase":"preflight","action":"transactional_filter_context","status":"link_traversal_table","iteration":4,"table":"credit_notes_supplier","plans":36}
{"timestamp":"2026-04-24T06:47:46.053Z","runId":22,"level":"info","phase":"preflight","action":"firebird_config_check","host":"localhost","port":3050,"database":"C:\\Autoneer\\data\\AUTONEER.FDB","user":"SYSDBA","passwordSet":true,"passwordLength":9,"passwordSource":"state","useDefaultSysdbaMasterkey":true,"rawPasswordSet":true,"rawPasswordLength":9}
{"timestamp":"2026-04-24T06:47:46.157Z","runId":22,"level":"info","phase":"preflight","attempt":1,"status":"ok"}
{"timestamp":"2026-04-24T06:47:46.157Z","runId":22,"level":"debug","phase":"keepalive","status":"ok"}
{"timestamp":"2026-04-24T06:48:06.062Z","runId":22,"level":"info","phase":"preflight","action":"firebird_config_check","host":"localhost","port":3050,"database":"C:\\Autoneer\\data\\AUTONEER.FDB","user":"SYSDBA","passwordSet":true,"passwordLength":9,"passwordSource":"state","useDefaultSysdbaMasterkey":true,"rawPasswordSet":true,"rawPasswordLength":9}
{"timestamp":"2026-04-24T06:48:06.144Z","runId":22,"level":"info","phase":"preflight","attempt":1,"status":"ok"}
{"timestamp":"2026-04-24T06:48:06.145Z","runId":22,"level":"debug","phase":"keepalive","status":"ok"}
{"timestamp":"2026-04-24T06:48:26.073Z","runId":22,"level":"info","phase":"preflight","action":"firebird_config_check","host":"localhost","port":3050,"database":"C:\\Autoneer\\data\\AUTONEER.FDB","user":"SYSDBA","passwordSet":true,"passwordLength":9,"passwordSource":"state","useDefaultSysdbaMasterkey":true,"rawPasswordSet":true,"rawPasswordLength":9}
{"timestamp":"2026-04-24T06:48:26.162Z","runId":22,"level":"info","phase":"preflight","attempt":1,"status":"ok"}
{"timestamp":"2026-04-24T06:48:26.162Z","runId":22,"level":"debug","phase":"keepalive","status":"ok"}
{"timestamp":"2026-04-24T06:48:46.088Z","runId":22,"level":"info","phase":"preflight","action":"firebird_config_check","host":"localhost","port":3050,"database":"C:\\Autoneer\\data\\AUTONEER.FDB","user":"SYSDBA","passwordSet":true,"passwordLength":9,"passwordSource":"state","useDefaultSysdbaMasterkey":true,"rawPasswordSet":true,"rawPasswordLength":9}
{"timestamp":"2026-04-24T06:48:46.188Z","runId":22,"level":"info","phase":"preflight","attempt":1,"status":"ok"}
{"timestamp":"2026-04-24T06:48:46.189Z","runId":22,"level":"debug","phase":"keepalive","status":"ok"}
{"timestamp":"2026-04-24T06:49:06.102Z","runId":22,"level":"info","phase":"preflight","action":"firebird_config_check","host":"localhost","port":3050,"database":"C:\\Autoneer\\data\\AUTONEER.FDB","user":"SYSDBA","passwordSet":true,"passwordLength":9,"passwordSource":"state","useDefaultSysdbaMasterkey":true,"rawPasswordSet":true,"rawPasswordLength":9}
{"timestamp":"2026-04-24T06:49:06.175Z","runId":22,"level":"info","phase":"preflight","attempt":1,"status":"ok"}
{"timestamp":"2026-04-24T06:49:06.175Z","runId":22,"level":"debug","phase":"keepalive","status":"ok"}
{"timestamp":"2026-04-24T06:49:26.106Z","runId":22,"level":"info","phase":"preflight","action":"firebird_config_check","host":"localhost","port":3050,"database":"C:\\Autoneer\\data\\AUTONEER.FDB","user":"SYSDBA","passwordSet":true,"passwordLength":9,"passwordSource":"state","useDefaultSysdbaMasterkey":true,"rawPasswordSet":true,"rawPasswordLength":9}
{"timestamp":"2026-04-24T06:49:26.191Z","runId":22,"level":"info","phase":"preflight","attempt":1,"status":"ok"}
{"timestamp":"2026-04-24T06:49:26.191Z","runId":22,"level":"debug","phase":"keepalive","status":"ok"}
{"timestamp":"2026-04-24T06:49:46.122Z","runId":22,"level":"info","phase":"preflight","action":"firebird_config_check","host":"localhost","port":3050,"database":"C:\\Autoneer\\data\\AUTONEER.FDB","user":"SYSDBA","passwordSet":true,"passwordLength":9,"passwordSource":"state","useDefaultSysdbaMasterkey":true,"rawPasswordSet":true,"rawPasswordLength":9}
{"timestamp":"2026-04-24T06:49:46.212Z","runId":22,"level":"info","phase":"preflight","attempt":1,"status":"ok"}
{"timestamp":"2026-04-24T06:49:46.212Z","runId":22,"level":"debug","phase":"keepalive","status":"ok"}
{"timestamp":"2026-04-24T06:50:06.125Z","runId":22,"level":"info","phase":"preflight","action":"firebird_config_check","host":"localhost","port":3050,"database":"C:\\Autoneer\\data\\AUTONEER.FDB","user":"SYSDBA","passwordSet":true,"passwordLength":9,"passwordSource":"state","useDefaultSysdbaMasterkey":true,"rawPasswordSet":true,"rawPasswordLength":9}
{"timestamp":"2026-04-24T06:50:06.197Z","runId":22,"level":"info","phase":"preflight","attempt":1,"status":"ok"}
{"timestamp":"2026-04-24T06:50:06.198Z","runId":22,"level":"debug","phase":"keepalive","status":"ok"}
{"timestamp":"2026-04-24T06:50:26.125Z","runId":22,"level":"info","phase":"preflight","action":"firebird_config_check","host":"localhost","port":3050,"database":"C:\\Autoneer\\data\\AUTONEER.FDB","user":"SYSDBA","passwordSet":true,"passwordLength":9,"passwordSource":"state","useDefaultSysdbaMasterkey":true,"rawPasswordSet":true,"rawPasswordLength":9}
{"timestamp":"2026-04-24T06:50:26.213Z","runId":22,"level":"info","phase":"preflight","attempt":1,"status":"ok"}
{"timestamp":"2026-04-24T06:50:26.214Z","runId":22,"level":"debug","phase":"keepalive","status":"ok"}
{"timestamp":"2026-04-24T06:50:44.037Z","runId":22,"level":"info","phase":"preflight","action":"transactional_filter_context","status":"link_traversal","iteration":5,"keyCounts":{"customerJob":10308,"customerInvoice":12328,"customerCredit":1392,"workDone":11294,"supplierInvoice":17753,"supplierInvoiceId":17970}}
{"timestamp":"2026-04-24T06:50:44.054Z","runId":22,"level":"info","phase":"preflight","action":"transactional_filter_context","status":"link_traversal_table","iteration":5,"table":"invoices","plans":24}
{"timestamp":"2026-04-24T06:50:44.055Z","runId":22,"level":"info","phase":"preflight","action":"transactional_filter_context","status":"link_traversal_table","iteration":5,"table":"payments","plans":26}
{"timestamp":"2026-04-24T06:50:44.057Z","runId":22,"level":"info","phase":"preflight","action":"transactional_filter_context","status":"link_traversal_table","iteration":5,"table":"work_done","plans":36}
{"timestamp":"2026-04-24T06:50:44.060Z","runId":22,"level":"info","phase":"preflight","action":"transactional_filter_context","status":"link_traversal_table","iteration":5,"table":"spares_used","plans":36}
{"timestamp":"2026-04-24T06:50:44.061Z","runId":22,"level":"info","phase":"preflight","action":"transactional_filter_context","status":"link_traversal_table","iteration":5,"table":"credit_notes","plans":26}
{"timestamp":"2026-04-24T06:50:44.063Z","runId":22,"level":"info","phase":"preflight","action":"transactional_filter_context","status":"link_traversal_table","iteration":5,"table":"invoice_items","plans":29}
{"timestamp":"2026-04-24T06:50:44.066Z","runId":22,"level":"info","phase":"preflight","action":"transactional_filter_context","status":"link_traversal_table","iteration":5,"table":"invoice_general","plans":18}
{"timestamp":"2026-04-24T06:50:44.071Z","runId":22,"level":"info","phase":"preflight","action":"transactional_filter_context","status":"link_traversal_table","iteration":5,"table":"job_information","plans":11}
{"timestamp":"2026-04-24T06:50:44.074Z","runId":22,"level":"info","phase":"preflight","action":"transactional_filter_context","status":"link_traversal_table","iteration":5,"table":"invoices_supplier","plans":36}
{"timestamp":"2026-04-24T06:50:44.078Z","runId":22,"level":"info","phase":"preflight","action":"transactional_filter_context","status":"link_traversal_table","iteration":5,"table":"payments_suppliers","plans":36}
{"timestamp":"2026-04-24T06:50:44.084Z","runId":22,"level":"info","phase":"preflight","action":"transactional_filter_context","status":"link_traversal_table","iteration":5,"table":"credit_notes_supplier","plans":36}
{"timestamp":"2026-04-24T06:50:46.131Z","runId":22,"level":"info","phase":"preflight","action":"firebird_config_check","host":"localhost","port":3050,"database":"C:\\Autoneer\\data\\AUTONEER.FDB","user":"SYSDBA","passwordSet":true,"passwordLength":9,"passwordSource":"state","useDefaultSysdbaMasterkey":true,"rawPasswordSet":true,"rawPasswordLength":9}
{"timestamp":"2026-04-24T06:50:46.234Z","runId":22,"level":"info","phase":"preflight","attempt":1,"status":"ok"}
{"timestamp":"2026-04-24T06:50:46.235Z","runId":22,"level":"debug","phase":"keepalive","status":"ok"}
{"timestamp":"2026-04-24T06:51:06.140Z","runId":22,"level":"info","phase":"preflight","action":"firebird_config_check","host":"localhost","port":3050,"database":"C:\\Autoneer\\data\\AUTONEER.FDB","user":"SYSDBA","passwordSet":true,"passwordLength":9,"passwordSource":"state","useDefaultSysdbaMasterkey":true,"rawPasswordSet":true,"rawPasswordLength":9}
{"timestamp":"2026-04-24T06:51:06.218Z","runId":22,"level":"info","phase":"preflight","attempt":1,"status":"ok"}
{"timestamp":"2026-04-24T06:51:06.218Z","runId":22,"level":"debug","phase":"keepalive","status":"ok"}
{"timestamp":"2026-04-24T06:51:26.148Z","runId":22,"level":"info","phase":"preflight","action":"firebird_config_check","host":"localhost","port":3050,"database":"C:\\Autoneer\\data\\AUTONEER.FDB","user":"SYSDBA","passwordSet":true,"passwordLength":9,"passwordSource":"state","useDefaultSysdbaMasterkey":true,"rawPasswordSet":true,"rawPasswordLength":9}
{"timestamp":"2026-04-24T06:51:26.236Z","runId":22,"level":"info","phase":"preflight","attempt":1,"status":"ok"}
{"timestamp":"2026-04-24T06:51:26.236Z","runId":22,"level":"debug","phase":"keepalive","status":"ok"}
{"timestamp":"2026-04-24T06:51:46.152Z","runId":22,"level":"info","phase":"preflight","action":"firebird_config_check","host":"localhost","port":3050,"database":"C:\\Autoneer\\data\\AUTONEER.FDB","user":"SYSDBA","passwordSet":true,"passwordLength":9,"passwordSource":"state","useDefaultSysdbaMasterkey":true,"rawPasswordSet":true,"rawPasswordLength":9}
{"timestamp":"2026-04-24T06:51:46.243Z","runId":22,"level":"info","phase":"preflight","attempt":1,"status":"ok"}
{"timestamp":"2026-04-24T06:51:46.243Z","runId":22,"level":"debug","phase":"keepalive","status":"ok"}
{"timestamp":"2026-04-24T06:52:06.159Z","runId":22,"level":"info","phase":"preflight","action":"firebird_config_check","host":"localhost","port":3050,"database":"C:\\Autoneer\\data\\AUTONEER.FDB","user":"SYSDBA","passwordSet":true,"passwordLength":9,"passwordSource":"state","useDefaultSysdbaMasterkey":true,"rawPasswordSet":true,"rawPasswordLength":9}
{"timestamp":"2026-04-24T06:52:06.231Z","runId":22,"level":"info","phase":"preflight","attempt":1,"status":"ok"}
{"timestamp":"2026-04-24T06:52:06.232Z","runId":22,"level":"debug","phase":"keepalive","status":"ok"}
{"timestamp":"2026-04-24T06:52:26.166Z","runId":22,"level":"info","phase":"preflight","action":"firebird_config_check","host":"localhost","port":3050,"database":"C:\\Autoneer\\data\\AUTONEER.FDB","user":"SYSDBA","passwordSet":true,"passwordLength":9,"passwordSource":"state","useDefaultSysdbaMasterkey":true,"rawPasswordSet":true,"rawPasswordLength":9}
{"timestamp":"2026-04-24T06:52:26.249Z","runId":22,"level":"info","phase":"preflight","attempt":1,"status":"ok"}
{"timestamp":"2026-04-24T06:52:26.250Z","runId":22,"level":"debug","phase":"keepalive","status":"ok"}
{"timestamp":"2026-04-24T06:52:46.178Z","runId":22,"level":"info","phase":"preflight","action":"firebird_config_check","host":"localhost","port":3050,"database":"C:\\Autoneer\\data\\AUTONEER.FDB","user":"SYSDBA","passwordSet":true,"passwordLength":9,"passwordSource":"state","useDefaultSysdbaMasterkey":true,"rawPasswordSet":true,"rawPasswordLength":9}
{"timestamp":"2026-04-24T06:52:46.264Z","runId":22,"level":"info","phase":"preflight","attempt":1,"status":"ok"}
{"timestamp":"2026-04-24T06:52:46.265Z","runId":22,"level":"debug","phase":"keepalive","status":"ok"}
{"timestamp":"2026-04-24T06:53:06.192Z","runId":22,"level":"info","phase":"preflight","action":"firebird_config_check","host":"localhost","port":3050,"database":"C:\\Autoneer\\data\\AUTONEER.FDB","user":"SYSDBA","passwordSet":true,"passwordLength":9,"passwordSource":"state","useDefaultSysdbaMasterkey":true,"rawPasswordSet":true,"rawPasswordLength":9}
{"timestamp":"2026-04-24T06:53:06.279Z","runId":22,"level":"info","phase":"preflight","attempt":1,"status":"ok"}
{"timestamp":"2026-04-24T06:53:06.279Z","runId":22,"level":"debug","phase":"keepalive","status":"ok"}
{"timestamp":"2026-04-24T06:53:26.204Z","runId":22,"level":"info","phase":"preflight","action":"firebird_config_check","host":"localhost","port":3050,"database":"C:\\Autoneer\\data\\AUTONEER.FDB","user":"SYSDBA","passwordSet":true,"passwordLength":9,"passwordSource":"state","useDefaultSysdbaMasterkey":true,"rawPasswordSet":true,"rawPasswordLength":9}
{"timestamp":"2026-04-24T06:53:26.289Z","runId":22,"level":"info","phase":"preflight","attempt":1,"status":"ok"}
{"timestamp":"2026-04-24T06:53:26.289Z","runId":22,"level":"debug","phase":"keepalive","status":"ok"}
{"timestamp":"2026-04-24T06:53:46.215Z","runId":22,"level":"info","phase":"preflight","action":"firebird_config_check","host":"localhost","port":3050,"database":"C:\\Autoneer\\data\\AUTONEER.FDB","user":"SYSDBA","passwordSet":true,"passwordLength":9,"passwordSource":"state","useDefaultSysdbaMasterkey":true,"rawPasswordSet":true,"rawPasswordLength":9}
{"timestamp":"2026-04-24T06:53:46.300Z","runId":22,"level":"info","phase":"preflight","attempt":1,"status":"ok"}
{"timestamp":"2026-04-24T06:53:46.300Z","runId":22,"level":"debug","phase":"keepalive","status":"ok"}
{"timestamp":"2026-04-24T06:54:00.948Z","runId":22,"level":"info","phase":"preflight","action":"transactional_filter_context","status":"link_traversal_converged","iteration":5,"newKeys":8}
{"timestamp":"2026-04-24T06:54:00.949Z","runId":22,"level":"info","phase":"preflight","action":"transactional_filter_context","status":"done","startDate":"2025-03-01","keyCounts":{"customerJob":10308,"customerInvoice":12328,"customerCredit":1392,"workDone":11294,"supplierInvoice":17754,"supplierInvoiceId":17977}}
{"timestamp":"2026-04-24T06:54:01.069Z","runId":22,"level":"info","phase":"preflight","action":"accnr_conversion_map","source":"firebird","sourceTable":"ACCOUNTS","count":96}
{"timestamp":"2026-04-24T06:54:01.069Z","runId":22,"level":"debug","phase":"table_loop","action":"starting","includedCount":21,"mappingTableCount":21}
{"timestamp":"2026-04-24T06:54:01.070Z","runId":22,"level":"info","phase":"table_loop","action":"normalized_tables","sampleTables":["BANKS","STOCK","ACCOUNTS","INVOICES","LOCATION"]}
{"timestamp":"2026-04-24T06:54:01.070Z","runId":22,"level":"debug","phase":"table_loop","action":"processing","tableName":"banks","mappingTableKeys":["BANKS","CNOTE","STOCK","PRICING","ACCCLASS"]}
{"timestamp":"2026-04-24T06:54:01.070Z","runId":22,"level":"debug","phase":"table_loop","action":"mapping_resolved","tableName":"banks","hasMappingEntry":true,"mappingTarget":"BANKS"}
{"timestamp":"2026-04-24T06:54:01.070Z","runId":22,"level":"debug","phase":"mapping_debug","tableName":"banks","mappedSource":"BANKS","firebirdTableCount":191,"sampleFirebirdTables":["ACCCLASS","ACCDEPARTMENT","ACCOUNTLINKS","ACCOUNTS","ACCOUNT_OPENING"]}
{"timestamp":"2026-04-24T06:54:01.176Z","runId":22,"level":"debug","phase":"clean_decision","tableName":"banks","cleanBefore":true,"dryRun":false,"mode":"INSERT"}
{"timestamp":"2026-04-24T06:54:01.176Z","runId":22,"type":"table_cleaning_started","table":"banks","tableRunId":149}
{"timestamp":"2026-04-24T06:54:01.177Z","runId":22,"level":"info","phase":"clean","tableName":"banks","tableRunId":149,"status":"start"}
{"timestamp":"2026-04-24T06:54:01.178Z","runId":22,"level":"debug","phase":"clean","tableName":"banks","tableRunId":149,"action":"fk_checks_disabled"}
{"timestamp":"2026-04-24T06:54:01.220Z","runId":22,"level":"info","phase":"clean","tableName":"banks","tableRunId":149,"status":"success","method":"TRUNCATE","affectedRows":null,"postCount":0,"durationMs":43}
{"timestamp":"2026-04-24T06:54:01.237Z","runId":22,"type":"table_cleaned","table":"banks","tableRunId":149,"method":"TRUNCATE","affectedRows":null,"postCount":0}
{"timestamp":"2026-04-24T06:54:01.239Z","runId":22,"level":"debug","phase":"clean","tableName":"banks","tableRunId":149,"action":"fk_checks_restored"}
{"timestamp":"2026-04-24T06:54:01.239Z","runId":22,"level":"info","phase":"table_start","tableName":"banks","tableRunId":149,"mode":"INSERT","keyStrategy":"preserve","dedupeKeys":[]}
{"timestamp":"2026-04-24T06:54:01.351Z","runId":22,"level":"info","phase":"fetch","tableName":"banks","tableRunId":149,"sourceRows":1,"dateFilter":null}
{"timestamp":"2026-04-24T06:54:01.458Z","runId":22,"level":"debug","phase":"write","tableName":"banks","tableRunId":149,"status":"start","batchSize":1}
{"timestamp":"2026-04-24T06:54:01.464Z","runId":22,"level":"debug","phase":"write","tableName":"banks","tableRunId":149,"status":"end","inserted":1,"updated":0,"skipped":0,"durationMs":6}
{"timestamp":"2026-04-24T06:54:01.481Z","runId":22,"level":"info","phase":"table_finalize","tableName":"banks","tableRunId":149,"status":"success","inserted":1,"updated":0,"skipped":0,"errors":0,"durationMs":233}
{"timestamp":"2026-04-24T06:54:01.482Z","runId":22,"level":"debug","phase":"table_loop","action":"processing","tableName":"stock","mappingTableKeys":["BANKS","CNOTE","STOCK","PRICING","ACCCLASS"]}
{"timestamp":"2026-04-24T06:54:01.482Z","runId":22,"level":"debug","phase":"table_loop","action":"mapping_resolved","tableName":"stock","hasMappingEntry":true,"mappingTarget":"STOCK"}
{"timestamp":"2026-04-24T06:54:01.482Z","runId":22,"level":"debug","phase":"mapping_debug","tableName":"stock","mappedSource":"STOCK","firebirdTableCount":191,"sampleFirebirdTables":["ACCCLASS","ACCDEPARTMENT","ACCOUNTLINKS","ACCOUNTS","ACCOUNT_OPENING"]}
{"timestamp":"2026-04-24T06:54:01.595Z","runId":22,"level":"debug","phase":"clean_decision","tableName":"stock","cleanBefore":true,"dryRun":false,"mode":"INSERT"}
{"timestamp":"2026-04-24T06:54:01.595Z","runId":22,"type":"table_cleaning_started","table":"stock","tableRunId":150}
{"timestamp":"2026-04-24T06:54:01.595Z","runId":22,"level":"info","phase":"clean","tableName":"stock","tableRunId":150,"status":"start"}
{"timestamp":"2026-04-24T06:54:01.596Z","runId":22,"level":"debug","phase":"clean","tableName":"stock","tableRunId":150,"action":"fk_checks_disabled"}
{"timestamp":"2026-04-24T06:54:01.678Z","runId":22,"level":"info","phase":"clean","tableName":"stock","tableRunId":150,"status":"success","method":"TRUNCATE","affectedRows":null,"postCount":0,"durationMs":83}
{"timestamp":"2026-04-24T06:54:01.685Z","runId":22,"type":"table_cleaned","table":"stock","tableRunId":150,"method":"TRUNCATE","affectedRows":null,"postCount":0}
{"timestamp":"2026-04-24T06:54:01.687Z","runId":22,"level":"debug","phase":"clean","tableName":"stock","tableRunId":150,"action":"fk_checks_restored"}
{"timestamp":"2026-04-24T06:54:01.687Z","runId":22,"level":"info","phase":"table_start","tableName":"stock","tableRunId":150,"mode":"INSERT","keyStrategy":"preserve","dedupeKeys":[]}
{"timestamp":"2026-04-24T06:54:01.814Z","runId":22,"level":"info","phase":"fetch","tableName":"stock","tableRunId":150,"sourceRows":12148,"dateFilter":null}
{"timestamp":"2026-04-24T06:54:02.089Z","runId":22,"level":"debug","phase":"write","tableName":"stock","tableRunId":150,"status":"start","batchSize":1000}
{"timestamp":"2026-04-24T06:54:02.174Z","runId":22,"level":"debug","phase":"write","tableName":"stock","tableRunId":150,"status":"end","inserted":1000,"updated":0,"skipped":0,"durationMs":85}
{"timestamp":"2026-04-24T06:54:02.430Z","runId":22,"level":"debug","phase":"write","tableName":"stock","tableRunId":150,"status":"start","batchSize":1000}
{"timestamp":"2026-04-24T06:54:02.534Z","runId":22,"level":"debug","phase":"write","tableName":"stock","tableRunId":150,"status":"end","inserted":1000,"updated":0,"skipped":0,"durationMs":104}
{"timestamp":"2026-04-24T06:54:02.817Z","runId":22,"level":"debug","phase":"write","tableName":"stock","tableRunId":150,"status":"start","batchSize":1000}
{"timestamp":"2026-04-24T06:54:02.858Z","runId":22,"level":"debug","phase":"write","tableName":"stock","tableRunId":150,"status":"end","inserted":1000,"updated":0,"skipped":0,"durationMs":41}
{"timestamp":"2026-04-24T06:54:03.128Z","runId":22,"level":"debug","phase":"write","tableName":"stock","tableRunId":150,"status":"start","batchSize":1000}
{"timestamp":"2026-04-24T06:54:03.172Z","runId":22,"level":"debug","phase":"write","tableName":"stock","tableRunId":150,"status":"end","inserted":1000,"updated":0,"skipped":0,"durationMs":44}
{"timestamp":"2026-04-24T06:54:04.271Z","runId":22,"level":"debug","phase":"write","tableName":"stock","tableRunId":150,"status":"start","batchSize":1000}
{"timestamp":"2026-04-24T06:54:04.339Z","runId":22,"level":"debug","phase":"write","tableName":"stock","tableRunId":150,"status":"end","inserted":1000,"updated":0,"skipped":0,"durationMs":68}
{"timestamp":"2026-04-24T06:54:04.622Z","runId":22,"level":"debug","phase":"write","tableName":"stock","tableRunId":150,"status":"start","batchSize":1000}
{"timestamp":"2026-04-24T06:54:04.696Z","runId":22,"level":"debug","phase":"write","tableName":"stock","tableRunId":150,"status":"end","inserted":1000,"updated":0,"skipped":0,"durationMs":74}
{"timestamp":"2026-04-24T06:54:04.963Z","runId":22,"level":"debug","phase":"write","tableName":"stock","tableRunId":150,"status":"start","batchSize":1000}
{"timestamp":"2026-04-24T06:54:05.007Z","runId":22,"level":"debug","phase":"write","tableName":"stock","tableRunId":150,"status":"end","inserted":1000,"updated":0,"skipped":0,"durationMs":44}
{"timestamp":"2026-04-24T06:54:05.265Z","runId":22,"level":"debug","phase":"write","tableName":"stock","tableRunId":150,"status":"start","batchSize":1000}
{"timestamp":"2026-04-24T06:54:05.311Z","runId":22,"level":"debug","phase":"write","tableName":"stock","tableRunId":150,"status":"end","inserted":1000,"updated":0,"skipped":0,"durationMs":46}
{"timestamp":"2026-04-24T06:54:05.603Z","runId":22,"level":"debug","phase":"write","tableName":"stock","tableRunId":150,"status":"start","batchSize":1000}
{"timestamp":"2026-04-24T06:54:05.649Z","runId":22,"level":"debug","phase":"write","tableName":"stock","tableRunId":150,"status":"end","inserted":1000,"updated":0,"skipped":0,"durationMs":45}
{"timestamp":"2026-04-24T06:54:05.930Z","runId":22,"level":"debug","phase":"write","tableName":"stock","tableRunId":150,"status":"start","batchSize":1000}
{"timestamp":"2026-04-24T06:54:05.991Z","runId":22,"level":"debug","phase":"write","tableName":"stock","tableRunId":150,"status":"end","inserted":1000,"updated":0,"skipped":0,"durationMs":61}
{"timestamp":"2026-04-24T06:54:06.215Z","runId":22,"level":"info","phase":"preflight","action":"firebird_config_check","host":"localhost","port":3050,"database":"C:\\Autoneer\\data\\AUTONEER.FDB","user":"SYSDBA","passwordSet":true,"passwordLength":9,"passwordSource":"state","useDefaultSysdbaMasterkey":true,"rawPasswordSet":true,"rawPasswordLength":9}
{"timestamp":"2026-04-24T06:54:06.296Z","runId":22,"level":"debug","phase":"write","tableName":"stock","tableRunId":150,"status":"start","batchSize":1000}
{"timestamp":"2026-04-24T06:54:06.322Z","runId":22,"level":"info","phase":"preflight","attempt":1,"status":"ok"}
{"timestamp":"2026-04-24T06:54:06.322Z","runId":22,"level":"debug","phase":"keepalive","status":"ok"}
{"timestamp":"2026-04-24T06:54:06.345Z","runId":22,"level":"debug","phase":"write","tableName":"stock","tableRunId":150,"status":"end","inserted":1000,"updated":0,"skipped":0,"durationMs":49}
{"timestamp":"2026-04-24T06:54:06.629Z","runId":22,"level":"debug","phase":"write","tableName":"stock","tableRunId":150,"status":"start","batchSize":1000}
{"timestamp":"2026-04-24T06:54:06.674Z","runId":22,"level":"debug","phase":"write","tableName":"stock","tableRunId":150,"status":"end","inserted":1000,"updated":0,"skipped":0,"durationMs":45}
{"timestamp":"2026-04-24T06:54:06.906Z","runId":22,"level":"debug","phase":"write","tableName":"stock","tableRunId":150,"status":"start","batchSize":148}
{"timestamp":"2026-04-24T06:54:06.922Z","runId":22,"level":"debug","phase":"write","tableName":"stock","tableRunId":150,"status":"end","inserted":148,"updated":0,"skipped":0,"durationMs":16}
{"timestamp":"2026-04-24T06:54:06.936Z","runId":22,"level":"info","phase":"table_finalize","tableName":"stock","tableRunId":150,"status":"success","inserted":12148,"updated":0,"skipped":0,"errors":0,"durationMs":5242}
{"timestamp":"2026-04-24T06:54:06.937Z","runId":22,"level":"debug","phase":"table_loop","action":"processing","tableName":"accounts","mappingTableKeys":["BANKS","CNOTE","STOCK","PRICING","ACCCLASS"]}
{"timestamp":"2026-04-24T06:54:06.937Z","runId":22,"level":"debug","phase":"table_loop","action":"mapping_resolved","tableName":"accounts","hasMappingEntry":true,"mappingTarget":"ACCOUNTS"}
{"timestamp":"2026-04-24T06:54:06.937Z","runId":22,"level":"debug","phase":"mapping_debug","tableName":"accounts","mappedSource":"ACCOUNTS","firebirdTableCount":191,"sampleFirebirdTables":["ACCCLASS","ACCDEPARTMENT","ACCOUNTLINKS","ACCOUNTS","ACCOUNT_OPENING"]}
{"timestamp":"2026-04-24T06:54:07.057Z","runId":22,"level":"debug","phase":"clean_decision","tableName":"accounts","cleanBefore":true,"dryRun":false,"mode":"INSERT"}
{"timestamp":"2026-04-24T06:54:07.057Z","runId":22,"type":"table_cleaning_started","table":"accounts","tableRunId":151}
{"timestamp":"2026-04-24T06:54:07.057Z","runId":22,"level":"info","phase":"clean","tableName":"accounts","tableRunId":151,"status":"start"}
{"timestamp":"2026-04-24T06:54:07.058Z","runId":22,"level":"debug","phase":"clean","tableName":"accounts","tableRunId":151,"action":"fk_checks_disabled"}
{"timestamp":"2026-04-24T06:54:07.088Z","runId":22,"level":"info","phase":"clean","tableName":"accounts","tableRunId":151,"status":"success","method":"TRUNCATE","affectedRows":null,"postCount":0,"durationMs":30}
{"timestamp":"2026-04-24T06:54:07.097Z","runId":22,"type":"table_cleaned","table":"accounts","tableRunId":151,"method":"TRUNCATE","affectedRows":null,"postCount":0}
{"timestamp":"2026-04-24T06:54:07.099Z","runId":22,"level":"debug","phase":"clean","tableName":"accounts","tableRunId":151,"action":"fk_checks_restored"}
{"timestamp":"2026-04-24T06:54:07.099Z","runId":22,"level":"info","phase":"table_start","tableName":"accounts","tableRunId":151,"mode":"INSERT","keyStrategy":"preserve","dedupeKeys":[]}
{"timestamp":"2026-04-24T06:54:07.236Z","runId":22,"level":"info","phase":"fetch","tableName":"accounts","tableRunId":151,"sourceRows":120,"dateFilter":null}
{"timestamp":"2026-04-24T06:54:07.348Z","runId":22,"level":"debug","phase":"write","tableName":"accounts","tableRunId":151,"status":"start","batchSize":120}
{"timestamp":"2026-04-24T06:54:07.361Z","runId":22,"level":"debug","phase":"write","tableName":"accounts","tableRunId":151,"status":"end","inserted":94,"updated":0,"skipped":26,"durationMs":13}
{"timestamp":"2026-04-24T06:54:07.375Z","runId":22,"level":"info","phase":"table_finalize","tableName":"accounts","tableRunId":151,"status":"success","inserted":94,"updated":0,"skipped":26,"errors":0,"durationMs":270}
{"timestamp":"2026-04-24T06:54:07.376Z","runId":22,"level":"debug","phase":"table_loop","action":"processing","tableName":"invoices","mappingTableKeys":["BANKS","CNOTE","STOCK","PRICING","ACCCLASS"]}
{"timestamp":"2026-04-24T06:54:07.376Z","runId":22,"level":"debug","phase":"table_loop","action":"mapping_resolved","tableName":"invoices","hasMappingEntry":true,"mappingTarget":"INVOICES"}
{"timestamp":"2026-04-24T06:54:07.376Z","runId":22,"level":"debug","phase":"mapping_debug","tableName":"invoices","mappedSource":"INVOICES","firebirdTableCount":191,"sampleFirebirdTables":["ACCCLASS","ACCDEPARTMENT","ACCOUNTLINKS","ACCOUNTS","ACCOUNT_OPENING"]}
{"timestamp":"2026-04-24T06:54:12.868Z","runId":22,"level":"debug","phase":"clean_decision","tableName":"invoices","cleanBefore":true,"dryRun":false,"mode":"INSERT"}
{"timestamp":"2026-04-24T06:54:12.868Z","runId":22,"type":"table_cleaning_started","table":"invoices","tableRunId":152}
{"timestamp":"2026-04-24T06:54:12.868Z","runId":22,"level":"info","phase":"clean","tableName":"invoices","tableRunId":152,"status":"start"}
{"timestamp":"2026-04-24T06:54:12.869Z","runId":22,"level":"debug","phase":"clean","tableName":"invoices","tableRunId":152,"action":"fk_checks_disabled"}
{"timestamp":"2026-04-24T06:54:12.946Z","runId":22,"level":"info","phase":"clean","tableName":"invoices","tableRunId":152,"status":"success","method":"TRUNCATE","affectedRows":null,"postCount":0,"durationMs":78}
{"timestamp":"2026-04-24T06:54:12.955Z","runId":22,"type":"table_cleaned","table":"invoices","tableRunId":152,"method":"TRUNCATE","affectedRows":null,"postCount":0}
{"timestamp":"2026-04-24T06:54:12.955Z","runId":22,"level":"debug","phase":"clean","tableName":"invoices","tableRunId":152,"action":"fk_checks_restored"}
{"timestamp":"2026-04-24T06:54:12.955Z","runId":22,"level":"info","phase":"table_start","tableName":"invoices","tableRunId":152,"mode":"INSERT","keyStrategy":"preserve","dedupeKeys":[]}
{"timestamp":"2026-04-24T06:54:12.963Z","runId":22,"level":"info","phase":"fetch","tableName":"invoices","tableRunId":152,"sourceRows":1,"dateFilter":{"startDate":"2025-03-01","sourceColumn":"INVOICE_DATE","hasLinkClause":true}}
{"timestamp":"2026-04-24T06:54:13.136Z","runId":22,"level":"debug","phase":"write","tableName":"invoices","tableRunId":152,"status":"start","batchSize":1}
{"timestamp":"2026-04-24T06:54:13.142Z","runId":22,"level":"debug","phase":"write","tableName":"invoices","tableRunId":152,"status":"end","inserted":1,"updated":0,"skipped":0,"durationMs":6}
{"timestamp":"2026-04-24T06:54:13.161Z","runId":22,"level":"info","phase":"table_finalize","tableName":"invoices","tableRunId":152,"status":"success","inserted":1,"updated":0,"skipped":0,"errors":0,"durationMs":197}
{"timestamp":"2026-04-24T06:54:13.162Z","runId":22,"level":"debug","phase":"table_loop","action":"processing","tableName":"location","mappingTableKeys":["BANKS","CNOTE","STOCK","PRICING","ACCCLASS"]}
{"timestamp":"2026-04-24T06:54:13.162Z","runId":22,"level":"debug","phase":"table_loop","action":"mapping_resolved","tableName":"location","hasMappingEntry":true,"mappingTarget":"LOCATION"}
{"timestamp":"2026-04-24T06:54:13.162Z","runId":22,"level":"debug","phase":"mapping_debug","tableName":"location","mappedSource":"LOCATION","firebirdTableCount":191,"sampleFirebirdTables":["ACCCLASS","ACCDEPARTMENT","ACCOUNTLINKS","ACCOUNTS","ACCOUNT_OPENING"]}
{"timestamp":"2026-04-24T06:54:13.275Z","runId":22,"level":"debug","phase":"clean_decision","tableName":"location","cleanBefore":true,"dryRun":false,"mode":"INSERT"}
{"timestamp":"2026-04-24T06:54:13.275Z","runId":22,"type":"table_cleaning_started","table":"location","tableRunId":153}
{"timestamp":"2026-04-24T06:54:13.276Z","runId":22,"level":"info","phase":"clean","tableName":"location","tableRunId":153,"status":"start"}
{"timestamp":"2026-04-24T06:54:13.276Z","runId":22,"level":"debug","phase":"clean","tableName":"location","tableRunId":153,"action":"fk_checks_disabled"}
{"timestamp":"2026-04-24T06:54:13.308Z","runId":22,"level":"info","phase":"clean","tableName":"location","tableRunId":153,"status":"success","method":"TRUNCATE","affectedRows":null,"postCount":0,"durationMs":32}
{"timestamp":"2026-04-24T06:54:13.315Z","runId":22,"type":"table_cleaned","table":"location","tableRunId":153,"method":"TRUNCATE","affectedRows":null,"postCount":0}
{"timestamp":"2026-04-24T06:54:13.316Z","runId":22,"level":"debug","phase":"clean","tableName":"location","tableRunId":153,"action":"fk_checks_restored"}
{"timestamp":"2026-04-24T06:54:13.316Z","runId":22,"level":"info","phase":"table_start","tableName":"location","tableRunId":153,"mode":"INSERT","keyStrategy":"preserve","dedupeKeys":[]}
{"timestamp":"2026-04-24T06:54:13.428Z","runId":22,"level":"info","phase":"fetch","tableName":"location","tableRunId":153,"sourceRows":22,"dateFilter":null}
{"timestamp":"2026-04-24T06:54:13.531Z","runId":22,"level":"debug","phase":"write","tableName":"location","tableRunId":153,"status":"start","batchSize":22}
{"timestamp":"2026-04-24T06:54:13.537Z","runId":22,"level":"debug","phase":"write","tableName":"location","tableRunId":153,"status":"end","inserted":22,"updated":0,"skipped":0,"durationMs":6}
{"timestamp":"2026-04-24T06:54:13.554Z","runId":22,"level":"info","phase":"table_finalize","tableName":"location","tableRunId":153,"status":"success","inserted":22,"updated":0,"skipped":0,"errors":0,"durationMs":229}
{"timestamp":"2026-04-24T06:54:13.554Z","runId":22,"level":"debug","phase":"table_loop","action":"processing","tableName":"payments","mappingTableKeys":["BANKS","CNOTE","STOCK","PRICING","ACCCLASS"]}
{"timestamp":"2026-04-24T06:54:13.554Z","runId":22,"level":"debug","phase":"table_loop","action":"mapping_resolved","tableName":"payments","hasMappingEntry":true,"mappingTarget":"PAYMENTS"}
{"timestamp":"2026-04-24T06:54:13.554Z","runId":22,"level":"debug","phase":"mapping_debug","tableName":"payments","mappedSource":"PAYMENTS","firebirdTableCount":191,"sampleFirebirdTables":["ACCCLASS","ACCDEPARTMENT","ACCOUNTLINKS","ACCOUNTS","ACCOUNT_OPENING"]}
{"timestamp":"2026-04-24T06:54:21.340Z","runId":22,"level":"debug","phase":"clean_decision","tableName":"payments","cleanBefore":true,"dryRun":false,"mode":"INSERT"}
{"timestamp":"2026-04-24T06:54:21.340Z","runId":22,"type":"table_cleaning_started","table":"payments","tableRunId":154}
{"timestamp":"2026-04-24T06:54:21.340Z","runId":22,"level":"info","phase":"clean","tableName":"payments","tableRunId":154,"status":"start"}
{"timestamp":"2026-04-24T06:54:21.341Z","runId":22,"level":"debug","phase":"clean","tableName":"payments","tableRunId":154,"action":"fk_checks_disabled"}
{"timestamp":"2026-04-24T06:54:21.399Z","runId":22,"level":"info","phase":"clean","tableName":"payments","tableRunId":154,"status":"success","method":"TRUNCATE","affectedRows":null,"postCount":0,"durationMs":59}
{"timestamp":"2026-04-24T06:54:21.406Z","runId":22,"type":"table_cleaned","table":"payments","tableRunId":154,"method":"TRUNCATE","affectedRows":null,"postCount":0}
{"timestamp":"2026-04-24T06:54:21.407Z","runId":22,"level":"debug","phase":"clean","tableName":"payments","tableRunId":154,"action":"fk_checks_restored"}
{"timestamp":"2026-04-24T06:54:21.407Z","runId":22,"level":"info","phase":"table_start","tableName":"payments","tableRunId":154,"mode":"INSERT","keyStrategy":"preserve","dedupeKeys":[]}
{"timestamp":"2026-04-24T06:54:21.413Z","runId":22,"level":"info","phase":"fetch","tableName":"payments","tableRunId":154,"sourceRows":9,"dateFilter":{"startDate":"2025-03-01","sourceColumn":"PAYDATE","hasLinkClause":true}}
{"timestamp":"2026-04-24T06:54:21.422Z","runId":22,"level":"debug","phase":"write","tableName":"payments","tableRunId":154,"status":"start","batchSize":9}
{"timestamp":"2026-04-24T06:54:21.428Z","runId":22,"level":"debug","phase":"write","tableName":"payments","tableRunId":154,"status":"end","inserted":9,"updated":0,"skipped":0,"durationMs":6}
{"timestamp":"2026-04-24T06:54:21.445Z","runId":22,"level":"info","phase":"table_finalize","tableName":"payments","tableRunId":154,"status":"success","inserted":9,"updated":0,"skipped":0,"errors":0,"durationMs":30}
{"timestamp":"2026-04-24T06:54:21.446Z","runId":22,"level":"debug","phase":"table_loop","action":"processing","tableName":"acc_class","mappingTableKeys":["BANKS","CNOTE","STOCK","PRICING","ACCCLASS"]}
{"timestamp":"2026-04-24T06:54:21.446Z","runId":22,"level":"debug","phase":"table_loop","action":"mapping_resolved","tableName":"acc_class","hasMappingEntry":true,"mappingTarget":"ACC_CLASS"}
{"timestamp":"2026-04-24T06:54:21.446Z","runId":22,"level":"debug","phase":"mapping_debug","tableName":"acc_class","mappedSource":"ACCCLASS","firebirdTableCount":191,"sampleFirebirdTables":["ACCCLASS","ACCDEPARTMENT","ACCOUNTLINKS","ACCOUNTS","ACCOUNT_OPENING"]}
{"timestamp":"2026-04-24T06:54:21.554Z","runId":22,"level":"debug","phase":"clean_decision","tableName":"acc_class","cleanBefore":true,"dryRun":false,"mode":"INSERT"}
{"timestamp":"2026-04-24T06:54:21.554Z","runId":22,"type":"table_cleaning_started","table":"acc_class","tableRunId":155}
{"timestamp":"2026-04-24T06:54:21.555Z","runId":22,"level":"info","phase":"clean","tableName":"acc_class","tableRunId":155,"status":"start"}
{"timestamp":"2026-04-24T06:54:21.556Z","runId":22,"level":"debug","phase":"clean","tableName":"acc_class","tableRunId":155,"action":"fk_checks_disabled"}
{"timestamp":"2026-04-24T06:54:21.593Z","runId":22,"level":"info","phase":"clean","tableName":"acc_class","tableRunId":155,"status":"success","method":"TRUNCATE","affectedRows":null,"postCount":0,"durationMs":38}
{"timestamp":"2026-04-24T06:54:21.602Z","runId":22,"type":"table_cleaned","table":"acc_class","tableRunId":155,"method":"TRUNCATE","affectedRows":null,"postCount":0}
{"timestamp":"2026-04-24T06:54:21.603Z","runId":22,"level":"debug","phase":"clean","tableName":"acc_class","tableRunId":155,"action":"fk_checks_restored"}
{"timestamp":"2026-04-24T06:54:21.603Z","runId":22,"level":"info","phase":"table_start","tableName":"acc_class","tableRunId":155,"mode":"INSERT","keyStrategy":"preserve","dedupeKeys":[]}
{"timestamp":"2026-04-24T06:54:21.713Z","runId":22,"level":"info","phase":"fetch","tableName":"acc_class","tableRunId":155,"sourceRows":7,"dateFilter":null}
{"timestamp":"2026-04-24T06:54:21.821Z","runId":22,"level":"debug","phase":"write","tableName":"acc_class","tableRunId":155,"status":"start","batchSize":7}
{"timestamp":"2026-04-24T06:54:21.825Z","runId":22,"level":"debug","phase":"write","tableName":"acc_class","tableRunId":155,"status":"end","inserted":7,"updated":0,"skipped":0,"durationMs":4}
{"timestamp":"2026-04-24T06:54:21.843Z","runId":22,"level":"info","phase":"table_finalize","tableName":"acc_class","tableRunId":155,"status":"success","inserted":7,"updated":0,"skipped":0,"errors":0,"durationMs":231}
{"timestamp":"2026-04-24T06:54:21.844Z","runId":22,"level":"debug","phase":"table_loop","action":"processing","tableName":"customers","mappingTableKeys":["BANKS","CNOTE","STOCK","PRICING","ACCCLASS"]}
{"timestamp":"2026-04-24T06:54:21.844Z","runId":22,"level":"debug","phase":"table_loop","action":"mapping_resolved","tableName":"customers","hasMappingEntry":true,"mappingTarget":"CUSTOMERS"}
{"timestamp":"2026-04-24T06:54:21.844Z","runId":22,"level":"debug","phase":"mapping_debug","tableName":"customers","mappedSource":"CUSTOMER","firebirdTableCount":191,"sampleFirebirdTables":["ACCCLASS","ACCDEPARTMENT","ACCOUNTLINKS","ACCOUNTS","ACCOUNT_OPENING"]}
{"timestamp":"2026-04-24T06:54:21.955Z","runId":22,"level":"debug","phase":"clean_decision","tableName":"customers","cleanBefore":true,"dryRun":false,"mode":"INSERT"}
{"timestamp":"2026-04-24T06:54:21.956Z","runId":22,"type":"table_cleaning_started","table":"customers","tableRunId":156}
{"timestamp":"2026-04-24T06:54:21.956Z","runId":22,"level":"info","phase":"clean","tableName":"customers","tableRunId":156,"status":"start"}
{"timestamp":"2026-04-24T06:54:21.956Z","runId":22,"level":"debug","phase":"clean","tableName":"customers","tableRunId":156,"action":"fk_checks_disabled"}
{"timestamp":"2026-04-24T06:54:22.012Z","runId":22,"level":"info","phase":"clean","tableName":"customers","tableRunId":156,"status":"success","method":"TRUNCATE","affectedRows":null,"postCount":0,"durationMs":56}
{"timestamp":"2026-04-24T06:54:22.019Z","runId":22,"type":"table_cleaned","table":"customers","tableRunId":156,"method":"TRUNCATE","affectedRows":null,"postCount":0}
{"timestamp":"2026-04-24T06:54:22.020Z","runId":22,"level":"debug","phase":"clean","tableName":"customers","tableRunId":156,"action":"fk_checks_restored"}
{"timestamp":"2026-04-24T06:54:22.020Z","runId":22,"level":"info","phase":"table_start","tableName":"customers","tableRunId":156,"mode":"INSERT","keyStrategy":"preserve","dedupeKeys":[]}
{"timestamp":"2026-04-24T06:54:22.135Z","runId":22,"level":"info","phase":"fetch","tableName":"customers","tableRunId":156,"sourceRows":4188,"dateFilter":null}
{"timestamp":"2026-04-24T06:54:22.351Z","runId":22,"level":"debug","phase":"write","tableName":"customers","tableRunId":156,"status":"start","batchSize":1000}
{"timestamp":"2026-04-24T06:54:22.458Z","runId":22,"level":"debug","phase":"write","tableName":"customers","tableRunId":156,"status":"end","inserted":1000,"updated":0,"skipped":0,"durationMs":107}
{"timestamp":"2026-04-24T06:54:22.698Z","runId":22,"level":"debug","phase":"write","tableName":"customers","tableRunId":156,"status":"start","batchSize":1000}
{"timestamp":"2026-04-24T06:54:22.779Z","runId":22,"level":"debug","phase":"write","tableName":"customers","tableRunId":156,"status":"end","inserted":1000,"updated":0,"skipped":0,"durationMs":81}
{"timestamp":"2026-04-24T06:54:23.018Z","runId":22,"level":"debug","phase":"write","tableName":"customers","tableRunId":156,"status":"start","batchSize":1000}
{"timestamp":"2026-04-24T06:54:23.086Z","runId":22,"level":"debug","phase":"write","tableName":"customers","tableRunId":156,"status":"end","inserted":1000,"updated":0,"skipped":0,"durationMs":68}
{"timestamp":"2026-04-24T06:54:23.318Z","runId":22,"level":"debug","phase":"write","tableName":"customers","tableRunId":156,"status":"start","batchSize":1000}
{"timestamp":"2026-04-24T06:54:23.397Z","runId":22,"level":"debug","phase":"write","tableName":"customers","tableRunId":156,"status":"end","inserted":1000,"updated":0,"skipped":0,"durationMs":79}
{"timestamp":"2026-04-24T06:54:23.564Z","runId":22,"level":"debug","phase":"write","tableName":"customers","tableRunId":156,"status":"start","batchSize":188}
{"timestamp":"2026-04-24T06:54:23.580Z","runId":22,"level":"debug","phase":"write","tableName":"customers","tableRunId":156,"status":"end","inserted":188,"updated":0,"skipped":0,"durationMs":16}
{"timestamp":"2026-04-24T06:54:23.599Z","runId":22,"level":"info","phase":"table_finalize","tableName":"customers","tableRunId":156,"status":"success","inserted":4188,"updated":0,"skipped":0,"errors":0,"durationMs":1569}
{"timestamp":"2026-04-24T06:54:23.599Z","runId":22,"level":"debug","phase":"table_loop","action":"processing","tableName":"suppliers","mappingTableKeys":["BANKS","CNOTE","STOCK","PRICING","ACCCLASS"]}
{"timestamp":"2026-04-24T06:54:23.599Z","runId":22,"level":"debug","phase":"table_loop","action":"mapping_resolved","tableName":"suppliers","hasMappingEntry":true,"mappingTarget":"SUPPLIERS"}
{"timestamp":"2026-04-24T06:54:23.599Z","runId":22,"level":"debug","phase":"mapping_debug","tableName":"suppliers","mappedSource":"SUPPLIER","firebirdTableCount":191,"sampleFirebirdTables":["ACCCLASS","ACCDEPARTMENT","ACCOUNTLINKS","ACCOUNTS","ACCOUNT_OPENING"]}
{"timestamp":"2026-04-24T06:54:23.710Z","runId":22,"level":"debug","phase":"clean_decision","tableName":"suppliers","cleanBefore":true,"dryRun":false,"mode":"INSERT"}
{"timestamp":"2026-04-24T06:54:23.710Z","runId":22,"type":"table_cleaning_started","table":"suppliers","tableRunId":157}
{"timestamp":"2026-04-24T06:54:23.711Z","runId":22,"level":"info","phase":"clean","tableName":"suppliers","tableRunId":157,"status":"start"}
{"timestamp":"2026-04-24T06:54:23.712Z","runId":22,"level":"debug","phase":"clean","tableName":"suppliers","tableRunId":157,"action":"fk_checks_disabled"}
{"timestamp":"2026-04-24T06:54:23.743Z","runId":22,"level":"info","phase":"clean","tableName":"suppliers","tableRunId":157,"status":"success","method":"TRUNCATE","affectedRows":null,"postCount":0,"durationMs":32}
{"timestamp":"2026-04-24T06:54:23.751Z","runId":22,"type":"table_cleaned","table":"suppliers","tableRunId":157,"method":"TRUNCATE","affectedRows":null,"postCount":0}
{"timestamp":"2026-04-24T06:54:23.752Z","runId":22,"level":"debug","phase":"clean","tableName":"suppliers","tableRunId":157,"action":"fk_checks_restored"}
{"timestamp":"2026-04-24T06:54:23.752Z","runId":22,"level":"info","phase":"table_start","tableName":"suppliers","tableRunId":157,"mode":"INSERT","keyStrategy":"preserve","dedupeKeys":[]}
{"timestamp":"2026-04-24T06:54:23.868Z","runId":22,"level":"info","phase":"fetch","tableName":"suppliers","tableRunId":157,"sourceRows":188,"dateFilter":null}
{"timestamp":"2026-04-24T06:54:23.985Z","runId":22,"level":"debug","phase":"write","tableName":"suppliers","tableRunId":157,"status":"start","batchSize":188}
{"timestamp":"2026-04-24T06:54:24.031Z","runId":22,"level":"debug","phase":"write","tableName":"suppliers","tableRunId":157,"status":"end","inserted":188,"updated":0,"skipped":0,"durationMs":46}
{"timestamp":"2026-04-24T06:54:24.043Z","runId":22,"level":"info","phase":"table_finalize","tableName":"suppliers","tableRunId":157,"status":"success","inserted":188,"updated":0,"skipped":0,"errors":0,"durationMs":285}
{"timestamp":"2026-04-24T06:54:24.044Z","runId":22,"level":"debug","phase":"table_loop","action":"processing","tableName":"work_done","mappingTableKeys":["BANKS","CNOTE","STOCK","PRICING","ACCCLASS"]}
{"timestamp":"2026-04-24T06:54:24.044Z","runId":22,"level":"debug","phase":"table_loop","action":"mapping_resolved","tableName":"work_done","hasMappingEntry":true,"mappingTarget":"WORK_DONE"}
{"timestamp":"2026-04-24T06:54:24.044Z","runId":22,"level":"debug","phase":"mapping_debug","tableName":"work_done","mappedSource":"WORKDONE","firebirdTableCount":191,"sampleFirebirdTables":["ACCCLASS","ACCDEPARTMENT","ACCOUNTLINKS","ACCOUNTS","ACCOUNT_OPENING"]}
{"timestamp":"2026-04-24T06:54:26.215Z","runId":22,"level":"info","phase":"preflight","action":"firebird_config_check","host":"localhost","port":3050,"database":"C:\\Autoneer\\data\\AUTONEER.FDB","user":"SYSDBA","passwordSet":true,"passwordLength":9,"passwordSource":"state","useDefaultSysdbaMasterkey":true,"rawPasswordSet":true,"rawPasswordLength":9}
{"timestamp":"2026-04-24T06:54:26.285Z","runId":22,"level":"info","phase":"preflight","attempt":1,"status":"ok"}
{"timestamp":"2026-04-24T06:54:26.286Z","runId":22,"level":"debug","phase":"keepalive","status":"ok"}
{"timestamp":"2026-04-24T06:54:46.220Z","runId":22,"level":"info","phase":"preflight","action":"firebird_config_check","host":"localhost","port":3050,"database":"C:\\Autoneer\\data\\AUTONEER.FDB","user":"SYSDBA","passwordSet":true,"passwordLength":9,"passwordSource":"state","useDefaultSysdbaMasterkey":true,"rawPasswordSet":true,"rawPasswordLength":9}
{"timestamp":"2026-04-24T06:54:46.314Z","runId":22,"level":"info","phase":"preflight","attempt":1,"status":"ok"}
{"timestamp":"2026-04-24T06:54:46.314Z","runId":22,"level":"debug","phase":"keepalive","status":"ok"}
{"timestamp":"2026-04-24T06:55:06.228Z","runId":22,"level":"info","phase":"preflight","action":"firebird_config_check","host":"localhost","port":3050,"database":"C:\\Autoneer\\data\\AUTONEER.FDB","user":"SYSDBA","passwordSet":true,"passwordLength":9,"passwordSource":"state","useDefaultSysdbaMasterkey":true,"rawPasswordSet":true,"rawPasswordLength":9}
{"timestamp":"2026-04-24T06:55:07.090Z","runId":22,"level":"info","phase":"preflight","attempt":1,"status":"ok"}
{"timestamp":"2026-04-24T06:55:07.090Z","runId":22,"level":"debug","phase":"keepalive","status":"ok"}
{"timestamp":"2026-04-24T06:55:09.237Z","runId":22,"level":"debug","phase":"clean_decision","tableName":"work_done","cleanBefore":true,"dryRun":false,"mode":"INSERT"}
{"timestamp":"2026-04-24T06:55:09.237Z","runId":22,"type":"table_cleaning_started","table":"work_done","tableRunId":158}
{"timestamp":"2026-04-24T06:55:09.237Z","runId":22,"level":"info","phase":"clean","tableName":"work_done","tableRunId":158,"status":"start"}
{"timestamp":"2026-04-24T06:55:09.238Z","runId":22,"level":"debug","phase":"clean","tableName":"work_done","tableRunId":158,"action":"fk_checks_disabled"}
{"timestamp":"2026-04-24T06:55:09.285Z","runId":22,"level":"info","phase":"clean","tableName":"work_done","tableRunId":158,"status":"success","method":"TRUNCATE","affectedRows":null,"postCount":0,"durationMs":48}
{"timestamp":"2026-04-24T06:55:09.292Z","runId":22,"type":"table_cleaned","table":"work_done","tableRunId":158,"method":"TRUNCATE","affectedRows":null,"postCount":0}
{"timestamp":"2026-04-24T06:55:09.293Z","runId":22,"level":"debug","phase":"clean","tableName":"work_done","tableRunId":158,"action":"fk_checks_restored"}
{"timestamp":"2026-04-24T06:55:09.293Z","runId":22,"level":"info","phase":"table_start","tableName":"work_done","tableRunId":158,"mode":"INSERT","keyStrategy":"preserve","dedupeKeys":[]}
{"timestamp":"2026-04-24T06:55:09.299Z","runId":22,"level":"info","phase":"fetch","tableName":"work_done","tableRunId":158,"sourceRows":2,"dateFilter":{"startDate":"2025-03-01","sourceColumn":"WORKDATE","hasLinkClause":true}}
{"timestamp":"2026-04-24T06:55:09.371Z","runId":22,"level":"debug","phase":"write","tableName":"work_done","tableRunId":158,"status":"start","batchSize":2}
{"timestamp":"2026-04-24T06:55:09.377Z","runId":22,"level":"debug","phase":"write","tableName":"work_done","tableRunId":158,"status":"end","inserted":2,"updated":0,"skipped":0,"durationMs":6}
{"timestamp":"2026-04-24T06:55:09.394Z","runId":22,"level":"info","phase":"table_finalize","tableName":"work_done","tableRunId":158,"status":"success","inserted":2,"updated":0,"skipped":0,"errors":0,"durationMs":93}
{"timestamp":"2026-04-24T06:55:09.395Z","runId":22,"level":"debug","phase":"table_loop","action":"processing","tableName":"wip_status","mappingTableKeys":["BANKS","CNOTE","STOCK","PRICING","ACCCLASS"]}
{"timestamp":"2026-04-24T06:55:09.395Z","runId":22,"level":"debug","phase":"table_loop","action":"mapping_resolved","tableName":"wip_status","hasMappingEntry":true,"mappingTarget":"WIP_STATUS"}
{"timestamp":"2026-04-24T06:55:09.395Z","runId":22,"level":"debug","phase":"mapping_debug","tableName":"wip_status","mappedSource":"WIPSTATUS","firebirdTableCount":191,"sampleFirebirdTables":["ACCCLASS","ACCDEPARTMENT","ACCOUNTLINKS","ACCOUNTS","ACCOUNT_OPENING"]}
{"timestamp":"2026-04-24T06:55:09.507Z","runId":22,"level":"debug","phase":"clean_decision","tableName":"wip_status","cleanBefore":true,"dryRun":false,"mode":"INSERT"}
{"timestamp":"2026-04-24T06:55:09.507Z","runId":22,"type":"table_cleaning_started","table":"wip_status","tableRunId":159}
{"timestamp":"2026-04-24T06:55:09.507Z","runId":22,"level":"info","phase":"clean","tableName":"wip_status","tableRunId":159,"status":"start"}
{"timestamp":"2026-04-24T06:55:09.508Z","runId":22,"level":"debug","phase":"clean","tableName":"wip_status","tableRunId":159,"action":"fk_checks_disabled"}
{"timestamp":"2026-04-24T06:55:09.539Z","runId":22,"level":"info","phase":"clean","tableName":"wip_status","tableRunId":159,"status":"success","method":"TRUNCATE","affectedRows":null,"postCount":0,"durationMs":32}
{"timestamp":"2026-04-24T06:55:09.547Z","runId":22,"type":"table_cleaned","table":"wip_status","tableRunId":159,"method":"TRUNCATE","affectedRows":null,"postCount":0}
{"timestamp":"2026-04-24T06:55:09.548Z","runId":22,"level":"debug","phase":"clean","tableName":"wip_status","tableRunId":159,"action":"fk_checks_restored"}
{"timestamp":"2026-04-24T06:55:09.548Z","runId":22,"level":"info","phase":"table_start","tableName":"wip_status","tableRunId":159,"mode":"INSERT","keyStrategy":"preserve","dedupeKeys":[]}
{"timestamp":"2026-04-24T06:55:09.661Z","runId":22,"level":"info","phase":"fetch","tableName":"wip_status","tableRunId":159,"sourceRows":7,"dateFilter":null}
{"timestamp":"2026-04-24T06:55:09.767Z","runId":22,"level":"debug","phase":"write","tableName":"wip_status","tableRunId":159,"status":"start","batchSize":7}
{"timestamp":"2026-04-24T06:55:09.773Z","runId":22,"level":"debug","phase":"write","tableName":"wip_status","tableRunId":159,"status":"end","inserted":7,"updated":0,"skipped":0,"durationMs":6}
{"timestamp":"2026-04-24T06:55:09.790Z","runId":22,"level":"info","phase":"table_finalize","tableName":"wip_status","tableRunId":159,"status":"success","inserted":7,"updated":0,"skipped":0,"errors":0,"durationMs":233}
{"timestamp":"2026-04-24T06:55:09.790Z","runId":22,"level":"debug","phase":"table_loop","action":"processing","tableName":"spares_used","mappingTableKeys":["BANKS","CNOTE","STOCK","PRICING","ACCCLASS"]}
{"timestamp":"2026-04-24T06:55:09.790Z","runId":22,"level":"debug","phase":"table_loop","action":"mapping_resolved","tableName":"spares_used","hasMappingEntry":true,"mappingTarget":"SPARES_USED"}
{"timestamp":"2026-04-24T06:55:09.790Z","runId":22,"level":"debug","phase":"mapping_debug","tableName":"spares_used","mappedSource":"SPARES_USED","firebirdTableCount":191,"sampleFirebirdTables":["ACCCLASS","ACCDEPARTMENT","ACCOUNTLINKS","ACCOUNTS","ACCOUNT_OPENING"]}
{"timestamp":"2026-04-24T06:55:26.238Z","runId":22,"level":"info","phase":"preflight","action":"firebird_config_check","host":"localhost","port":3050,"database":"C:\\Autoneer\\data\\AUTONEER.FDB","user":"SYSDBA","passwordSet":true,"passwordLength":9,"passwordSource":"state","useDefaultSysdbaMasterkey":true,"rawPasswordSet":true,"rawPasswordLength":9}
{"timestamp":"2026-04-24T06:55:26.325Z","runId":22,"level":"info","phase":"preflight","attempt":1,"status":"ok"}
{"timestamp":"2026-04-24T06:55:26.326Z","runId":22,"level":"debug","phase":"keepalive","status":"ok"}
{"timestamp":"2026-04-24T06:55:46.249Z","runId":22,"level":"info","phase":"preflight","action":"firebird_config_check","host":"localhost","port":3050,"database":"C:\\Autoneer\\data\\AUTONEER.FDB","user":"SYSDBA","passwordSet":true,"passwordLength":9,"passwordSource":"state","useDefaultSysdbaMasterkey":true,"rawPasswordSet":true,"rawPasswordLength":9}
{"timestamp":"2026-04-24T06:55:47.074Z","runId":22,"level":"info","phase":"preflight","attempt":1,"status":"ok"}
{"timestamp":"2026-04-24T06:55:47.074Z","runId":22,"level":"debug","phase":"keepalive","status":"ok"}
{"timestamp":"2026-04-24T06:56:06.261Z","runId":22,"level":"info","phase":"preflight","action":"firebird_config_check","host":"localhost","port":3050,"database":"C:\\Autoneer\\data\\AUTONEER.FDB","user":"SYSDBA","passwordSet":true,"passwordLength":9,"passwordSource":"state","useDefaultSysdbaMasterkey":true,"rawPasswordSet":true,"rawPasswordLength":9}
{"timestamp":"2026-04-24T06:56:06.348Z","runId":22,"level":"info","phase":"preflight","attempt":1,"status":"ok"}
{"timestamp":"2026-04-24T06:56:06.349Z","runId":22,"level":"debug","phase":"keepalive","status":"ok"}
{"timestamp":"2026-04-24T06:56:26.271Z","runId":22,"level":"info","phase":"preflight","action":"firebird_config_check","host":"localhost","port":3050,"database":"C:\\Autoneer\\data\\AUTONEER.FDB","user":"SYSDBA","passwordSet":true,"passwordLength":9,"passwordSource":"state","useDefaultSysdbaMasterkey":true,"rawPasswordSet":true,"rawPasswordLength":9}
{"timestamp":"2026-04-24T06:56:26.361Z","runId":22,"level":"info","phase":"preflight","attempt":1,"status":"ok"}
{"timestamp":"2026-04-24T06:56:26.361Z","runId":22,"level":"debug","phase":"keepalive","status":"ok"}
{"timestamp":"2026-04-24T06:56:46.286Z","runId":22,"level":"info","phase":"preflight","action":"firebird_config_check","host":"localhost","port":3050,"database":"C:\\Autoneer\\data\\AUTONEER.FDB","user":"SYSDBA","passwordSet":true,"passwordLength":9,"passwordSource":"state","useDefaultSysdbaMasterkey":true,"rawPasswordSet":true,"rawPasswordLength":9}
{"timestamp":"2026-04-24T06:56:46.381Z","runId":22,"level":"info","phase":"preflight","attempt":1,"status":"ok"}
{"timestamp":"2026-04-24T06:56:46.381Z","runId":22,"level":"debug","phase":"keepalive","status":"ok"}
{"timestamp":"2026-04-24T06:57:06.288Z","runId":22,"level":"info","phase":"preflight","action":"firebird_config_check","host":"localhost","port":3050,"database":"C:\\Autoneer\\data\\AUTONEER.FDB","user":"SYSDBA","passwordSet":true,"passwordLength":9,"passwordSource":"state","useDefaultSysdbaMasterkey":true,"rawPasswordSet":true,"rawPasswordLength":9}
{"timestamp":"2026-04-24T06:57:06.376Z","runId":22,"level":"info","phase":"preflight","attempt":1,"status":"ok"}
{"timestamp":"2026-04-24T06:57:06.376Z","runId":22,"level":"debug","phase":"keepalive","status":"ok"}
{"timestamp":"2026-04-24T06:57:26.301Z","runId":22,"level":"info","phase":"preflight","action":"firebird_config_check","host":"localhost","port":3050,"database":"C:\\Autoneer\\data\\AUTONEER.FDB","user":"SYSDBA","passwordSet":true,"passwordLength":9,"passwordSource":"state","useDefaultSysdbaMasterkey":true,"rawPasswordSet":true,"rawPasswordLength":9}
{"timestamp":"2026-04-24T06:57:26.389Z","runId":22,"level":"info","phase":"preflight","attempt":1,"status":"ok"}
{"timestamp":"2026-04-24T06:57:26.390Z","runId":22,"level":"debug","phase":"keepalive","status":"ok"}
{"timestamp":"2026-04-24T06:57:46.314Z","runId":22,"level":"info","phase":"preflight","action":"firebird_config_check","host":"localhost","port":3050,"database":"C:\\Autoneer\\data\\AUTONEER.FDB","user":"SYSDBA","passwordSet":true,"passwordLength":9,"passwordSource":"state","useDefaultSysdbaMasterkey":true,"rawPasswordSet":true,"rawPasswordLength":9}
{"timestamp":"2026-04-24T06:57:46.401Z","runId":22,"level":"info","phase":"preflight","attempt":1,"status":"ok"}
{"timestamp":"2026-04-24T06:57:46.401Z","runId":22,"level":"debug","phase":"keepalive","status":"ok"}
{"timestamp":"2026-04-24T06:57:59.410Z","runId":22,"level":"debug","phase":"clean_decision","tableName":"spares_used","cleanBefore":true,"dryRun":false,"mode":"INSERT"}
{"timestamp":"2026-04-24T06:57:59.410Z","runId":22,"type":"table_cleaning_started","table":"spares_used","tableRunId":160}
{"timestamp":"2026-04-24T06:57:59.410Z","runId":22,"level":"info","phase":"clean","tableName":"spares_used","tableRunId":160,"status":"start"}
{"timestamp":"2026-04-24T06:57:59.411Z","runId":22,"level":"debug","phase":"clean","tableName":"spares_used","tableRunId":160,"action":"fk_checks_disabled"}
{"timestamp":"2026-04-24T06:57:59.469Z","runId":22,"level":"info","phase":"clean","tableName":"spares_used","tableRunId":160,"status":"success","method":"TRUNCATE","affectedRows":null,"postCount":0,"durationMs":59}
{"timestamp":"2026-04-24T06:57:59.477Z","runId":22,"type":"table_cleaned","table":"spares_used","tableRunId":160,"method":"TRUNCATE","affectedRows":null,"postCount":0}
{"timestamp":"2026-04-24T06:57:59.478Z","runId":22,"level":"debug","phase":"clean","tableName":"spares_used","tableRunId":160,"action":"fk_checks_restored"}
{"timestamp":"2026-04-24T06:57:59.478Z","runId":22,"level":"info","phase":"table_start","tableName":"spares_used","tableRunId":160,"mode":"INSERT","keyStrategy":"preserve","dedupeKeys":[]}
{"timestamp":"2026-04-24T06:57:59.485Z","runId":22,"level":"info","phase":"fetch","tableName":"spares_used","tableRunId":160,"sourceRows":7,"dateFilter":{"startDate":"2025-03-01","sourceColumn":"DATE_USED","hasLinkClause":true}}
{"timestamp":"2026-04-24T06:58:00.531Z","runId":22,"level":"debug","phase":"write","tableName":"spares_used","tableRunId":160,"status":"start","batchSize":7}
{"timestamp":"2026-04-24T06:58:00.539Z","runId":22,"level":"debug","phase":"write","tableName":"spares_used","tableRunId":160,"status":"end","inserted":7,"updated":0,"skipped":0,"durationMs":8}
{"timestamp":"2026-04-24T06:58:00.548Z","runId":22,"level":"info","phase":"post_validation","tableName":"spares_used","tableRunId":160,"status":"start"}
{"timestamp":"2026-04-24T06:58:00.798Z","runId":22,"level":"warn","phase":"post_validation","tableName":"spares_used","tableRunId":160,"status":"error","error":"Checksum mismatch in spares_used.quantity: Firebird sum=126380.26, MySQL sum=10.00, variance=99.99%. This indicates data loss or incorrect transforms."}
{"timestamp":"2026-04-24T06:58:00.808Z","runId":22,"level":"info","phase":"table_finalize","tableName":"spares_used","tableRunId":160,"status":"success","inserted":7,"updated":0,"skipped":0,"errors":0,"durationMs":1321}
{"timestamp":"2026-04-24T06:58:00.808Z","runId":22,"level":"debug","phase":"table_loop","action":"processing","tableName":"credit_notes","mappingTableKeys":["BANKS","CNOTE","STOCK","PRICING","ACCCLASS"]}
{"timestamp":"2026-04-24T06:58:00.808Z","runId":22,"level":"debug","phase":"table_loop","action":"mapping_resolved","tableName":"credit_notes","hasMappingEntry":true,"mappingTarget":"CREDIT_NOTES"}
{"timestamp":"2026-04-24T06:58:00.808Z","runId":22,"level":"debug","phase":"mapping_debug","tableName":"credit_notes","mappedSource":"CNOTE","firebirdTableCount":191,"sampleFirebirdTables":["ACCCLASS","ACCDEPARTMENT","ACCOUNTLINKS","ACCOUNTS","ACCOUNT_OPENING"]}
{"timestamp":"2026-04-24T06:58:05.840Z","runId":22,"level":"debug","phase":"clean_decision","tableName":"credit_notes","cleanBefore":true,"dryRun":false,"mode":"INSERT"}
{"timestamp":"2026-04-24T06:58:05.840Z","runId":22,"type":"table_cleaning_started","table":"credit_notes","tableRunId":161}
{"timestamp":"2026-04-24T06:58:05.841Z","runId":22,"level":"info","phase":"clean","tableName":"credit_notes","tableRunId":161,"status":"start"}
{"timestamp":"2026-04-24T06:58:05.841Z","runId":22,"level":"debug","phase":"clean","tableName":"credit_notes","tableRunId":161,"action":"fk_checks_disabled"}
{"timestamp":"2026-04-24T06:58:05.896Z","runId":22,"level":"info","phase":"clean","tableName":"credit_notes","tableRunId":161,"status":"success","method":"TRUNCATE","affectedRows":null,"postCount":0,"durationMs":55}
{"timestamp":"2026-04-24T06:58:05.905Z","runId":22,"type":"table_cleaned","table":"credit_notes","tableRunId":161,"method":"TRUNCATE","affectedRows":null,"postCount":0}
{"timestamp":"2026-04-24T06:58:05.906Z","runId":22,"level":"debug","phase":"clean","tableName":"credit_notes","tableRunId":161,"action":"fk_checks_restored"}
{"timestamp":"2026-04-24T06:58:05.906Z","runId":22,"level":"info","phase":"table_start","tableName":"credit_notes","tableRunId":161,"mode":"INSERT","keyStrategy":"preserve","dedupeKeys":[]}
{"timestamp":"2026-04-24T06:58:05.917Z","runId":22,"level":"info","phase":"fetch","tableName":"credit_notes","tableRunId":161,"sourceRows":689,"dateFilter":{"startDate":"2025-03-01","sourceColumn":"CDATE","hasLinkClause":true}}
{"timestamp":"2026-04-24T06:58:06.089Z","runId":22,"level":"debug","phase":"write","tableName":"credit_notes","tableRunId":161,"status":"start","batchSize":689}
{"timestamp":"2026-04-24T06:58:06.120Z","runId":22,"level":"debug","phase":"write","tableName":"credit_notes","tableRunId":161,"status":"end","inserted":689,"updated":0,"skipped":0,"durationMs":31}
{"timestamp":"2026-04-24T06:58:06.135Z","runId":22,"level":"info","phase":"table_finalize","tableName":"credit_notes","tableRunId":161,"status":"success","inserted":689,"updated":0,"skipped":0,"errors":0,"durationMs":221}
{"timestamp":"2026-04-24T06:58:06.135Z","runId":22,"level":"debug","phase":"table_loop","action":"processing","tableName":"invoice_items","mappingTableKeys":["BANKS","CNOTE","STOCK","PRICING","ACCCLASS"]}
{"timestamp":"2026-04-24T06:58:06.135Z","runId":22,"level":"debug","phase":"table_loop","action":"mapping_resolved","tableName":"invoice_items","hasMappingEntry":true,"mappingTarget":"INVOICE_ITEMS"}
{"timestamp":"2026-04-24T06:58:06.135Z","runId":22,"level":"debug","phase":"mapping_debug","tableName":"invoice_items","mappedSource":"INVTOTAL","firebirdTableCount":191,"sampleFirebirdTables":["ACCCLASS","ACCDEPARTMENT","ACCOUNTLINKS","ACCOUNTS","ACCOUNT_OPENING"]}
{"timestamp":"2026-04-24T06:58:06.329Z","runId":22,"level":"info","phase":"preflight","action":"firebird_config_check","host":"localhost","port":3050,"database":"C:\\Autoneer\\data\\AUTONEER.FDB","user":"SYSDBA","passwordSet":true,"passwordLength":9,"passwordSource":"state","useDefaultSysdbaMasterkey":true,"rawPasswordSet":true,"rawPasswordLength":9}
{"timestamp":"2026-04-24T06:58:06.408Z","runId":22,"level":"info","phase":"preflight","attempt":1,"status":"ok"}
{"timestamp":"2026-04-24T06:58:06.409Z","runId":22,"level":"debug","phase":"keepalive","status":"ok"}
{"timestamp":"2026-04-24T06:58:26.336Z","runId":22,"level":"info","phase":"preflight","action":"firebird_config_check","host":"localhost","port":3050,"database":"C:\\Autoneer\\data\\AUTONEER.FDB","user":"SYSDBA","passwordSet":true,"passwordLength":9,"passwordSource":"state","useDefaultSysdbaMasterkey":true,"rawPasswordSet":true,"rawPasswordLength":9}
{"timestamp":"2026-04-24T06:58:26.425Z","runId":22,"level":"info","phase":"preflight","attempt":1,"status":"ok"}
{"timestamp":"2026-04-24T06:58:26.426Z","runId":22,"level":"debug","phase":"keepalive","status":"ok"}
{"timestamp":"2026-04-24T06:58:46.348Z","runId":22,"level":"info","phase":"preflight","action":"firebird_config_check","host":"localhost","port":3050,"database":"C:\\Autoneer\\data\\AUTONEER.FDB","user":"SYSDBA","passwordSet":true,"passwordLength":9,"passwordSource":"state","useDefaultSysdbaMasterkey":true,"rawPasswordSet":true,"rawPasswordLength":9}
{"timestamp":"2026-04-24T06:58:46.438Z","runId":22,"level":"info","phase":"preflight","attempt":1,"status":"ok"}
{"timestamp":"2026-04-24T06:58:46.439Z","runId":22,"level":"debug","phase":"keepalive","status":"ok"}
{"timestamp":"2026-04-24T06:59:06.352Z","runId":22,"level":"info","phase":"preflight","action":"firebird_config_check","host":"localhost","port":3050,"database":"C:\\Autoneer\\data\\AUTONEER.FDB","user":"SYSDBA","passwordSet":true,"passwordLength":9,"passwordSource":"state","useDefaultSysdbaMasterkey":true,"rawPasswordSet":true,"rawPasswordLength":9}
{"timestamp":"2026-04-24T06:59:06.445Z","runId":22,"level":"info","phase":"preflight","attempt":1,"status":"ok"}
{"timestamp":"2026-04-24T06:59:06.446Z","runId":22,"level":"debug","phase":"keepalive","status":"ok"}
{"timestamp":"2026-04-24T06:59:13.016Z","runId":22,"level":"debug","phase":"clean_decision","tableName":"invoice_items","cleanBefore":true,"dryRun":false,"mode":"INSERT"}
{"timestamp":"2026-04-24T06:59:13.016Z","runId":22,"type":"table_cleaning_started","table":"invoice_items","tableRunId":162}
{"timestamp":"2026-04-24T06:59:13.016Z","runId":22,"level":"info","phase":"clean","tableName":"invoice_items","tableRunId":162,"status":"start"}
{"timestamp":"2026-04-24T06:59:13.017Z","runId":22,"level":"debug","phase":"clean","tableName":"invoice_items","tableRunId":162,"action":"fk_checks_disabled"}
{"timestamp":"2026-04-24T06:59:13.063Z","runId":22,"level":"info","phase":"clean","tableName":"invoice_items","tableRunId":162,"status":"success","method":"TRUNCATE","affectedRows":null,"postCount":0,"durationMs":47}
{"timestamp":"2026-04-24T06:59:13.069Z","runId":22,"type":"table_cleaned","table":"invoice_items","tableRunId":162,"method":"TRUNCATE","affectedRows":null,"postCount":0}
{"timestamp":"2026-04-24T06:59:13.111Z","runId":22,"level":"debug","phase":"clean","tableName":"invoice_items","tableRunId":162,"action":"fk_checks_restored"}
{"timestamp":"2026-04-24T06:59:13.111Z","runId":22,"level":"info","phase":"table_start","tableName":"invoice_items","tableRunId":162,"mode":"INSERT","keyStrategy":"preserve","dedupeKeys":[]}
{"timestamp":"2026-04-24T06:59:13.121Z","runId":22,"level":"info","phase":"fetch","tableName":"invoice_items","tableRunId":162,"sourceRows":3,"dateFilter":{"startDate":"2025-03-01","sourceColumn":"INV_DATE","hasLinkClause":true}}
{"timestamp":"2026-04-24T06:59:13.343Z","runId":22,"level":"debug","phase":"write","tableName":"invoice_items","tableRunId":162,"status":"start","batchSize":3}
{"timestamp":"2026-04-24T06:59:13.350Z","runId":22,"level":"debug","phase":"write","tableName":"invoice_items","tableRunId":162,"status":"end","inserted":3,"updated":0,"skipped":0,"durationMs":7}
{"timestamp":"2026-04-24T06:59:13.368Z","runId":22,"level":"info","phase":"table_finalize","tableName":"invoice_items","tableRunId":162,"status":"success","inserted":3,"updated":0,"skipped":0,"errors":0,"durationMs":249}
{"timestamp":"2026-04-24T06:59:13.369Z","runId":22,"level":"debug","phase":"table_loop","action":"processing","tableName":"acc_department","mappingTableKeys":["BANKS","CNOTE","STOCK","PRICING","ACCCLASS"]}
{"timestamp":"2026-04-24T06:59:13.369Z","runId":22,"level":"debug","phase":"table_loop","action":"mapping_resolved","tableName":"acc_department","hasMappingEntry":true,"mappingTarget":"ACC_DEPARTMENT"}
{"timestamp":"2026-04-24T06:59:13.369Z","runId":22,"level":"debug","phase":"mapping_debug","tableName":"acc_department","mappedSource":"ACCDEPARTMENT","firebirdTableCount":191,"sampleFirebirdTables":["ACCCLASS","ACCDEPARTMENT","ACCOUNTLINKS","ACCOUNTS","ACCOUNT_OPENING"]}
{"timestamp":"2026-04-24T06:59:13.486Z","runId":22,"level":"debug","phase":"clean_decision","tableName":"acc_department","cleanBefore":true,"dryRun":false,"mode":"INSERT"}
{"timestamp":"2026-04-24T06:59:13.486Z","runId":22,"type":"table_cleaning_started","table":"acc_department","tableRunId":163}
{"timestamp":"2026-04-24T06:59:13.486Z","runId":22,"level":"info","phase":"clean","tableName":"acc_department","tableRunId":163,"status":"start"}
{"timestamp":"2026-04-24T06:59:13.487Z","runId":22,"level":"debug","phase":"clean","tableName":"acc_department","tableRunId":163,"action":"fk_checks_disabled"}
{"timestamp":"2026-04-24T06:59:13.518Z","runId":22,"level":"info","phase":"clean","tableName":"acc_department","tableRunId":163,"status":"success","method":"TRUNCATE","affectedRows":null,"postCount":0,"durationMs":32}
{"timestamp":"2026-04-24T06:59:13.527Z","runId":22,"type":"table_cleaned","table":"acc_department","tableRunId":163,"method":"TRUNCATE","affectedRows":null,"postCount":0}
{"timestamp":"2026-04-24T06:59:13.528Z","runId":22,"level":"debug","phase":"clean","tableName":"acc_department","tableRunId":163,"action":"fk_checks_restored"}
{"timestamp":"2026-04-24T06:59:13.528Z","runId":22,"level":"info","phase":"table_start","tableName":"acc_department","tableRunId":163,"mode":"INSERT","keyStrategy":"preserve","dedupeKeys":[]}
{"timestamp":"2026-04-24T06:59:13.652Z","runId":22,"level":"info","phase":"fetch","tableName":"acc_department","tableRunId":163,"sourceRows":12,"dateFilter":null}
{"timestamp":"2026-04-24T06:59:13.771Z","runId":22,"level":"debug","phase":"write","tableName":"acc_department","tableRunId":163,"status":"start","batchSize":12}
{"timestamp":"2026-04-24T06:59:13.777Z","runId":22,"level":"debug","phase":"write","tableName":"acc_department","tableRunId":163,"status":"end","inserted":12,"updated":0,"skipped":0,"durationMs":6}
{"timestamp":"2026-04-24T06:59:13.798Z","runId":22,"level":"info","phase":"table_finalize","tableName":"acc_department","tableRunId":163,"status":"success","inserted":12,"updated":0,"skipped":0,"errors":0,"durationMs":262}
{"timestamp":"2026-04-24T06:59:13.798Z","runId":22,"level":"debug","phase":"table_loop","action":"processing","tableName":"labour_pricing","mappingTableKeys":["BANKS","CNOTE","STOCK","PRICING","ACCCLASS"]}
{"timestamp":"2026-04-24T06:59:13.798Z","runId":22,"level":"debug","phase":"table_loop","action":"mapping_resolved","tableName":"labour_pricing","hasMappingEntry":true,"mappingTarget":"LABOUR_PRICING"}
{"timestamp":"2026-04-24T06:59:13.798Z","runId":22,"level":"debug","phase":"mapping_debug","tableName":"labour_pricing","mappedSource":"PRICING","firebirdTableCount":191,"sampleFirebirdTables":["ACCCLASS","ACCDEPARTMENT","ACCOUNTLINKS","ACCOUNTS","ACCOUNT_OPENING"]}
{"timestamp":"2026-04-24T06:59:13.918Z","runId":22,"level":"debug","phase":"clean_decision","tableName":"labour_pricing","cleanBefore":true,"dryRun":false,"mode":"INSERT"}
{"timestamp":"2026-04-24T06:59:13.918Z","runId":22,"type":"table_cleaning_started","table":"labour_pricing","tableRunId":164}
{"timestamp":"2026-04-24T06:59:13.919Z","runId":22,"level":"info","phase":"clean","tableName":"labour_pricing","tableRunId":164,"status":"start"}
{"timestamp":"2026-04-24T06:59:13.919Z","runId":22,"level":"debug","phase":"clean","tableName":"labour_pricing","tableRunId":164,"action":"fk_checks_disabled"}
{"timestamp":"2026-04-24T06:59:13.959Z","runId":22,"level":"info","phase":"clean","tableName":"labour_pricing","tableRunId":164,"status":"success","method":"TRUNCATE","affectedRows":null,"postCount":0,"durationMs":40}
{"timestamp":"2026-04-24T06:59:13.965Z","runId":22,"type":"table_cleaned","table":"labour_pricing","tableRunId":164,"method":"TRUNCATE","affectedRows":null,"postCount":0}
{"timestamp":"2026-04-24T06:59:13.966Z","runId":22,"level":"debug","phase":"clean","tableName":"labour_pricing","tableRunId":164,"action":"fk_checks_restored"}
{"timestamp":"2026-04-24T06:59:13.966Z","runId":22,"level":"info","phase":"table_start","tableName":"labour_pricing","tableRunId":164,"mode":"INSERT","keyStrategy":"preserve","dedupeKeys":[]}
{"timestamp":"2026-04-24T06:59:14.099Z","runId":22,"level":"info","phase":"fetch","tableName":"labour_pricing","tableRunId":164,"sourceRows":3014,"dateFilter":null}
{"timestamp":"2026-04-24T06:59:14.252Z","runId":22,"level":"debug","phase":"write","tableName":"labour_pricing","tableRunId":164,"status":"start","batchSize":1000}
{"timestamp":"2026-04-24T06:59:14.278Z","runId":22,"level":"debug","phase":"write","tableName":"labour_pricing","tableRunId":164,"status":"end","inserted":958,"updated":0,"skipped":42,"durationMs":26}
{"timestamp":"2026-04-24T06:59:14.417Z","runId":22,"level":"debug","phase":"write","tableName":"labour_pricing","tableRunId":164,"status":"start","batchSize":1000}
{"timestamp":"2026-04-24T06:59:14.441Z","runId":22,"level":"debug","phase":"write","tableName":"labour_pricing","tableRunId":164,"status":"end","inserted":1000,"updated":0,"skipped":0,"durationMs":24}
{"timestamp":"2026-04-24T06:59:14.580Z","runId":22,"level":"debug","phase":"write","tableName":"labour_pricing","tableRunId":164,"status":"start","batchSize":1000}
{"timestamp":"2026-04-24T06:59:14.606Z","runId":22,"level":"debug","phase":"write","tableName":"labour_pricing","tableRunId":164,"status":"end","inserted":1000,"updated":0,"skipped":0,"durationMs":26}
{"timestamp":"2026-04-24T06:59:14.732Z","runId":22,"level":"debug","phase":"write","tableName":"labour_pricing","tableRunId":164,"status":"start","batchSize":14}
{"timestamp":"2026-04-24T06:59:14.740Z","runId":22,"level":"debug","phase":"write","tableName":"labour_pricing","tableRunId":164,"status":"end","inserted":14,"updated":0,"skipped":0,"durationMs":8}
{"timestamp":"2026-04-24T06:59:14.758Z","runId":22,"level":"info","phase":"table_finalize","tableName":"labour_pricing","tableRunId":164,"status":"success","inserted":2972,"updated":0,"skipped":42,"errors":0,"durationMs":783}
{"timestamp":"2026-04-24T06:59:14.759Z","runId":22,"level":"debug","phase":"table_loop","action":"processing","tableName":"invoice_general","mappingTableKeys":["BANKS","CNOTE","STOCK","PRICING","ACCCLASS"]}
{"timestamp":"2026-04-24T06:59:14.759Z","runId":22,"level":"debug","phase":"table_loop","action":"mapping_resolved","tableName":"invoice_general","hasMappingEntry":true,"mappingTarget":"INVOICE_GENERAL"}
{"timestamp":"2026-04-24T06:59:14.759Z","runId":22,"level":"debug","phase":"mapping_debug","tableName":"invoice_general","mappedSource":"INVOICEGENERAL","firebirdTableCount":191,"sampleFirebirdTables":["ACCCLASS","ACCDEPARTMENT","ACCOUNTLINKS","ACCOUNTS","ACCOUNT_OPENING"]}
{"timestamp":"2026-04-24T06:59:16.780Z","runId":22,"level":"debug","phase":"clean_decision","tableName":"invoice_general","cleanBefore":true,"dryRun":false,"mode":"INSERT"}
{"timestamp":"2026-04-24T06:59:16.780Z","runId":22,"type":"table_cleaning_started","table":"invoice_general","tableRunId":165}
{"timestamp":"2026-04-24T06:59:16.780Z","runId":22,"level":"info","phase":"clean","tableName":"invoice_general","tableRunId":165,"status":"start"}
{"timestamp":"2026-04-24T06:59:16.781Z","runId":22,"level":"debug","phase":"clean","tableName":"invoice_general","tableRunId":165,"action":"fk_checks_disabled"}
{"timestamp":"2026-04-24T06:59:16.817Z","runId":22,"level":"info","phase":"clean","tableName":"invoice_general","tableRunId":165,"status":"success","method":"TRUNCATE","affectedRows":null,"postCount":0,"durationMs":37}
{"timestamp":"2026-04-24T06:59:16.827Z","runId":22,"type":"table_cleaned","table":"invoice_general","tableRunId":165,"method":"TRUNCATE","affectedRows":null,"postCount":0}
{"timestamp":"2026-04-24T06:59:16.828Z","runId":22,"level":"debug","phase":"clean","tableName":"invoice_general","tableRunId":165,"action":"fk_checks_restored"}
{"timestamp":"2026-04-24T06:59:16.828Z","runId":22,"level":"info","phase":"table_start","tableName":"invoice_general","tableRunId":165,"mode":"INSERT","keyStrategy":"preserve","dedupeKeys":[]}
{"timestamp":"2026-04-24T06:59:16.838Z","runId":22,"level":"info","phase":"fetch","tableName":"invoice_general","tableRunId":165,"sourceRows":366,"dateFilter":{"startDate":"2025-03-01","sourceColumn":"PURCHDATE","hasLinkClause":true}}
{"timestamp":"2026-04-24T06:59:17.139Z","runId":22,"level":"debug","phase":"write","tableName":"invoice_general","tableRunId":165,"status":"start","batchSize":366}
{"timestamp":"2026-04-24T06:59:17.159Z","runId":22,"level":"debug","phase":"write","tableName":"invoice_general","tableRunId":165,"status":"end","inserted":366,"updated":0,"skipped":0,"durationMs":20}
{"timestamp":"2026-04-24T06:59:17.176Z","runId":22,"level":"info","phase":"table_finalize","tableName":"invoice_general","tableRunId":165,"status":"success","inserted":366,"updated":0,"skipped":0,"errors":0,"durationMs":340}
{"timestamp":"2026-04-24T06:59:17.176Z","runId":22,"level":"debug","phase":"table_loop","action":"processing","tableName":"job_information","mappingTableKeys":["BANKS","CNOTE","STOCK","PRICING","ACCCLASS"]}
{"timestamp":"2026-04-24T06:59:17.177Z","runId":22,"level":"debug","phase":"table_loop","action":"mapping_resolved","tableName":"job_information","hasMappingEntry":true,"mappingTarget":"JOB_INFORMATION"}
{"timestamp":"2026-04-24T06:59:17.177Z","runId":22,"level":"debug","phase":"mapping_debug","tableName":"job_information","mappedSource":"JOB_INFORMATION","firebirdTableCount":191,"sampleFirebirdTables":["ACCCLASS","ACCDEPARTMENT","ACCOUNTLINKS","ACCOUNTS","ACCOUNT_OPENING"]}
{"timestamp":"2026-04-24T06:59:20.307Z","runId":22,"level":"debug","phase":"clean_decision","tableName":"job_information","cleanBefore":true,"dryRun":false,"mode":"INSERT"}
{"timestamp":"2026-04-24T06:59:20.307Z","runId":22,"type":"table_cleaning_started","table":"job_information","tableRunId":166}
{"timestamp":"2026-04-24T06:59:20.308Z","runId":22,"level":"info","phase":"clean","tableName":"job_information","tableRunId":166,"status":"start"}
{"timestamp":"2026-04-24T06:59:20.308Z","runId":22,"level":"debug","phase":"clean","tableName":"job_information","tableRunId":166,"action":"fk_checks_disabled"}
{"timestamp":"2026-04-24T06:59:20.376Z","runId":22,"level":"info","phase":"clean","tableName":"job_information","tableRunId":166,"status":"success","method":"TRUNCATE","affectedRows":null,"postCount":0,"durationMs":68}
{"timestamp":"2026-04-24T06:59:20.383Z","runId":22,"type":"table_cleaned","table":"job_information","tableRunId":166,"method":"TRUNCATE","affectedRows":null,"postCount":0}
{"timestamp":"2026-04-24T06:59:20.384Z","runId":22,"level":"debug","phase":"clean","tableName":"job_information","tableRunId":166,"action":"fk_checks_restored"}
{"timestamp":"2026-04-24T06:59:20.384Z","runId":22,"level":"info","phase":"table_start","tableName":"job_information","tableRunId":166,"mode":"INSERT","keyStrategy":"preserve","dedupeKeys":[]}
{"timestamp":"2026-04-24T06:59:20.392Z","runId":22,"level":"info","phase":"fetch","tableName":"job_information","tableRunId":166,"sourceRows":3495,"dateFilter":{"startDate":"2025-03-01","sourceColumn":"DATE_RECEIVED","hasLinkClause":true}}
{"timestamp":"2026-04-24T06:59:20.677Z","runId":22,"level":"debug","phase":"write","tableName":"job_information","tableRunId":166,"status":"start","batchSize":1000}
{"timestamp":"2026-04-24T06:59:20.752Z","runId":22,"level":"debug","phase":"write","tableName":"job_information","tableRunId":166,"status":"end","inserted":1000,"updated":0,"skipped":0,"durationMs":75}
{"timestamp":"2026-04-24T06:59:21.105Z","runId":22,"level":"debug","phase":"write","tableName":"job_information","tableRunId":166,"status":"start","batchSize":1000}
{"timestamp":"2026-04-24T06:59:21.226Z","runId":22,"level":"debug","phase":"write","tableName":"job_information","tableRunId":166,"status":"end","inserted":993,"updated":0,"skipped":7,"durationMs":121}
{"timestamp":"2026-04-24T06:59:21.569Z","runId":22,"level":"debug","phase":"write","tableName":"job_information","tableRunId":166,"status":"start","batchSize":1000}
{"timestamp":"2026-04-24T06:59:21.639Z","runId":22,"level":"debug","phase":"write","tableName":"job_information","tableRunId":166,"status":"end","inserted":994,"updated":0,"skipped":6,"durationMs":70}
{"timestamp":"2026-04-24T06:59:21.802Z","runId":22,"level":"debug","phase":"write","tableName":"job_information","tableRunId":166,"status":"start","batchSize":495}
{"timestamp":"2026-04-24T06:59:21.838Z","runId":22,"level":"debug","phase":"write","tableName":"job_information","tableRunId":166,"status":"end","inserted":494,"updated":0,"skipped":1,"durationMs":36}
{"timestamp":"2026-04-24T06:59:21.854Z","runId":22,"level":"info","phase":"table_finalize","tableName":"job_information","tableRunId":166,"status":"success","inserted":3481,"updated":0,"skipped":14,"errors":0,"durationMs":1463}
{"timestamp":"2026-04-24T06:59:21.855Z","runId":22,"level":"debug","phase":"table_loop","action":"processing","tableName":"invoices_supplier","mappingTableKeys":["BANKS","CNOTE","STOCK","PRICING","ACCCLASS"]}
{"timestamp":"2026-04-24T06:59:21.855Z","runId":22,"level":"debug","phase":"table_loop","action":"mapping_resolved","tableName":"invoices_supplier","hasMappingEntry":true,"mappingTarget":"INVOICES_SUPPLIER"}
{"timestamp":"2026-04-24T06:59:21.855Z","runId":22,"level":"debug","phase":"mapping_debug","tableName":"invoices_supplier","mappedSource":"INVOICESUPPLIER","firebirdTableCount":191,"sampleFirebirdTables":["ACCCLASS","ACCDEPARTMENT","ACCOUNTLINKS","ACCOUNTS","ACCOUNT_OPENING"]}
{"timestamp":"2026-04-24T06:59:26.361Z","runId":22,"level":"info","phase":"preflight","action":"firebird_config_check","host":"localhost","port":3050,"database":"C:\\Autoneer\\data\\AUTONEER.FDB","user":"SYSDBA","passwordSet":true,"passwordLength":9,"passwordSource":"state","useDefaultSysdbaMasterkey":true,"rawPasswordSet":true,"rawPasswordLength":9}
{"timestamp":"2026-04-24T06:59:26.441Z","runId":22,"level":"info","phase":"preflight","attempt":1,"status":"ok"}
{"timestamp":"2026-04-24T06:59:26.442Z","runId":22,"level":"debug","phase":"keepalive","status":"ok"}
{"timestamp":"2026-04-24T06:59:46.377Z","runId":22,"level":"info","phase":"preflight","action":"firebird_config_check","host":"localhost","port":3050,"database":"C:\\Autoneer\\data\\AUTONEER.FDB","user":"SYSDBA","passwordSet":true,"passwordLength":9,"passwordSource":"state","useDefaultSysdbaMasterkey":true,"rawPasswordSet":true,"rawPasswordLength":9}
{"timestamp":"2026-04-24T06:59:46.466Z","runId":22,"level":"info","phase":"preflight","attempt":1,"status":"ok"}
{"timestamp":"2026-04-24T06:59:46.467Z","runId":22,"level":"debug","phase":"keepalive","status":"ok"}
{"timestamp":"2026-04-24T07:00:06.378Z","runId":22,"level":"info","phase":"preflight","action":"firebird_config_check","host":"localhost","port":3050,"database":"C:\\Autoneer\\data\\AUTONEER.FDB","user":"SYSDBA","passwordSet":true,"passwordLength":9,"passwordSource":"state","useDefaultSysdbaMasterkey":true,"rawPasswordSet":true,"rawPasswordLength":9}
{"timestamp":"2026-04-24T07:00:06.471Z","runId":22,"level":"info","phase":"preflight","attempt":1,"status":"ok"}
{"timestamp":"2026-04-24T07:00:06.471Z","runId":22,"level":"debug","phase":"keepalive","status":"ok"}
{"timestamp":"2026-04-24T07:00:26.391Z","runId":22,"level":"info","phase":"preflight","action":"firebird_config_check","host":"localhost","port":3050,"database":"C:\\Autoneer\\data\\AUTONEER.FDB","user":"SYSDBA","passwordSet":true,"passwordLength":9,"passwordSource":"state","useDefaultSysdbaMasterkey":true,"rawPasswordSet":true,"rawPasswordLength":9}
{"timestamp":"2026-04-24T07:00:26.478Z","runId":22,"level":"info","phase":"preflight","attempt":1,"status":"ok"}
{"timestamp":"2026-04-24T07:00:26.479Z","runId":22,"level":"debug","phase":"keepalive","status":"ok"}
{"timestamp":"2026-04-24T07:00:36.788Z","runId":22,"level":"debug","phase":"clean_decision","tableName":"invoices_supplier","cleanBefore":true,"dryRun":false,"mode":"INSERT"}
{"timestamp":"2026-04-24T07:00:36.788Z","runId":22,"type":"table_cleaning_started","table":"invoices_supplier","tableRunId":167}
{"timestamp":"2026-04-24T07:00:36.788Z","runId":22,"level":"info","phase":"clean","tableName":"invoices_supplier","tableRunId":167,"status":"start"}
{"timestamp":"2026-04-24T07:00:36.789Z","runId":22,"level":"debug","phase":"clean","tableName":"invoices_supplier","tableRunId":167,"action":"fk_checks_disabled"}
{"timestamp":"2026-04-24T07:00:36.841Z","runId":22,"level":"info","phase":"clean","tableName":"invoices_supplier","tableRunId":167,"status":"success","method":"TRUNCATE","affectedRows":null,"postCount":0,"durationMs":53}
{"timestamp":"2026-04-24T07:00:36.848Z","runId":22,"type":"table_cleaned","table":"invoices_supplier","tableRunId":167,"method":"TRUNCATE","affectedRows":null,"postCount":0}
{"timestamp":"2026-04-24T07:00:36.848Z","runId":22,"level":"debug","phase":"clean","tableName":"invoices_supplier","tableRunId":167,"action":"fk_checks_restored"}
{"timestamp":"2026-04-24T07:00:36.848Z","runId":22,"level":"info","phase":"table_start","tableName":"invoices_supplier","tableRunId":167,"mode":"INSERT","keyStrategy":"preserve","dedupeKeys":[]}
{"timestamp":"2026-04-24T07:00:36.855Z","runId":22,"level":"info","phase":"fetch","tableName":"invoices_supplier","tableRunId":167,"sourceRows":2,"dateFilter":{"startDate":"2025-03-01","sourceColumn":"INV_DATE","hasLinkClause":true}}
{"timestamp":"2026-04-24T07:00:36.861Z","runId":22,"level":"debug","phase":"write","tableName":"invoices_supplier","tableRunId":167,"status":"start","batchSize":2}
{"timestamp":"2026-04-24T07:00:36.864Z","runId":22,"level":"debug","phase":"write","tableName":"invoices_supplier","tableRunId":167,"status":"end","inserted":2,"updated":0,"skipped":0,"durationMs":3}
{"timestamp":"2026-04-24T07:00:36.878Z","runId":22,"level":"info","phase":"table_finalize","tableName":"invoices_supplier","tableRunId":167,"status":"success","inserted":2,"updated":0,"skipped":0,"errors":0,"durationMs":24}
{"timestamp":"2026-04-24T07:00:36.879Z","runId":22,"level":"debug","phase":"table_loop","action":"processing","tableName":"payments_suppliers","mappingTableKeys":["BANKS","CNOTE","STOCK","PRICING","ACCCLASS"]}
{"timestamp":"2026-04-24T07:00:36.879Z","runId":22,"level":"debug","phase":"table_loop","action":"mapping_resolved","tableName":"payments_suppliers","hasMappingEntry":true,"mappingTarget":"PAYMENTS_SUPPLIERS"}
{"timestamp":"2026-04-24T07:00:36.879Z","runId":22,"level":"debug","phase":"mapping_debug","tableName":"payments_suppliers","mappedSource":"PAYMENTSSUPP","firebirdTableCount":191,"sampleFirebirdTables":["ACCCLASS","ACCDEPARTMENT","ACCOUNTLINKS","ACCOUNTS","ACCOUNT_OPENING"]}
{"timestamp":"2026-04-24T07:00:46.393Z","runId":22,"level":"info","phase":"preflight","action":"firebird_config_check","host":"localhost","port":3050,"database":"C:\\Autoneer\\data\\AUTONEER.FDB","user":"SYSDBA","passwordSet":true,"passwordLength":9,"passwordSource":"state","useDefaultSysdbaMasterkey":true,"rawPasswordSet":true,"rawPasswordLength":9}
{"timestamp":"2026-04-24T07:00:46.480Z","runId":22,"level":"info","phase":"preflight","attempt":1,"status":"ok"}
{"timestamp":"2026-04-24T07:00:46.481Z","runId":22,"level":"debug","phase":"keepalive","status":"ok"}
{"timestamp":"2026-04-24T07:01:06.406Z","runId":22,"level":"info","phase":"preflight","action":"firebird_config_check","host":"localhost","port":3050,"database":"C:\\Autoneer\\data\\AUTONEER.FDB","user":"SYSDBA","passwordSet":true,"passwordLength":9,"passwordSource":"state","useDefaultSysdbaMasterkey":true,"rawPasswordSet":true,"rawPasswordLength":9}
{"timestamp":"2026-04-24T07:01:06.492Z","runId":22,"level":"info","phase":"preflight","attempt":1,"status":"ok"}
{"timestamp":"2026-04-24T07:01:06.493Z","runId":22,"level":"debug","phase":"keepalive","status":"ok"}
{"timestamp":"2026-04-24T07:01:26.412Z","runId":22,"level":"info","phase":"preflight","action":"firebird_config_check","host":"localhost","port":3050,"database":"C:\\Autoneer\\data\\AUTONEER.FDB","user":"SYSDBA","passwordSet":true,"passwordLength":9,"passwordSource":"state","useDefaultSysdbaMasterkey":true,"rawPasswordSet":true,"rawPasswordLength":9}
{"timestamp":"2026-04-24T07:01:27.247Z","runId":22,"level":"info","phase":"preflight","attempt":1,"status":"ok"}
{"timestamp":"2026-04-24T07:01:27.247Z","runId":22,"level":"debug","phase":"keepalive","status":"ok"}
{"timestamp":"2026-04-24T07:01:41.854Z","runId":22,"level":"debug","phase":"clean_decision","tableName":"payments_suppliers","cleanBefore":true,"dryRun":false,"mode":"INSERT"}
{"timestamp":"2026-04-24T07:01:41.854Z","runId":22,"type":"table_cleaning_started","table":"payments_suppliers","tableRunId":168}
{"timestamp":"2026-04-24T07:01:41.855Z","runId":22,"level":"info","phase":"clean","tableName":"payments_suppliers","tableRunId":168,"status":"start"}
{"timestamp":"2026-04-24T07:01:41.855Z","runId":22,"level":"debug","phase":"clean","tableName":"payments_suppliers","tableRunId":168,"action":"fk_checks_disabled"}
{"timestamp":"2026-04-24T07:01:41.898Z","runId":22,"level":"info","phase":"clean","tableName":"payments_suppliers","tableRunId":168,"status":"success","method":"TRUNCATE","affectedRows":null,"postCount":0,"durationMs":43}
{"timestamp":"2026-04-24T07:01:41.904Z","runId":22,"type":"table_cleaned","table":"payments_suppliers","tableRunId":168,"method":"TRUNCATE","affectedRows":null,"postCount":0}
{"timestamp":"2026-04-24T07:01:41.905Z","runId":22,"level":"debug","phase":"clean","tableName":"payments_suppliers","tableRunId":168,"action":"fk_checks_restored"}
{"timestamp":"2026-04-24T07:01:41.905Z","runId":22,"level":"info","phase":"table_start","tableName":"payments_suppliers","tableRunId":168,"mode":"INSERT","keyStrategy":"preserve","dedupeKeys":[]}
{"timestamp":"2026-04-24T07:01:41.910Z","runId":22,"level":"info","phase":"fetch","tableName":"payments_suppliers","tableRunId":168,"sourceRows":0,"dateFilter":{"startDate":"2025-03-01","sourceColumn":"PAYDATE","hasLinkClause":true}}
{"timestamp":"2026-04-24T07:01:41.917Z","runId":22,"level":"info","phase":"table_finalize","tableName":"payments_suppliers","tableRunId":168,"status":"success","inserted":0,"updated":0,"skipped":0,"errors":0,"durationMs":5}
{"timestamp":"2026-04-24T07:01:41.918Z","runId":22,"level":"debug","phase":"table_loop","action":"processing","tableName":"credit_notes_supplier","mappingTableKeys":["BANKS","CNOTE","STOCK","PRICING","ACCCLASS"]}
{"timestamp":"2026-04-24T07:01:41.918Z","runId":22,"level":"debug","phase":"table_loop","action":"mapping_resolved","tableName":"credit_notes_supplier","hasMappingEntry":true,"mappingTarget":"CREDIT_NOTES_SUPPLIER"}
{"timestamp":"2026-04-24T07:01:41.918Z","runId":22,"level":"debug","phase":"mapping_debug","tableName":"credit_notes_supplier","mappedSource":"CNOTESUPP","firebirdTableCount":191,"sampleFirebirdTables":["ACCCLASS","ACCDEPARTMENT","ACCOUNTLINKS","ACCOUNTS","ACCOUNT_OPENING"]}
{"timestamp":"2026-04-24T07:01:46.421Z","runId":22,"level":"info","phase":"preflight","action":"firebird_config_check","host":"localhost","port":3050,"database":"C:\\Autoneer\\data\\AUTONEER.FDB","user":"SYSDBA","passwordSet":true,"passwordLength":9,"passwordSource":"state","useDefaultSysdbaMasterkey":true,"rawPasswordSet":true,"rawPasswordLength":9}
{"timestamp":"2026-04-24T07:01:46.486Z","runId":22,"level":"info","phase":"preflight","attempt":1,"status":"ok"}
{"timestamp":"2026-04-24T07:01:46.487Z","runId":22,"level":"debug","phase":"keepalive","status":"ok"}
{"timestamp":"2026-04-24T07:01:46.943Z","runId":22,"level":"debug","phase":"clean_decision","tableName":"credit_notes_supplier","cleanBefore":true,"dryRun":false,"mode":"INSERT"}
{"timestamp":"2026-04-24T07:01:46.943Z","runId":22,"type":"table_cleaning_started","table":"credit_notes_supplier","tableRunId":169}
{"timestamp":"2026-04-24T07:01:46.943Z","runId":22,"level":"info","phase":"clean","tableName":"credit_notes_supplier","tableRunId":169,"status":"start"}
{"timestamp":"2026-04-24T07:01:46.944Z","runId":22,"level":"debug","phase":"clean","tableName":"credit_notes_supplier","tableRunId":169,"action":"fk_checks_disabled"}
{"timestamp":"2026-04-24T07:01:46.980Z","runId":22,"level":"info","phase":"clean","tableName":"credit_notes_supplier","tableRunId":169,"status":"success","method":"TRUNCATE","affectedRows":null,"postCount":0,"durationMs":37}
{"timestamp":"2026-04-24T07:01:46.988Z","runId":22,"type":"table_cleaned","table":"credit_notes_supplier","tableRunId":169,"method":"TRUNCATE","affectedRows":null,"postCount":0}
{"timestamp":"2026-04-24T07:01:46.989Z","runId":22,"level":"debug","phase":"clean","tableName":"credit_notes_supplier","tableRunId":169,"action":"fk_checks_restored"}
{"timestamp":"2026-04-24T07:01:46.989Z","runId":22,"level":"info","phase":"table_start","tableName":"credit_notes_supplier","tableRunId":169,"mode":"INSERT","keyStrategy":"preserve","dedupeKeys":[]}
{"timestamp":"2026-04-24T07:01:46.997Z","runId":22,"level":"info","phase":"fetch","tableName":"credit_notes_supplier","tableRunId":169,"sourceRows":1,"dateFilter":{"startDate":"2025-03-01","sourceColumn":"CNOTEDATE","hasLinkClause":true}}
{"timestamp":"2026-04-24T07:01:47.005Z","runId":22,"level":"debug","phase":"write","tableName":"credit_notes_supplier","tableRunId":169,"status":"start","batchSize":1}
{"timestamp":"2026-04-24T07:01:47.009Z","runId":22,"level":"debug","phase":"write","tableName":"credit_notes_supplier","tableRunId":169,"status":"end","inserted":1,"updated":0,"skipped":0,"durationMs":4}
{"timestamp":"2026-04-24T07:01:47.025Z","runId":22,"level":"info","phase":"table_finalize","tableName":"credit_notes_supplier","tableRunId":169,"status":"success","inserted":1,"updated":0,"skipped":0,"errors":0,"durationMs":28}
{"timestamp":"2026-04-24T07:01:47.026Z","runId":22,"level":"info","phase":"post_migration_gl_validation","status":"start"}
{"timestamp":"2026-04-24T07:01:47.061Z","runId":22,"level":"info","phase":"post_migration_gl_validation","check":"E","name":"GL Account Types Canonical","passed":true,"errorCount":0,"errors":[]}
{"timestamp":"2026-04-24T07:01:47.061Z","runId":22,"level":"info","phase":"post_migration_gl_validation","check":"F","name":"All Accounts Typed","passed":true,"errorCount":0,"errors":[]}
{"timestamp":"2026-04-24T07:01:47.061Z","runId":22,"level":"warn","phase":"post_migration_gl_validation","check":"A","name":"Account Type Mismatches","passed":false,"errorCount":2,"errors":[{"accnr":6200,"source_accnr":6506200,"name":"INTERNAL PARTS REVENUE","actual_type_id":1,"actual_type_code":"INCOME","source_accclass":6,"expected_type_id":6,"message":"Account 6200 (source accnr 6506200, INTERNAL PARTS REVENUE): type_id=1 (INCOME) but ACCCLASS=6 → expected type_id=6"},{"accnr":6200,"source_accnr":6606200,"name":"INTERNAL PARTS REVENUE","actual_type_id":1,"actual_type_code":"INCOME","source_accclass":6,"expected_type_id":6,"message":"Account 6200 (source accnr 6606200, INTERNAL PARTS REVENUE): type_id=1 (INCOME) but ACCCLASS=6 → expected type_id=6"}]}
{"timestamp":"2026-04-24T07:01:47.062Z","runId":22,"level":"info","phase":"post_migration_gl_validation","check":"B","name":"Posting Line Type Alignment","passed":true,"errorCount":0,"errors":[]}
{"timestamp":"2026-04-24T07:01:47.062Z","runId":22,"level":"info","phase":"post_migration_gl_validation","check":"C","name":"Orphan / Invalid Postings","passed":true,"errorCount":0,"errors":[]}
{"timestamp":"2026-04-24T07:01:47.062Z","runId":22,"level":"info","phase":"post_migration_gl_validation","check":"D","name":"COS Integrity","passed":true,"errorCount":0,"errors":[]}
{"timestamp":"2026-04-24T07:01:47.062Z","runId":22,"level":"error","phase":"post_migration_gl_validation","status":"failed","message":"GL validation failed:\n  • [A] Account Type Mismatches: 2 error(s)"}
{"timestamp":"2026-04-24T07:01:47.066Z","runId":22,"level":"warn","phase":"post_migration_gl_validation","status":"error","error":"Data truncated for column 'status' at row 1","hint":"GL validation could not run — tables may not exist yet. Run 'Rebuild GL Accounts' to create them."}
{"timestamp":"2026-04-24T07:01:47.073Z","runId":22,"level":"info","phase":"run_finalize","status":"success"}
