{"timestamp":"2026-04-24T07:33:17.684Z","runId":23,"level":"info","phase":"run_start","dryRun":false,"batchSize":1000,"fkChecks":true,"tables":[{"table":"BANKS","mode":"INSERT","keyStrategy":"preserve","dedupeKeys":[],"onDuplicate":"SKIP","cleanBefore":true},{"table":"STOCK","mode":"INSERT","keyStrategy":"preserve","dedupeKeys":[],"onDuplicate":"SKIP","cleanBefore":true},{"table":"ACCOUNTS","mode":"INSERT","keyStrategy":"preserve","dedupeKeys":[],"onDuplicate":"SKIP","cleanBefore":true},{"table":"INVOICES","mode":"INSERT","keyStrategy":"preserve","dedupeKeys":[],"onDuplicate":"SKIP","cleanBefore":true},{"table":"LOCATION","mode":"INSERT","keyStrategy":"preserve","dedupeKeys":[],"onDuplicate":"SKIP","cleanBefore":true},{"table":"PAYMENTS","mode":"INSERT","keyStrategy":"preserve","dedupeKeys":[],"onDuplicate":"SKIP","cleanBefore":true},{"table":"ACC_CLASS","mode":"INSERT","keyStrategy":"preserve","dedupeKeys":[],"onDuplicate":"SKIP","cleanBefore":true},{"table":"CUSTOMERS","mode":"INSERT","keyStrategy":"preserve","dedupeKeys":[],"onDuplicate":"SKIP","cleanBefore":true},{"table":"SUPPLIERS","mode":"INSERT","keyStrategy":"preserve","dedupeKeys":[],"onDuplicate":"SKIP","cleanBefore":true},{"table":"WORK_DONE","mode":"INSERT","keyStrategy":"preserve","dedupeKeys":[],"onDuplicate":"SKIP","cleanBefore":true},{"table":"WIP_STATUS","mode":"INSERT","keyStrategy":"preserve","dedupeKeys":[],"onDuplicate":"SKIP","cleanBefore":true},{"table":"SPARES_USED","mode":"INSERT","keyStrategy":"preserve","dedupeKeys":[],"onDuplicate":"SKIP","cleanBefore":true},{"table":"CREDIT_NOTES","mode":"INSERT","keyStrategy":"preserve","dedupeKeys":[],"onDuplicate":"SKIP","cleanBefore":true},{"table":"INVOICE_ITEMS","mode":"INSERT","keyStrategy":"preserve","dedupeKeys":[],"onDuplicate":"SKIP","cleanBefore":true},{"table":"ACC_DEPARTMENT","mode":"INSERT","keyStrategy":"preserve","dedupeKeys":[],"onDuplicate":"SKIP","cleanBefore":true},{"table":"LABOUR_PRICING","mode":"INSERT","keyStrategy":"preserve","dedupeKeys":[],"onDuplicate":"SKIP","cleanBefore":true},{"table":"INVOICE_GENERAL","mode":"INSERT","keyStrategy":"preserve","dedupeKeys":[],"onDuplicate":"SKIP","cleanBefore":true},{"table":"JOB_INFORMATION","mode":"INSERT","keyStrategy":"preserve","dedupeKeys":[],"onDuplicate":"SKIP","cleanBefore":true},{"table":"INVOICES_SUPPLIER","mode":"INSERT","keyStrategy":"preserve","dedupeKeys":[],"onDuplicate":"SKIP","cleanBefore":true},{"table":"PAYMENTS_SUPPLIERS","mode":"INSERT","keyStrategy":"preserve","dedupeKeys":[],"onDuplicate":"SKIP","cleanBefore":true},{"table":"CREDIT_NOTES_SUPPLIER","mode":"INSERT","keyStrategy":"preserve","dedupeKeys":[],"onDuplicate":"SKIP","cleanBefore":true}]}
{"timestamp":"2026-04-24T07:33:17.685Z","runId":23,"level":"info","phase":"preflight","action":"firebird_config_check","host":"10.0.0.102","port":3050,"database":"C:\\Autoneer\\data\\AUTONEER.FDB","user":"SYSDBA","passwordSet":true,"passwordLength":9,"passwordSource":"state","useDefaultSysdbaMasterkey":true,"rawPasswordSet":true,"rawPasswordLength":9}
{"timestamp":"2026-04-24T07:33:17.769Z","runId":23,"level":"info","phase":"preflight","attempt":1,"status":"ok"}
{"timestamp":"2026-04-24T07:33:17.770Z","runId":23,"level":"debug","phase":"preflight","durationMs":85}
{"timestamp":"2026-04-24T07:33:17.770Z","runId":23,"level":"info","phase":"preflight","action":"nullability_validation","status":"start"}
{"timestamp":"2026-04-24T07:33:17.791Z","runId":23,"level":"info","phase":"preflight","action":"nullability_validation","status":"passed"}
{"timestamp":"2026-04-24T07:33:17.791Z","runId":23,"level":"info","phase":"preflight","action":"gl_account_types_seed","status":"start"}
{"timestamp":"2026-04-24T07:33:17.795Z","runId":23,"level":"info","phase":"preflight","action":"gl_account_types_seed","status":"passed"}
{"timestamp":"2026-04-24T07:33:17.941Z","runId":23,"level":"info","phase":"preflight","action":"accnr_conversion_map","source":"firebird","sourceTable":"ACCOUNTS","count":96}
{"timestamp":"2026-04-24T07:33:17.942Z","runId":23,"level":"debug","phase":"table_loop","action":"starting","includedCount":21,"mappingTableCount":21}
{"timestamp":"2026-04-24T07:33:17.942Z","runId":23,"level":"info","phase":"table_loop","action":"normalized_tables","sampleTables":["BANKS","STOCK","ACCOUNTS","INVOICES","LOCATION"]}
{"timestamp":"2026-04-24T07:33:17.942Z","runId":23,"level":"debug","phase":"table_loop","action":"processing","tableName":"banks","mappingTableKeys":["BANKS","CNOTE","STOCK","PRICING","ACCCLASS"]}
{"timestamp":"2026-04-24T07:33:17.942Z","runId":23,"level":"debug","phase":"table_loop","action":"mapping_resolved","tableName":"banks","hasMappingEntry":true,"mappingTarget":"BANKS"}
{"timestamp":"2026-04-24T07:33:17.942Z","runId":23,"level":"debug","phase":"mapping_debug","tableName":"banks","mappedSource":"BANKS","firebirdTableCount":191,"sampleFirebirdTables":["ACCCLASS","ACCDEPARTMENT","ACCOUNTLINKS","ACCOUNTS","ACCOUNT_OPENING"]}
{"timestamp":"2026-04-24T07:33:18.025Z","runId":23,"level":"debug","phase":"clean_decision","tableName":"banks","cleanBefore":true,"dryRun":false,"mode":"INSERT"}
{"timestamp":"2026-04-24T07:33:18.025Z","runId":23,"type":"table_cleaning_started","table":"banks","tableRunId":170}
{"timestamp":"2026-04-24T07:33:18.026Z","runId":23,"level":"info","phase":"clean","tableName":"banks","tableRunId":170,"status":"start"}
{"timestamp":"2026-04-24T07:33:18.026Z","runId":23,"level":"debug","phase":"clean","tableName":"banks","tableRunId":170,"action":"fk_checks_disabled"}
{"timestamp":"2026-04-24T07:33:18.056Z","runId":23,"level":"info","phase":"clean","tableName":"banks","tableRunId":170,"status":"success","method":"TRUNCATE","affectedRows":null,"postCount":0,"durationMs":30}
{"timestamp":"2026-04-24T07:33:18.065Z","runId":23,"type":"table_cleaned","table":"banks","tableRunId":170,"method":"TRUNCATE","affectedRows":null,"postCount":0}
{"timestamp":"2026-04-24T07:33:18.066Z","runId":23,"level":"debug","phase":"clean","tableName":"banks","tableRunId":170,"action":"fk_checks_restored"}
{"timestamp":"2026-04-24T07:33:18.066Z","runId":23,"level":"info","phase":"table_start","tableName":"banks","tableRunId":170,"mode":"INSERT","keyStrategy":"preserve","dedupeKeys":[]}
{"timestamp":"2026-04-24T07:33:18.143Z","runId":23,"level":"info","phase":"fetch","tableName":"banks","tableRunId":170,"sourceRows":1,"dateFilter":null}
{"timestamp":"2026-04-24T07:33:18.212Z","runId":23,"level":"debug","phase":"write","tableName":"banks","tableRunId":170,"status":"start","batchSize":1}
{"timestamp":"2026-04-24T07:33:18.216Z","runId":23,"level":"debug","phase":"write","tableName":"banks","tableRunId":170,"status":"end","inserted":1,"updated":0,"skipped":0,"durationMs":4}
{"timestamp":"2026-04-24T07:33:18.230Z","runId":23,"level":"info","phase":"table_finalize","tableName":"banks","tableRunId":170,"status":"success","inserted":1,"updated":0,"skipped":0,"errors":0,"durationMs":157}
{"timestamp":"2026-04-24T07:33:18.230Z","runId":23,"level":"debug","phase":"table_loop","action":"processing","tableName":"stock","mappingTableKeys":["BANKS","CNOTE","STOCK","PRICING","ACCCLASS"]}
{"timestamp":"2026-04-24T07:33:18.230Z","runId":23,"level":"debug","phase":"table_loop","action":"mapping_resolved","tableName":"stock","hasMappingEntry":true,"mappingTarget":"STOCK"}
{"timestamp":"2026-04-24T07:33:18.230Z","runId":23,"level":"debug","phase":"mapping_debug","tableName":"stock","mappedSource":"STOCK","firebirdTableCount":191,"sampleFirebirdTables":["ACCCLASS","ACCDEPARTMENT","ACCOUNTLINKS","ACCOUNTS","ACCOUNT_OPENING"]}
{"timestamp":"2026-04-24T07:33:18.290Z","runId":23,"level":"debug","phase":"clean_decision","tableName":"stock","cleanBefore":true,"dryRun":false,"mode":"INSERT"}
{"timestamp":"2026-04-24T07:33:18.290Z","runId":23,"type":"table_cleaning_started","table":"stock","tableRunId":171}
{"timestamp":"2026-04-24T07:33:18.290Z","runId":23,"level":"info","phase":"clean","tableName":"stock","tableRunId":171,"status":"start"}
{"timestamp":"2026-04-24T07:33:18.291Z","runId":23,"level":"debug","phase":"clean","tableName":"stock","tableRunId":171,"action":"fk_checks_disabled"}
{"timestamp":"2026-04-24T07:33:18.332Z","runId":23,"level":"info","phase":"clean","tableName":"stock","tableRunId":171,"status":"success","method":"TRUNCATE","affectedRows":null,"postCount":0,"durationMs":42}
{"timestamp":"2026-04-24T07:33:18.337Z","runId":23,"type":"table_cleaned","table":"stock","tableRunId":171,"method":"TRUNCATE","affectedRows":null,"postCount":0}
{"timestamp":"2026-04-24T07:33:18.338Z","runId":23,"level":"debug","phase":"clean","tableName":"stock","tableRunId":171,"action":"fk_checks_restored"}
{"timestamp":"2026-04-24T07:33:18.338Z","runId":23,"level":"info","phase":"table_start","tableName":"stock","tableRunId":171,"mode":"INSERT","keyStrategy":"preserve","dedupeKeys":[]}
{"timestamp":"2026-04-24T07:33:18.425Z","runId":23,"level":"info","phase":"fetch","tableName":"stock","tableRunId":171,"sourceRows":12148,"dateFilter":null}
{"timestamp":"2026-04-24T07:33:18.644Z","runId":23,"level":"debug","phase":"write","tableName":"stock","tableRunId":171,"status":"start","batchSize":1000}
{"timestamp":"2026-04-24T07:33:18.700Z","runId":23,"level":"debug","phase":"write","tableName":"stock","tableRunId":171,"status":"end","inserted":1000,"updated":0,"skipped":0,"durationMs":56}
{"timestamp":"2026-04-24T07:33:18.895Z","runId":23,"level":"debug","phase":"write","tableName":"stock","tableRunId":171,"status":"start","batchSize":1000}
{"timestamp":"2026-04-24T07:33:18.955Z","runId":23,"level":"debug","phase":"write","tableName":"stock","tableRunId":171,"status":"end","inserted":1000,"updated":0,"skipped":0,"durationMs":60}
{"timestamp":"2026-04-24T07:33:19.168Z","runId":23,"level":"debug","phase":"write","tableName":"stock","tableRunId":171,"status":"start","batchSize":1000}
{"timestamp":"2026-04-24T07:33:19.222Z","runId":23,"level":"debug","phase":"write","tableName":"stock","tableRunId":171,"status":"end","inserted":1000,"updated":0,"skipped":0,"durationMs":54}
{"timestamp":"2026-04-24T07:33:19.424Z","runId":23,"level":"debug","phase":"write","tableName":"stock","tableRunId":171,"status":"start","batchSize":1000}
{"timestamp":"2026-04-24T07:33:19.466Z","runId":23,"level":"debug","phase":"write","tableName":"stock","tableRunId":171,"status":"end","inserted":1000,"updated":0,"skipped":0,"durationMs":42}
{"timestamp":"2026-04-24T07:33:19.677Z","runId":23,"level":"debug","phase":"write","tableName":"stock","tableRunId":171,"status":"start","batchSize":1000}
{"timestamp":"2026-04-24T07:33:19.717Z","runId":23,"level":"debug","phase":"write","tableName":"stock","tableRunId":171,"status":"end","inserted":1000,"updated":0,"skipped":0,"durationMs":40}
{"timestamp":"2026-04-24T07:33:20.614Z","runId":23,"level":"debug","phase":"write","tableName":"stock","tableRunId":171,"status":"start","batchSize":1000}
{"timestamp":"2026-04-24T07:33:20.655Z","runId":23,"level":"debug","phase":"write","tableName":"stock","tableRunId":171,"status":"end","inserted":1000,"updated":0,"skipped":0,"durationMs":41}
{"timestamp":"2026-04-24T07:33:20.895Z","runId":23,"level":"debug","phase":"write","tableName":"stock","tableRunId":171,"status":"start","batchSize":1000}
{"timestamp":"2026-04-24T07:33:20.948Z","runId":23,"level":"debug","phase":"write","tableName":"stock","tableRunId":171,"status":"end","inserted":1000,"updated":0,"skipped":0,"durationMs":53}
{"timestamp":"2026-04-24T07:33:21.180Z","runId":23,"level":"debug","phase":"write","tableName":"stock","tableRunId":171,"status":"start","batchSize":1000}
{"timestamp":"2026-04-24T07:33:21.216Z","runId":23,"level":"debug","phase":"write","tableName":"stock","tableRunId":171,"status":"end","inserted":1000,"updated":0,"skipped":0,"durationMs":36}
{"timestamp":"2026-04-24T07:33:21.445Z","runId":23,"level":"debug","phase":"write","tableName":"stock","tableRunId":171,"status":"start","batchSize":1000}
{"timestamp":"2026-04-24T07:33:21.483Z","runId":23,"level":"debug","phase":"write","tableName":"stock","tableRunId":171,"status":"end","inserted":1000,"updated":0,"skipped":0,"durationMs":38}
{"timestamp":"2026-04-24T07:33:21.712Z","runId":23,"level":"debug","phase":"write","tableName":"stock","tableRunId":171,"status":"start","batchSize":1000}
{"timestamp":"2026-04-24T07:33:21.746Z","runId":23,"level":"debug","phase":"write","tableName":"stock","tableRunId":171,"status":"end","inserted":1000,"updated":0,"skipped":0,"durationMs":34}
{"timestamp":"2026-04-24T07:33:21.973Z","runId":23,"level":"debug","phase":"write","tableName":"stock","tableRunId":171,"status":"start","batchSize":1000}
{"timestamp":"2026-04-24T07:33:22.042Z","runId":23,"level":"debug","phase":"write","tableName":"stock","tableRunId":171,"status":"end","inserted":1000,"updated":0,"skipped":0,"durationMs":69}
{"timestamp":"2026-04-24T07:33:22.312Z","runId":23,"level":"debug","phase":"write","tableName":"stock","tableRunId":171,"status":"start","batchSize":1000}
{"timestamp":"2026-04-24T07:33:22.351Z","runId":23,"level":"debug","phase":"write","tableName":"stock","tableRunId":171,"status":"end","inserted":1000,"updated":0,"skipped":0,"durationMs":39}
{"timestamp":"2026-04-24T07:33:22.560Z","runId":23,"level":"debug","phase":"write","tableName":"stock","tableRunId":171,"status":"start","batchSize":148}
{"timestamp":"2026-04-24T07:33:22.572Z","runId":23,"level":"debug","phase":"write","tableName":"stock","tableRunId":171,"status":"end","inserted":148,"updated":0,"skipped":0,"durationMs":12}
{"timestamp":"2026-04-24T07:33:22.586Z","runId":23,"level":"info","phase":"table_finalize","tableName":"stock","tableRunId":171,"status":"success","inserted":12148,"updated":0,"skipped":0,"errors":0,"durationMs":4242}
{"timestamp":"2026-04-24T07:33:22.587Z","runId":23,"level":"debug","phase":"table_loop","action":"processing","tableName":"accounts","mappingTableKeys":["BANKS","CNOTE","STOCK","PRICING","ACCCLASS"]}
{"timestamp":"2026-04-24T07:33:22.587Z","runId":23,"level":"debug","phase":"table_loop","action":"mapping_resolved","tableName":"accounts","hasMappingEntry":true,"mappingTarget":"ACCOUNTS"}
{"timestamp":"2026-04-24T07:33:22.587Z","runId":23,"level":"debug","phase":"mapping_debug","tableName":"accounts","mappedSource":"ACCOUNTS","firebirdTableCount":191,"sampleFirebirdTables":["ACCCLASS","ACCDEPARTMENT","ACCOUNTLINKS","ACCOUNTS","ACCOUNT_OPENING"]}
{"timestamp":"2026-04-24T07:33:22.658Z","runId":23,"level":"debug","phase":"clean_decision","tableName":"accounts","cleanBefore":true,"dryRun":false,"mode":"INSERT"}
{"timestamp":"2026-04-24T07:33:22.658Z","runId":23,"type":"table_cleaning_started","table":"accounts","tableRunId":172}
{"timestamp":"2026-04-24T07:33:22.658Z","runId":23,"level":"info","phase":"clean","tableName":"accounts","tableRunId":172,"status":"start"}
{"timestamp":"2026-04-24T07:33:22.659Z","runId":23,"level":"debug","phase":"clean","tableName":"accounts","tableRunId":172,"action":"fk_checks_disabled"}
{"timestamp":"2026-04-24T07:33:22.693Z","runId":23,"level":"info","phase":"clean","tableName":"accounts","tableRunId":172,"status":"success","method":"TRUNCATE","affectedRows":null,"postCount":0,"durationMs":35}
{"timestamp":"2026-04-24T07:33:22.699Z","runId":23,"type":"table_cleaned","table":"accounts","tableRunId":172,"method":"TRUNCATE","affectedRows":null,"postCount":0}
{"timestamp":"2026-04-24T07:33:22.700Z","runId":23,"level":"debug","phase":"clean","tableName":"accounts","tableRunId":172,"action":"fk_checks_restored"}
{"timestamp":"2026-04-24T07:33:22.700Z","runId":23,"level":"info","phase":"table_start","tableName":"accounts","tableRunId":172,"mode":"INSERT","keyStrategy":"preserve","dedupeKeys":[]}
{"timestamp":"2026-04-24T07:33:22.775Z","runId":23,"level":"info","phase":"fetch","tableName":"accounts","tableRunId":172,"sourceRows":119,"dateFilter":null}
{"timestamp":"2026-04-24T07:33:22.854Z","runId":23,"level":"debug","phase":"write","tableName":"accounts","tableRunId":172,"status":"start","batchSize":119}
{"timestamp":"2026-04-24T07:33:22.866Z","runId":23,"level":"debug","phase":"write","tableName":"accounts","tableRunId":172,"status":"end","inserted":93,"updated":0,"skipped":26,"durationMs":12}
{"timestamp":"2026-04-24T07:33:22.881Z","runId":23,"level":"info","phase":"table_finalize","tableName":"accounts","tableRunId":172,"status":"success","inserted":93,"updated":0,"skipped":26,"errors":0,"durationMs":175}
{"timestamp":"2026-04-24T07:33:22.882Z","runId":23,"level":"debug","phase":"table_loop","action":"processing","tableName":"invoices","mappingTableKeys":["BANKS","CNOTE","STOCK","PRICING","ACCCLASS"]}
{"timestamp":"2026-04-24T07:33:22.882Z","runId":23,"level":"debug","phase":"table_loop","action":"mapping_resolved","tableName":"invoices","hasMappingEntry":true,"mappingTarget":"INVOICES"}
{"timestamp":"2026-04-24T07:33:22.882Z","runId":23,"level":"debug","phase":"mapping_debug","tableName":"invoices","mappedSource":"INVOICES","firebirdTableCount":191,"sampleFirebirdTables":["ACCCLASS","ACCDEPARTMENT","ACCOUNTLINKS","ACCOUNTS","ACCOUNT_OPENING"]}
{"timestamp":"2026-04-24T07:33:22.954Z","runId":23,"level":"debug","phase":"clean_decision","tableName":"invoices","cleanBefore":true,"dryRun":false,"mode":"INSERT"}
{"timestamp":"2026-04-24T07:33:22.954Z","runId":23,"type":"table_cleaning_started","table":"invoices","tableRunId":173}
{"timestamp":"2026-04-24T07:33:22.954Z","runId":23,"level":"info","phase":"clean","tableName":"invoices","tableRunId":173,"status":"start"}
{"timestamp":"2026-04-24T07:33:22.955Z","runId":23,"level":"debug","phase":"clean","tableName":"invoices","tableRunId":173,"action":"fk_checks_disabled"}
{"timestamp":"2026-04-24T07:33:23.011Z","runId":23,"level":"info","phase":"clean","tableName":"invoices","tableRunId":173,"status":"success","method":"TRUNCATE","affectedRows":null,"postCount":0,"durationMs":57}
{"timestamp":"2026-04-24T07:33:23.017Z","runId":23,"type":"table_cleaned","table":"invoices","tableRunId":173,"method":"TRUNCATE","affectedRows":null,"postCount":0}
{"timestamp":"2026-04-24T07:33:23.018Z","runId":23,"level":"debug","phase":"clean","tableName":"invoices","tableRunId":173,"action":"fk_checks_restored"}
{"timestamp":"2026-04-24T07:33:23.018Z","runId":23,"level":"info","phase":"table_start","tableName":"invoices","tableRunId":173,"mode":"INSERT","keyStrategy":"preserve","dedupeKeys":[]}
{"timestamp":"2026-04-24T07:33:23.105Z","runId":23,"level":"info","phase":"fetch","tableName":"invoices","tableRunId":173,"sourceRows":20656,"dateFilter":null}
{"timestamp":"2026-04-24T07:33:23.380Z","runId":23,"level":"debug","phase":"write","tableName":"invoices","tableRunId":173,"status":"start","batchSize":1000}
{"timestamp":"2026-04-24T07:33:23.440Z","runId":23,"level":"debug","phase":"write","tableName":"invoices","tableRunId":173,"status":"end","inserted":997,"updated":0,"skipped":3,"durationMs":60}
{"timestamp":"2026-04-24T07:33:23.731Z","runId":23,"level":"debug","phase":"write","tableName":"invoices","tableRunId":173,"status":"start","batchSize":1000}
{"timestamp":"2026-04-24T07:33:23.821Z","runId":23,"level":"debug","phase":"write","tableName":"invoices","tableRunId":173,"status":"end","inserted":999,"updated":0,"skipped":1,"durationMs":90}
{"timestamp":"2026-04-24T07:33:24.091Z","runId":23,"level":"debug","phase":"write","tableName":"invoices","tableRunId":173,"status":"start","batchSize":1000}
{"timestamp":"2026-04-24T07:33:24.130Z","runId":23,"level":"debug","phase":"write","tableName":"invoices","tableRunId":173,"status":"end","inserted":1000,"updated":0,"skipped":0,"durationMs":39}
{"timestamp":"2026-04-24T07:33:24.406Z","runId":23,"level":"debug","phase":"write","tableName":"invoices","tableRunId":173,"status":"start","batchSize":1000}
{"timestamp":"2026-04-24T07:33:24.451Z","runId":23,"level":"debug","phase":"write","tableName":"invoices","tableRunId":173,"status":"end","inserted":1000,"updated":0,"skipped":0,"durationMs":45}
{"timestamp":"2026-04-24T07:33:24.766Z","runId":23,"level":"debug","phase":"write","tableName":"invoices","tableRunId":173,"status":"start","batchSize":1000}
{"timestamp":"2026-04-24T07:33:24.814Z","runId":23,"level":"debug","phase":"write","tableName":"invoices","tableRunId":173,"status":"end","inserted":1000,"updated":0,"skipped":0,"durationMs":48}
{"timestamp":"2026-04-24T07:33:25.109Z","runId":23,"level":"debug","phase":"write","tableName":"invoices","tableRunId":173,"status":"start","batchSize":1000}
{"timestamp":"2026-04-24T07:33:25.161Z","runId":23,"level":"debug","phase":"write","tableName":"invoices","tableRunId":173,"status":"end","inserted":1000,"updated":0,"skipped":0,"durationMs":52}
{"timestamp":"2026-04-24T07:33:25.459Z","runId":23,"level":"debug","phase":"write","tableName":"invoices","tableRunId":173,"status":"start","batchSize":1000}
{"timestamp":"2026-04-24T07:33:25.501Z","runId":23,"level":"debug","phase":"write","tableName":"invoices","tableRunId":173,"status":"end","inserted":1000,"updated":0,"skipped":0,"durationMs":42}
{"timestamp":"2026-04-24T07:33:25.797Z","runId":23,"level":"debug","phase":"write","tableName":"invoices","tableRunId":173,"status":"start","batchSize":1000}
{"timestamp":"2026-04-24T07:33:25.839Z","runId":23,"level":"debug","phase":"write","tableName":"invoices","tableRunId":173,"status":"end","inserted":979,"updated":0,"skipped":21,"durationMs":42}
{"timestamp":"2026-04-24T07:33:26.125Z","runId":23,"level":"debug","phase":"write","tableName":"invoices","tableRunId":173,"status":"start","batchSize":1000}
{"timestamp":"2026-04-24T07:33:26.185Z","runId":23,"level":"debug","phase":"write","tableName":"invoices","tableRunId":173,"status":"end","inserted":990,"updated":0,"skipped":10,"durationMs":60}
{"timestamp":"2026-04-24T07:33:26.472Z","runId":23,"level":"debug","phase":"write","tableName":"invoices","tableRunId":173,"status":"start","batchSize":1000}
{"timestamp":"2026-04-24T07:33:26.516Z","runId":23,"level":"debug","phase":"write","tableName":"invoices","tableRunId":173,"status":"end","inserted":967,"updated":0,"skipped":33,"durationMs":44}
{"timestamp":"2026-04-24T07:33:26.829Z","runId":23,"level":"debug","phase":"write","tableName":"invoices","tableRunId":173,"status":"start","batchSize":1000}
{"timestamp":"2026-04-24T07:33:26.869Z","runId":23,"level":"debug","phase":"write","tableName":"invoices","tableRunId":173,"status":"end","inserted":995,"updated":0,"skipped":5,"durationMs":40}
{"timestamp":"2026-04-24T07:33:27.167Z","runId":23,"level":"debug","phase":"write","tableName":"invoices","tableRunId":173,"status":"start","batchSize":1000}
{"timestamp":"2026-04-24T07:33:27.209Z","runId":23,"level":"debug","phase":"write","tableName":"invoices","tableRunId":173,"status":"end","inserted":1000,"updated":0,"skipped":0,"durationMs":42}
{"timestamp":"2026-04-24T07:33:27.514Z","runId":23,"level":"debug","phase":"write","tableName":"invoices","tableRunId":173,"status":"start","batchSize":1000}
{"timestamp":"2026-04-24T07:33:27.566Z","runId":23,"level":"debug","phase":"write","tableName":"invoices","tableRunId":173,"status":"end","inserted":992,"updated":0,"skipped":8,"durationMs":52}
{"timestamp":"2026-04-24T07:33:27.875Z","runId":23,"level":"debug","phase":"write","tableName":"invoices","tableRunId":173,"status":"start","batchSize":1000}
{"timestamp":"2026-04-24T07:33:27.914Z","runId":23,"level":"debug","phase":"write","tableName":"invoices","tableRunId":173,"status":"end","inserted":933,"updated":0,"skipped":67,"durationMs":39}
{"timestamp":"2026-04-24T07:33:28.221Z","runId":23,"level":"debug","phase":"write","tableName":"invoices","tableRunId":173,"status":"start","batchSize":1000}
{"timestamp":"2026-04-24T07:33:28.267Z","runId":23,"level":"debug","phase":"write","tableName":"invoices","tableRunId":173,"status":"end","inserted":937,"updated":0,"skipped":63,"durationMs":46}
{"timestamp":"2026-04-24T07:33:28.577Z","runId":23,"level":"debug","phase":"write","tableName":"invoices","tableRunId":173,"status":"start","batchSize":1000}
{"timestamp":"2026-04-24T07:33:28.614Z","runId":23,"level":"debug","phase":"write","tableName":"invoices","tableRunId":173,"status":"end","inserted":850,"updated":0,"skipped":150,"durationMs":37}
{"timestamp":"2026-04-24T07:33:28.880Z","runId":23,"level":"debug","phase":"write","tableName":"invoices","tableRunId":173,"status":"start","batchSize":1000}
{"timestamp":"2026-04-24T07:33:28.936Z","runId":23,"level":"debug","phase":"write","tableName":"invoices","tableRunId":173,"status":"end","inserted":895,"updated":0,"skipped":105,"durationMs":56}
{"timestamp":"2026-04-24T07:33:29.226Z","runId":23,"level":"debug","phase":"write","tableName":"invoices","tableRunId":173,"status":"start","batchSize":1000}
{"timestamp":"2026-04-24T07:33:29.266Z","runId":23,"level":"debug","phase":"write","tableName":"invoices","tableRunId":173,"status":"end","inserted":950,"updated":0,"skipped":50,"durationMs":40}
{"timestamp":"2026-04-24T07:33:29.557Z","runId":23,"level":"debug","phase":"write","tableName":"invoices","tableRunId":173,"status":"start","batchSize":1000}
{"timestamp":"2026-04-24T07:33:29.594Z","runId":23,"level":"debug","phase":"write","tableName":"invoices","tableRunId":173,"status":"end","inserted":907,"updated":0,"skipped":93,"durationMs":37}
{"timestamp":"2026-04-24T07:33:29.890Z","runId":23,"level":"debug","phase":"write","tableName":"invoices","tableRunId":173,"status":"start","batchSize":1000}
{"timestamp":"2026-04-24T07:33:29.934Z","runId":23,"level":"debug","phase":"write","tableName":"invoices","tableRunId":173,"status":"end","inserted":957,"updated":0,"skipped":43,"durationMs":44}
{"timestamp":"2026-04-24T07:33:30.222Z","runId":23,"level":"debug","phase":"write","tableName":"invoices","tableRunId":173,"status":"start","batchSize":656}
{"timestamp":"2026-04-24T07:33:30.250Z","runId":23,"level":"debug","phase":"write","tableName":"invoices","tableRunId":173,"status":"end","inserted":540,"updated":0,"skipped":116,"durationMs":28}
{"timestamp":"2026-04-24T07:33:30.257Z","runId":23,"level":"info","phase":"table_finalize","tableName":"invoices","tableRunId":173,"status":"success","inserted":19888,"updated":0,"skipped":768,"errors":0,"durationMs":7236}
{"timestamp":"2026-04-24T07:33:30.258Z","runId":23,"level":"debug","phase":"table_loop","action":"processing","tableName":"location","mappingTableKeys":["BANKS","CNOTE","STOCK","PRICING","ACCCLASS"]}
{"timestamp":"2026-04-24T07:33:30.258Z","runId":23,"level":"debug","phase":"table_loop","action":"mapping_resolved","tableName":"location","hasMappingEntry":true,"mappingTarget":"LOCATION"}
{"timestamp":"2026-04-24T07:33:30.258Z","runId":23,"level":"debug","phase":"mapping_debug","tableName":"location","mappedSource":"LOCATION","firebirdTableCount":191,"sampleFirebirdTables":["ACCCLASS","ACCDEPARTMENT","ACCOUNTLINKS","ACCOUNTS","ACCOUNT_OPENING"]}
{"timestamp":"2026-04-24T07:33:30.325Z","runId":23,"level":"debug","phase":"clean_decision","tableName":"location","cleanBefore":true,"dryRun":false,"mode":"INSERT"}
{"timestamp":"2026-04-24T07:33:30.325Z","runId":23,"type":"table_cleaning_started","table":"location","tableRunId":174}
{"timestamp":"2026-04-24T07:33:30.325Z","runId":23,"level":"info","phase":"clean","tableName":"location","tableRunId":174,"status":"start"}
{"timestamp":"2026-04-24T07:33:30.326Z","runId":23,"level":"debug","phase":"clean","tableName":"location","tableRunId":174,"action":"fk_checks_disabled"}
{"timestamp":"2026-04-24T07:33:30.347Z","runId":23,"level":"info","phase":"clean","tableName":"location","tableRunId":174,"status":"success","method":"TRUNCATE","affectedRows":null,"postCount":0,"durationMs":22}
{"timestamp":"2026-04-24T07:33:30.351Z","runId":23,"type":"table_cleaned","table":"location","tableRunId":174,"method":"TRUNCATE","affectedRows":null,"postCount":0}
{"timestamp":"2026-04-24T07:33:30.352Z","runId":23,"level":"debug","phase":"clean","tableName":"location","tableRunId":174,"action":"fk_checks_restored"}
{"timestamp":"2026-04-24T07:33:30.352Z","runId":23,"level":"info","phase":"table_start","tableName":"location","tableRunId":174,"mode":"INSERT","keyStrategy":"preserve","dedupeKeys":[]}
{"timestamp":"2026-04-24T07:33:30.423Z","runId":23,"level":"info","phase":"fetch","tableName":"location","tableRunId":174,"sourceRows":22,"dateFilter":null}
{"timestamp":"2026-04-24T07:33:30.484Z","runId":23,"level":"debug","phase":"write","tableName":"location","tableRunId":174,"status":"start","batchSize":22}
{"timestamp":"2026-04-24T07:33:30.487Z","runId":23,"level":"debug","phase":"write","tableName":"location","tableRunId":174,"status":"end","inserted":22,"updated":0,"skipped":0,"durationMs":3}
{"timestamp":"2026-04-24T07:33:30.497Z","runId":23,"level":"info","phase":"table_finalize","tableName":"location","tableRunId":174,"status":"success","inserted":22,"updated":0,"skipped":0,"errors":0,"durationMs":140}
{"timestamp":"2026-04-24T07:33:30.497Z","runId":23,"level":"debug","phase":"table_loop","action":"processing","tableName":"payments","mappingTableKeys":["BANKS","CNOTE","STOCK","PRICING","ACCCLASS"]}
{"timestamp":"2026-04-24T07:33:30.497Z","runId":23,"level":"debug","phase":"table_loop","action":"mapping_resolved","tableName":"payments","hasMappingEntry":true,"mappingTarget":"PAYMENTS"}
{"timestamp":"2026-04-24T07:33:30.497Z","runId":23,"level":"debug","phase":"mapping_debug","tableName":"payments","mappedSource":"PAYMENTS","firebirdTableCount":191,"sampleFirebirdTables":["ACCCLASS","ACCDEPARTMENT","ACCOUNTLINKS","ACCOUNTS","ACCOUNT_OPENING"]}
{"timestamp":"2026-04-24T07:33:30.561Z","runId":23,"level":"debug","phase":"clean_decision","tableName":"payments","cleanBefore":true,"dryRun":false,"mode":"INSERT"}
{"timestamp":"2026-04-24T07:33:30.561Z","runId":23,"type":"table_cleaning_started","table":"payments","tableRunId":175}
{"timestamp":"2026-04-24T07:33:30.562Z","runId":23,"level":"info","phase":"clean","tableName":"payments","tableRunId":175,"status":"start"}
{"timestamp":"2026-04-24T07:33:30.562Z","runId":23,"level":"debug","phase":"clean","tableName":"payments","tableRunId":175,"action":"fk_checks_disabled"}
{"timestamp":"2026-04-24T07:33:30.606Z","runId":23,"level":"info","phase":"clean","tableName":"payments","tableRunId":175,"status":"success","method":"TRUNCATE","affectedRows":null,"postCount":0,"durationMs":44}
{"timestamp":"2026-04-24T07:33:30.610Z","runId":23,"type":"table_cleaned","table":"payments","tableRunId":175,"method":"TRUNCATE","affectedRows":null,"postCount":0}
{"timestamp":"2026-04-24T07:33:30.610Z","runId":23,"level":"debug","phase":"clean","tableName":"payments","tableRunId":175,"action":"fk_checks_restored"}
{"timestamp":"2026-04-24T07:33:30.610Z","runId":23,"level":"info","phase":"table_start","tableName":"payments","tableRunId":175,"mode":"INSERT","keyStrategy":"preserve","dedupeKeys":[]}
{"timestamp":"2026-04-24T07:33:30.693Z","runId":23,"level":"info","phase":"fetch","tableName":"payments","tableRunId":175,"sourceRows":15287,"dateFilter":null}
{"timestamp":"2026-04-24T07:33:30.780Z","runId":23,"level":"debug","phase":"write","tableName":"payments","tableRunId":175,"status":"start","batchSize":1000}
{"timestamp":"2026-04-24T07:33:30.821Z","runId":23,"level":"debug","phase":"write","tableName":"payments","tableRunId":175,"status":"end","inserted":1000,"updated":0,"skipped":0,"durationMs":41}
{"timestamp":"2026-04-24T07:33:30.908Z","runId":23,"level":"debug","phase":"write","tableName":"payments","tableRunId":175,"status":"start","batchSize":1000}
{"timestamp":"2026-04-24T07:33:30.961Z","runId":23,"level":"debug","phase":"write","tableName":"payments","tableRunId":175,"status":"end","inserted":1000,"updated":0,"skipped":0,"durationMs":53}
{"timestamp":"2026-04-24T07:33:31.055Z","runId":23,"level":"debug","phase":"write","tableName":"payments","tableRunId":175,"status":"start","batchSize":1000}
{"timestamp":"2026-04-24T07:33:31.100Z","runId":23,"level":"debug","phase":"write","tableName":"payments","tableRunId":175,"status":"end","inserted":1000,"updated":0,"skipped":0,"durationMs":45}
{"timestamp":"2026-04-24T07:33:31.195Z","runId":23,"level":"debug","phase":"write","tableName":"payments","tableRunId":175,"status":"start","batchSize":1000}
{"timestamp":"2026-04-24T07:33:31.222Z","runId":23,"level":"debug","phase":"write","tableName":"payments","tableRunId":175,"status":"end","inserted":1000,"updated":0,"skipped":0,"durationMs":27}
{"timestamp":"2026-04-24T07:33:31.313Z","runId":23,"level":"debug","phase":"write","tableName":"payments","tableRunId":175,"status":"start","batchSize":1000}
{"timestamp":"2026-04-24T07:33:31.348Z","runId":23,"level":"debug","phase":"write","tableName":"payments","tableRunId":175,"status":"end","inserted":1000,"updated":0,"skipped":0,"durationMs":35}
{"timestamp":"2026-04-24T07:33:31.442Z","runId":23,"level":"debug","phase":"write","tableName":"payments","tableRunId":175,"status":"start","batchSize":1000}
{"timestamp":"2026-04-24T07:33:31.498Z","runId":23,"level":"debug","phase":"write","tableName":"payments","tableRunId":175,"status":"end","inserted":1000,"updated":0,"skipped":0,"durationMs":56}
{"timestamp":"2026-04-24T07:33:31.605Z","runId":23,"level":"debug","phase":"write","tableName":"payments","tableRunId":175,"status":"start","batchSize":1000}
{"timestamp":"2026-04-24T07:33:31.641Z","runId":23,"level":"debug","phase":"write","tableName":"payments","tableRunId":175,"status":"end","inserted":1000,"updated":0,"skipped":0,"durationMs":36}
{"timestamp":"2026-04-24T07:33:31.751Z","runId":23,"level":"debug","phase":"write","tableName":"payments","tableRunId":175,"status":"start","batchSize":1000}
{"timestamp":"2026-04-24T07:33:31.782Z","runId":23,"level":"debug","phase":"write","tableName":"payments","tableRunId":175,"status":"end","inserted":1000,"updated":0,"skipped":0,"durationMs":31}
{"timestamp":"2026-04-24T07:33:31.885Z","runId":23,"level":"debug","phase":"write","tableName":"payments","tableRunId":175,"status":"start","batchSize":1000}
{"timestamp":"2026-04-24T07:33:31.914Z","runId":23,"level":"debug","phase":"write","tableName":"payments","tableRunId":175,"status":"end","inserted":1000,"updated":0,"skipped":0,"durationMs":29}
{"timestamp":"2026-04-24T07:33:32.031Z","runId":23,"level":"debug","phase":"write","tableName":"payments","tableRunId":175,"status":"start","batchSize":1000}
{"timestamp":"2026-04-24T07:33:32.065Z","runId":23,"level":"debug","phase":"write","tableName":"payments","tableRunId":175,"status":"end","inserted":1000,"updated":0,"skipped":0,"durationMs":34}
{"timestamp":"2026-04-24T07:33:32.173Z","runId":23,"level":"debug","phase":"write","tableName":"payments","tableRunId":175,"status":"start","batchSize":1000}
{"timestamp":"2026-04-24T07:33:32.223Z","runId":23,"level":"debug","phase":"write","tableName":"payments","tableRunId":175,"status":"end","inserted":1000,"updated":0,"skipped":0,"durationMs":50}
{"timestamp":"2026-04-24T07:33:32.334Z","runId":23,"level":"debug","phase":"write","tableName":"payments","tableRunId":175,"status":"start","batchSize":1000}
{"timestamp":"2026-04-24T07:33:32.363Z","runId":23,"level":"debug","phase":"write","tableName":"payments","tableRunId":175,"status":"end","inserted":1000,"updated":0,"skipped":0,"durationMs":29}
{"timestamp":"2026-04-24T07:33:33.070Z","runId":23,"level":"debug","phase":"write","tableName":"payments","tableRunId":175,"status":"start","batchSize":1000}
{"timestamp":"2026-04-24T07:33:33.101Z","runId":23,"level":"debug","phase":"write","tableName":"payments","tableRunId":175,"status":"end","inserted":1000,"updated":0,"skipped":0,"durationMs":31}
{"timestamp":"2026-04-24T07:33:33.214Z","runId":23,"level":"debug","phase":"write","tableName":"payments","tableRunId":175,"status":"start","batchSize":1000}
{"timestamp":"2026-04-24T07:33:33.243Z","runId":23,"level":"debug","phase":"write","tableName":"payments","tableRunId":175,"status":"end","inserted":1000,"updated":0,"skipped":0,"durationMs":29}
{"timestamp":"2026-04-24T07:33:33.367Z","runId":23,"level":"debug","phase":"write","tableName":"payments","tableRunId":175,"status":"start","batchSize":1000}
{"timestamp":"2026-04-24T07:33:33.398Z","runId":23,"level":"debug","phase":"write","tableName":"payments","tableRunId":175,"status":"end","inserted":1000,"updated":0,"skipped":0,"durationMs":31}
{"timestamp":"2026-04-24T07:33:33.505Z","runId":23,"level":"debug","phase":"write","tableName":"payments","tableRunId":175,"status":"start","batchSize":287}
{"timestamp":"2026-04-24T07:33:33.519Z","runId":23,"level":"debug","phase":"write","tableName":"payments","tableRunId":175,"status":"end","inserted":287,"updated":0,"skipped":0,"durationMs":14}
{"timestamp":"2026-04-24T07:33:33.528Z","runId":23,"level":"info","phase":"table_finalize","tableName":"payments","tableRunId":175,"status":"success","inserted":15287,"updated":0,"skipped":0,"errors":0,"durationMs":2914}
{"timestamp":"2026-04-24T07:33:33.528Z","runId":23,"level":"debug","phase":"table_loop","action":"processing","tableName":"acc_class","mappingTableKeys":["BANKS","CNOTE","STOCK","PRICING","ACCCLASS"]}
{"timestamp":"2026-04-24T07:33:33.528Z","runId":23,"level":"debug","phase":"table_loop","action":"mapping_resolved","tableName":"acc_class","hasMappingEntry":true,"mappingTarget":"ACC_CLASS"}
{"timestamp":"2026-04-24T07:33:33.528Z","runId":23,"level":"debug","phase":"mapping_debug","tableName":"acc_class","mappedSource":"ACCCLASS","firebirdTableCount":191,"sampleFirebirdTables":["ACCCLASS","ACCDEPARTMENT","ACCOUNTLINKS","ACCOUNTS","ACCOUNT_OPENING"]}
{"timestamp":"2026-04-24T07:33:33.602Z","runId":23,"level":"debug","phase":"clean_decision","tableName":"acc_class","cleanBefore":true,"dryRun":false,"mode":"INSERT"}
{"timestamp":"2026-04-24T07:33:33.602Z","runId":23,"type":"table_cleaning_started","table":"acc_class","tableRunId":176}
{"timestamp":"2026-04-24T07:33:33.603Z","runId":23,"level":"info","phase":"clean","tableName":"acc_class","tableRunId":176,"status":"start"}
{"timestamp":"2026-04-24T07:33:33.603Z","runId":23,"level":"debug","phase":"clean","tableName":"acc_class","tableRunId":176,"action":"fk_checks_disabled"}
{"timestamp":"2026-04-24T07:33:33.625Z","runId":23,"level":"info","phase":"clean","tableName":"acc_class","tableRunId":176,"status":"success","method":"TRUNCATE","affectedRows":null,"postCount":0,"durationMs":22}
{"timestamp":"2026-04-24T07:33:33.629Z","runId":23,"type":"table_cleaned","table":"acc_class","tableRunId":176,"method":"TRUNCATE","affectedRows":null,"postCount":0}
{"timestamp":"2026-04-24T07:33:33.630Z","runId":23,"level":"debug","phase":"clean","tableName":"acc_class","tableRunId":176,"action":"fk_checks_restored"}
{"timestamp":"2026-04-24T07:33:33.630Z","runId":23,"level":"info","phase":"table_start","tableName":"acc_class","tableRunId":176,"mode":"INSERT","keyStrategy":"preserve","dedupeKeys":[]}
{"timestamp":"2026-04-24T07:33:33.704Z","runId":23,"level":"info","phase":"fetch","tableName":"acc_class","tableRunId":176,"sourceRows":7,"dateFilter":null}
{"timestamp":"2026-04-24T07:33:34.486Z","runId":23,"level":"debug","phase":"write","tableName":"acc_class","tableRunId":176,"status":"start","batchSize":7}
{"timestamp":"2026-04-24T07:33:34.491Z","runId":23,"level":"debug","phase":"write","tableName":"acc_class","tableRunId":176,"status":"end","inserted":7,"updated":0,"skipped":0,"durationMs":5}
{"timestamp":"2026-04-24T07:33:34.504Z","runId":23,"level":"info","phase":"table_finalize","tableName":"acc_class","tableRunId":176,"status":"success","inserted":7,"updated":0,"skipped":0,"errors":0,"durationMs":867}
{"timestamp":"2026-04-24T07:33:34.504Z","runId":23,"level":"debug","phase":"table_loop","action":"processing","tableName":"customers","mappingTableKeys":["BANKS","CNOTE","STOCK","PRICING","ACCCLASS"]}
{"timestamp":"2026-04-24T07:33:34.504Z","runId":23,"level":"debug","phase":"table_loop","action":"mapping_resolved","tableName":"customers","hasMappingEntry":true,"mappingTarget":"CUSTOMERS"}
{"timestamp":"2026-04-24T07:33:34.504Z","runId":23,"level":"debug","phase":"mapping_debug","tableName":"customers","mappedSource":"CUSTOMER","firebirdTableCount":191,"sampleFirebirdTables":["ACCCLASS","ACCDEPARTMENT","ACCOUNTLINKS","ACCOUNTS","ACCOUNT_OPENING"]}
{"timestamp":"2026-04-24T07:33:34.578Z","runId":23,"level":"debug","phase":"clean_decision","tableName":"customers","cleanBefore":true,"dryRun":false,"mode":"INSERT"}
{"timestamp":"2026-04-24T07:33:34.578Z","runId":23,"type":"table_cleaning_started","table":"customers","tableRunId":177}
{"timestamp":"2026-04-24T07:33:34.578Z","runId":23,"level":"info","phase":"clean","tableName":"customers","tableRunId":177,"status":"start"}
{"timestamp":"2026-04-24T07:33:34.579Z","runId":23,"level":"debug","phase":"clean","tableName":"customers","tableRunId":177,"action":"fk_checks_disabled"}
{"timestamp":"2026-04-24T07:33:34.632Z","runId":23,"level":"info","phase":"clean","tableName":"customers","tableRunId":177,"status":"success","method":"TRUNCATE","affectedRows":null,"postCount":0,"durationMs":53}
{"timestamp":"2026-04-24T07:33:34.638Z","runId":23,"type":"table_cleaned","table":"customers","tableRunId":177,"method":"TRUNCATE","affectedRows":null,"postCount":0}
{"timestamp":"2026-04-24T07:33:34.639Z","runId":23,"level":"debug","phase":"clean","tableName":"customers","tableRunId":177,"action":"fk_checks_restored"}
{"timestamp":"2026-04-24T07:33:34.639Z","runId":23,"level":"info","phase":"table_start","tableName":"customers","tableRunId":177,"mode":"INSERT","keyStrategy":"preserve","dedupeKeys":[]}
{"timestamp":"2026-04-24T07:33:34.726Z","runId":23,"level":"info","phase":"fetch","tableName":"customers","tableRunId":177,"sourceRows":4188,"dateFilter":null}
{"timestamp":"2026-04-24T07:33:34.893Z","runId":23,"level":"debug","phase":"write","tableName":"customers","tableRunId":177,"status":"start","batchSize":1000}
{"timestamp":"2026-04-24T07:33:34.996Z","runId":23,"level":"debug","phase":"write","tableName":"customers","tableRunId":177,"status":"end","inserted":1000,"updated":0,"skipped":0,"durationMs":103}
{"timestamp":"2026-04-24T07:33:35.169Z","runId":23,"level":"debug","phase":"write","tableName":"customers","tableRunId":177,"status":"start","batchSize":1000}
{"timestamp":"2026-04-24T07:33:35.235Z","runId":23,"level":"debug","phase":"write","tableName":"customers","tableRunId":177,"status":"end","inserted":1000,"updated":0,"skipped":0,"durationMs":66}
{"timestamp":"2026-04-24T07:33:35.396Z","runId":23,"level":"debug","phase":"write","tableName":"customers","tableRunId":177,"status":"start","batchSize":1000}
{"timestamp":"2026-04-24T07:33:35.442Z","runId":23,"level":"debug","phase":"write","tableName":"customers","tableRunId":177,"status":"end","inserted":1000,"updated":0,"skipped":0,"durationMs":46}
{"timestamp":"2026-04-24T07:33:35.600Z","runId":23,"level":"debug","phase":"write","tableName":"customers","tableRunId":177,"status":"start","batchSize":1000}
{"timestamp":"2026-04-24T07:33:35.645Z","runId":23,"level":"debug","phase":"write","tableName":"customers","tableRunId":177,"status":"end","inserted":1000,"updated":0,"skipped":0,"durationMs":45}
{"timestamp":"2026-04-24T07:33:35.779Z","runId":23,"level":"debug","phase":"write","tableName":"customers","tableRunId":177,"status":"start","batchSize":188}
{"timestamp":"2026-04-24T07:33:35.818Z","runId":23,"level":"debug","phase":"write","tableName":"customers","tableRunId":177,"status":"end","inserted":188,"updated":0,"skipped":0,"durationMs":39}
{"timestamp":"2026-04-24T07:33:35.831Z","runId":23,"level":"info","phase":"table_finalize","tableName":"customers","tableRunId":177,"status":"success","inserted":4188,"updated":0,"skipped":0,"errors":0,"durationMs":1186}
{"timestamp":"2026-04-24T07:33:35.831Z","runId":23,"level":"debug","phase":"table_loop","action":"processing","tableName":"suppliers","mappingTableKeys":["BANKS","CNOTE","STOCK","PRICING","ACCCLASS"]}
{"timestamp":"2026-04-24T07:33:35.832Z","runId":23,"level":"debug","phase":"table_loop","action":"mapping_resolved","tableName":"suppliers","hasMappingEntry":true,"mappingTarget":"SUPPLIERS"}
{"timestamp":"2026-04-24T07:33:35.832Z","runId":23,"level":"debug","phase":"mapping_debug","tableName":"suppliers","mappedSource":"SUPPLIER","firebirdTableCount":191,"sampleFirebirdTables":["ACCCLASS","ACCDEPARTMENT","ACCOUNTLINKS","ACCOUNTS","ACCOUNT_OPENING"]}
{"timestamp":"2026-04-24T07:33:35.906Z","runId":23,"level":"debug","phase":"clean_decision","tableName":"suppliers","cleanBefore":true,"dryRun":false,"mode":"INSERT"}
{"timestamp":"2026-04-24T07:33:35.906Z","runId":23,"type":"table_cleaning_started","table":"suppliers","tableRunId":178}
{"timestamp":"2026-04-24T07:33:35.907Z","runId":23,"level":"info","phase":"clean","tableName":"suppliers","tableRunId":178,"status":"start"}
{"timestamp":"2026-04-24T07:33:35.907Z","runId":23,"level":"debug","phase":"clean","tableName":"suppliers","tableRunId":178,"action":"fk_checks_disabled"}
{"timestamp":"2026-04-24T07:33:35.936Z","runId":23,"level":"info","phase":"clean","tableName":"suppliers","tableRunId":178,"status":"success","method":"TRUNCATE","affectedRows":null,"postCount":0,"durationMs":29}
{"timestamp":"2026-04-24T07:33:35.941Z","runId":23,"type":"table_cleaned","table":"suppliers","tableRunId":178,"method":"TRUNCATE","affectedRows":null,"postCount":0}
{"timestamp":"2026-04-24T07:33:35.942Z","runId":23,"level":"debug","phase":"clean","tableName":"suppliers","tableRunId":178,"action":"fk_checks_restored"}
{"timestamp":"2026-04-24T07:33:35.942Z","runId":23,"level":"info","phase":"table_start","tableName":"suppliers","tableRunId":178,"mode":"INSERT","keyStrategy":"preserve","dedupeKeys":[]}
{"timestamp":"2026-04-24T07:33:36.025Z","runId":23,"level":"info","phase":"fetch","tableName":"suppliers","tableRunId":178,"sourceRows":188,"dateFilter":null}
{"timestamp":"2026-04-24T07:33:36.111Z","runId":23,"level":"debug","phase":"write","tableName":"suppliers","tableRunId":178,"status":"start","batchSize":188}
{"timestamp":"2026-04-24T07:33:36.122Z","runId":23,"level":"debug","phase":"write","tableName":"suppliers","tableRunId":178,"status":"end","inserted":188,"updated":0,"skipped":0,"durationMs":11}
{"timestamp":"2026-04-24T07:33:36.132Z","runId":23,"level":"info","phase":"table_finalize","tableName":"suppliers","tableRunId":178,"status":"success","inserted":188,"updated":0,"skipped":0,"errors":0,"durationMs":186}
{"timestamp":"2026-04-24T07:33:36.133Z","runId":23,"level":"debug","phase":"table_loop","action":"processing","tableName":"work_done","mappingTableKeys":["BANKS","CNOTE","STOCK","PRICING","ACCCLASS"]}
{"timestamp":"2026-04-24T07:33:36.133Z","runId":23,"level":"debug","phase":"table_loop","action":"mapping_resolved","tableName":"work_done","hasMappingEntry":true,"mappingTarget":"WORK_DONE"}
{"timestamp":"2026-04-24T07:33:36.133Z","runId":23,"level":"debug","phase":"mapping_debug","tableName":"work_done","mappedSource":"WORKDONE","firebirdTableCount":191,"sampleFirebirdTables":["ACCCLASS","ACCDEPARTMENT","ACCOUNTLINKS","ACCOUNTS","ACCOUNT_OPENING"]}
{"timestamp":"2026-04-24T07:33:36.210Z","runId":23,"level":"debug","phase":"clean_decision","tableName":"work_done","cleanBefore":true,"dryRun":false,"mode":"INSERT"}
{"timestamp":"2026-04-24T07:33:36.210Z","runId":23,"type":"table_cleaning_started","table":"work_done","tableRunId":179}
{"timestamp":"2026-04-24T07:33:36.211Z","runId":23,"level":"info","phase":"clean","tableName":"work_done","tableRunId":179,"status":"start"}
{"timestamp":"2026-04-24T07:33:36.211Z","runId":23,"level":"debug","phase":"clean","tableName":"work_done","tableRunId":179,"action":"fk_checks_disabled"}
{"timestamp":"2026-04-24T07:33:36.254Z","runId":23,"level":"info","phase":"clean","tableName":"work_done","tableRunId":179,"status":"success","method":"TRUNCATE","affectedRows":null,"postCount":0,"durationMs":43}
{"timestamp":"2026-04-24T07:33:36.259Z","runId":23,"type":"table_cleaned","table":"work_done","tableRunId":179,"method":"TRUNCATE","affectedRows":null,"postCount":0}
{"timestamp":"2026-04-24T07:33:36.260Z","runId":23,"level":"debug","phase":"clean","tableName":"work_done","tableRunId":179,"action":"fk_checks_restored"}
{"timestamp":"2026-04-24T07:33:36.260Z","runId":23,"level":"info","phase":"table_start","tableName":"work_done","tableRunId":179,"mode":"INSERT","keyStrategy":"preserve","dedupeKeys":[]}
{"timestamp":"2026-04-24T07:33:36.362Z","runId":23,"level":"info","phase":"fetch","tableName":"work_done","tableRunId":179,"sourceRows":20509,"dateFilter":null}
{"timestamp":"2026-04-24T07:33:36.567Z","runId":23,"level":"debug","phase":"write","tableName":"work_done","tableRunId":179,"status":"start","batchSize":1000}
{"timestamp":"2026-04-24T07:33:36.596Z","runId":23,"level":"debug","phase":"write","tableName":"work_done","tableRunId":179,"status":"end","inserted":1000,"updated":0,"skipped":0,"durationMs":29}
{"timestamp":"2026-04-24T07:33:36.804Z","runId":23,"level":"debug","phase":"write","tableName":"work_done","tableRunId":179,"status":"start","batchSize":1000}
{"timestamp":"2026-04-24T07:33:36.836Z","runId":23,"level":"debug","phase":"write","tableName":"work_done","tableRunId":179,"status":"end","inserted":1000,"updated":0,"skipped":0,"durationMs":32}
{"timestamp":"2026-04-24T07:33:37.028Z","runId":23,"level":"debug","phase":"write","tableName":"work_done","tableRunId":179,"status":"start","batchSize":1000}
{"timestamp":"2026-04-24T07:33:37.056Z","runId":23,"level":"debug","phase":"write","tableName":"work_done","tableRunId":179,"status":"end","inserted":1000,"updated":0,"skipped":0,"durationMs":28}
{"timestamp":"2026-04-24T07:33:37.231Z","runId":23,"level":"debug","phase":"write","tableName":"work_done","tableRunId":179,"status":"start","batchSize":1000}
{"timestamp":"2026-04-24T07:33:37.269Z","runId":23,"level":"debug","phase":"write","tableName":"work_done","tableRunId":179,"status":"end","inserted":981,"updated":0,"skipped":19,"durationMs":38}
{"timestamp":"2026-04-24T07:33:37.454Z","runId":23,"level":"debug","phase":"write","tableName":"work_done","tableRunId":179,"status":"start","batchSize":1000}
{"timestamp":"2026-04-24T07:33:37.482Z","runId":23,"level":"debug","phase":"write","tableName":"work_done","tableRunId":179,"status":"end","inserted":1000,"updated":0,"skipped":0,"durationMs":28}
{"timestamp":"2026-04-24T07:33:37.799Z","runId":23,"level":"info","phase":"preflight","action":"firebird_config_check","host":"10.0.0.102","port":3050,"database":"C:\\Autoneer\\data\\AUTONEER.FDB","user":"SYSDBA","passwordSet":true,"passwordLength":9,"passwordSource":"state","useDefaultSysdbaMasterkey":true,"rawPasswordSet":true,"rawPasswordLength":9}
{"timestamp":"2026-04-24T07:33:37.876Z","runId":23,"level":"info","phase":"preflight","attempt":1,"status":"ok"}
{"timestamp":"2026-04-24T07:33:37.877Z","runId":23,"level":"debug","phase":"keepalive","status":"ok"}
{"timestamp":"2026-04-24T07:33:38.376Z","runId":23,"level":"debug","phase":"write","tableName":"work_done","tableRunId":179,"status":"start","batchSize":1000}
{"timestamp":"2026-04-24T07:33:38.397Z","runId":23,"level":"debug","phase":"write","tableName":"work_done","tableRunId":179,"status":"end","inserted":924,"updated":0,"skipped":76,"durationMs":21}
{"timestamp":"2026-04-24T07:33:38.590Z","runId":23,"level":"debug","phase":"write","tableName":"work_done","tableRunId":179,"status":"start","batchSize":1000}
{"timestamp":"2026-04-24T07:33:38.611Z","runId":23,"level":"debug","phase":"write","tableName":"work_done","tableRunId":179,"status":"end","inserted":723,"updated":0,"skipped":277,"durationMs":21}
{"timestamp":"2026-04-24T07:33:38.769Z","runId":23,"level":"debug","phase":"write","tableName":"work_done","tableRunId":179,"status":"start","batchSize":1000}
{"timestamp":"2026-04-24T07:33:38.795Z","runId":23,"level":"debug","phase":"write","tableName":"work_done","tableRunId":179,"status":"end","inserted":1000,"updated":0,"skipped":0,"durationMs":26}
{"timestamp":"2026-04-24T07:33:39.004Z","runId":23,"level":"debug","phase":"write","tableName":"work_done","tableRunId":179,"status":"start","batchSize":1000}
{"timestamp":"2026-04-24T07:33:39.057Z","runId":23,"level":"debug","phase":"write","tableName":"work_done","tableRunId":179,"status":"end","inserted":1000,"updated":0,"skipped":0,"durationMs":53}
{"timestamp":"2026-04-24T07:33:40.077Z","runId":23,"level":"debug","phase":"write","tableName":"work_done","tableRunId":179,"status":"start","batchSize":1000}
{"timestamp":"2026-04-24T07:33:40.104Z","runId":23,"level":"debug","phase":"write","tableName":"work_done","tableRunId":179,"status":"end","inserted":1000,"updated":0,"skipped":0,"durationMs":27}
{"timestamp":"2026-04-24T07:33:41.078Z","runId":23,"level":"debug","phase":"write","tableName":"work_done","tableRunId":179,"status":"start","batchSize":1000}
{"timestamp":"2026-04-24T07:33:41.104Z","runId":23,"level":"debug","phase":"write","tableName":"work_done","tableRunId":179,"status":"end","inserted":1000,"updated":0,"skipped":0,"durationMs":26}
{"timestamp":"2026-04-24T07:33:41.305Z","runId":23,"level":"debug","phase":"write","tableName":"work_done","tableRunId":179,"status":"start","batchSize":1000}
{"timestamp":"2026-04-24T07:33:41.330Z","runId":23,"level":"debug","phase":"write","tableName":"work_done","tableRunId":179,"status":"end","inserted":1000,"updated":0,"skipped":0,"durationMs":25}
{"timestamp":"2026-04-24T07:33:41.540Z","runId":23,"level":"debug","phase":"write","tableName":"work_done","tableRunId":179,"status":"start","batchSize":1000}
{"timestamp":"2026-04-24T07:33:41.574Z","runId":23,"level":"debug","phase":"write","tableName":"work_done","tableRunId":179,"status":"end","inserted":1000,"updated":0,"skipped":0,"durationMs":34}
{"timestamp":"2026-04-24T07:33:41.775Z","runId":23,"level":"debug","phase":"write","tableName":"work_done","tableRunId":179,"status":"start","batchSize":1000}
{"timestamp":"2026-04-24T07:33:41.801Z","runId":23,"level":"debug","phase":"write","tableName":"work_done","tableRunId":179,"status":"end","inserted":1000,"updated":0,"skipped":0,"durationMs":26}
{"timestamp":"2026-04-24T07:33:41.990Z","runId":23,"level":"debug","phase":"write","tableName":"work_done","tableRunId":179,"status":"start","batchSize":1000}
{"timestamp":"2026-04-24T07:33:42.014Z","runId":23,"level":"debug","phase":"write","tableName":"work_done","tableRunId":179,"status":"end","inserted":1000,"updated":0,"skipped":0,"durationMs":24}
{"timestamp":"2026-04-24T07:33:42.210Z","runId":23,"level":"debug","phase":"write","tableName":"work_done","tableRunId":179,"status":"start","batchSize":1000}
{"timestamp":"2026-04-24T07:33:42.262Z","runId":23,"level":"debug","phase":"write","tableName":"work_done","tableRunId":179,"status":"end","inserted":1000,"updated":0,"skipped":0,"durationMs":52}
{"timestamp":"2026-04-24T07:33:42.459Z","runId":23,"level":"debug","phase":"write","tableName":"work_done","tableRunId":179,"status":"start","batchSize":1000}
{"timestamp":"2026-04-24T07:33:42.478Z","runId":23,"level":"debug","phase":"write","tableName":"work_done","tableRunId":179,"status":"end","inserted":1000,"updated":0,"skipped":0,"durationMs":19}
{"timestamp":"2026-04-24T07:33:42.672Z","runId":23,"level":"debug","phase":"write","tableName":"work_done","tableRunId":179,"status":"start","batchSize":1000}
{"timestamp":"2026-04-24T07:33:42.690Z","runId":23,"level":"debug","phase":"write","tableName":"work_done","tableRunId":179,"status":"end","inserted":1000,"updated":0,"skipped":0,"durationMs":18}
{"timestamp":"2026-04-24T07:33:42.885Z","runId":23,"level":"debug","phase":"write","tableName":"work_done","tableRunId":179,"status":"start","batchSize":1000}
{"timestamp":"2026-04-24T07:33:42.905Z","runId":23,"level":"debug","phase":"write","tableName":"work_done","tableRunId":179,"status":"end","inserted":193,"updated":0,"skipped":807,"durationMs":20}
{"timestamp":"2026-04-24T07:33:43.110Z","runId":23,"level":"debug","phase":"write","tableName":"work_done","tableRunId":179,"status":"start","batchSize":1000}
{"timestamp":"2026-04-24T07:33:43.126Z","runId":23,"level":"debug","phase":"write","tableName":"work_done","tableRunId":179,"status":"end","inserted":20,"updated":0,"skipped":980,"durationMs":16}
{"timestamp":"2026-04-24T07:33:43.319Z","runId":23,"level":"debug","phase":"write","tableName":"work_done","tableRunId":179,"status":"start","batchSize":509}
{"timestamp":"2026-04-24T07:33:43.331Z","runId":23,"level":"debug","phase":"write","tableName":"work_done","tableRunId":179,"status":"end","inserted":331,"updated":0,"skipped":178,"durationMs":12}
{"timestamp":"2026-04-24T07:33:43.343Z","runId":23,"level":"info","phase":"table_finalize","tableName":"work_done","tableRunId":179,"status":"success","inserted":18172,"updated":0,"skipped":2337,"errors":0,"durationMs":7077}
{"timestamp":"2026-04-24T07:33:43.343Z","runId":23,"level":"debug","phase":"table_loop","action":"processing","tableName":"wip_status","mappingTableKeys":["BANKS","CNOTE","STOCK","PRICING","ACCCLASS"]}
{"timestamp":"2026-04-24T07:33:43.343Z","runId":23,"level":"debug","phase":"table_loop","action":"mapping_resolved","tableName":"wip_status","hasMappingEntry":true,"mappingTarget":"WIP_STATUS"}
{"timestamp":"2026-04-24T07:33:43.343Z","runId":23,"level":"debug","phase":"mapping_debug","tableName":"wip_status","mappedSource":"WIPSTATUS","firebirdTableCount":191,"sampleFirebirdTables":["ACCCLASS","ACCDEPARTMENT","ACCOUNTLINKS","ACCOUNTS","ACCOUNT_OPENING"]}
{"timestamp":"2026-04-24T07:33:43.412Z","runId":23,"level":"debug","phase":"clean_decision","tableName":"wip_status","cleanBefore":true,"dryRun":false,"mode":"INSERT"}
{"timestamp":"2026-04-24T07:33:43.412Z","runId":23,"type":"table_cleaning_started","table":"wip_status","tableRunId":180}
{"timestamp":"2026-04-24T07:33:43.413Z","runId":23,"level":"info","phase":"clean","tableName":"wip_status","tableRunId":180,"status":"start"}
{"timestamp":"2026-04-24T07:33:43.413Z","runId":23,"level":"debug","phase":"clean","tableName":"wip_status","tableRunId":180,"action":"fk_checks_disabled"}
{"timestamp":"2026-04-24T07:33:43.439Z","runId":23,"level":"info","phase":"clean","tableName":"wip_status","tableRunId":180,"status":"success","method":"TRUNCATE","affectedRows":null,"postCount":0,"durationMs":26}
{"timestamp":"2026-04-24T07:33:43.444Z","runId":23,"type":"table_cleaned","table":"wip_status","tableRunId":180,"method":"TRUNCATE","affectedRows":null,"postCount":0}
{"timestamp":"2026-04-24T07:33:43.444Z","runId":23,"level":"debug","phase":"clean","tableName":"wip_status","tableRunId":180,"action":"fk_checks_restored"}
{"timestamp":"2026-04-24T07:33:43.444Z","runId":23,"level":"info","phase":"table_start","tableName":"wip_status","tableRunId":180,"mode":"INSERT","keyStrategy":"preserve","dedupeKeys":[]}
{"timestamp":"2026-04-24T07:33:44.158Z","runId":23,"level":"info","phase":"fetch","tableName":"wip_status","tableRunId":180,"sourceRows":7,"dateFilter":null}
{"timestamp":"2026-04-24T07:33:44.228Z","runId":23,"level":"debug","phase":"write","tableName":"wip_status","tableRunId":180,"status":"start","batchSize":7}
{"timestamp":"2026-04-24T07:33:44.233Z","runId":23,"level":"debug","phase":"write","tableName":"wip_status","tableRunId":180,"status":"end","inserted":7,"updated":0,"skipped":0,"durationMs":5}
{"timestamp":"2026-04-24T07:33:44.249Z","runId":23,"level":"info","phase":"table_finalize","tableName":"wip_status","tableRunId":180,"status":"success","inserted":7,"updated":0,"skipped":0,"errors":0,"durationMs":798}
{"timestamp":"2026-04-24T07:33:44.249Z","runId":23,"level":"debug","phase":"table_loop","action":"processing","tableName":"spares_used","mappingTableKeys":["BANKS","CNOTE","STOCK","PRICING","ACCCLASS"]}
{"timestamp":"2026-04-24T07:33:44.249Z","runId":23,"level":"debug","phase":"table_loop","action":"mapping_resolved","tableName":"spares_used","hasMappingEntry":true,"mappingTarget":"SPARES_USED"}
{"timestamp":"2026-04-24T07:33:44.249Z","runId":23,"level":"debug","phase":"mapping_debug","tableName":"spares_used","mappedSource":"SPARES_USED","firebirdTableCount":191,"sampleFirebirdTables":["ACCCLASS","ACCDEPARTMENT","ACCOUNTLINKS","ACCOUNTS","ACCOUNT_OPENING"]}
{"timestamp":"2026-04-24T07:33:44.318Z","runId":23,"level":"debug","phase":"clean_decision","tableName":"spares_used","cleanBefore":true,"dryRun":false,"mode":"INSERT"}
{"timestamp":"2026-04-24T07:33:44.318Z","runId":23,"type":"table_cleaning_started","table":"spares_used","tableRunId":181}
{"timestamp":"2026-04-24T07:33:44.318Z","runId":23,"level":"info","phase":"clean","tableName":"spares_used","tableRunId":181,"status":"start"}
{"timestamp":"2026-04-24T07:33:44.319Z","runId":23,"level":"debug","phase":"clean","tableName":"spares_used","tableRunId":181,"action":"fk_checks_disabled"}
{"timestamp":"2026-04-24T07:33:44.363Z","runId":23,"level":"info","phase":"clean","tableName":"spares_used","tableRunId":181,"status":"success","method":"TRUNCATE","affectedRows":null,"postCount":0,"durationMs":45}
{"timestamp":"2026-04-24T07:33:44.372Z","runId":23,"type":"table_cleaned","table":"spares_used","tableRunId":181,"method":"TRUNCATE","affectedRows":null,"postCount":0}
{"timestamp":"2026-04-24T07:33:44.374Z","runId":23,"level":"debug","phase":"clean","tableName":"spares_used","tableRunId":181,"action":"fk_checks_restored"}
{"timestamp":"2026-04-24T07:33:44.374Z","runId":23,"level":"info","phase":"table_start","tableName":"spares_used","tableRunId":181,"mode":"INSERT","keyStrategy":"preserve","dedupeKeys":[]}
{"timestamp":"2026-04-24T07:33:44.535Z","runId":23,"level":"info","phase":"fetch","tableName":"spares_used","tableRunId":181,"sourceRows":89974,"dateFilter":null}
{"timestamp":"2026-04-24T07:33:45.664Z","runId":23,"level":"debug","phase":"write","tableName":"spares_used","tableRunId":181,"status":"start","batchSize":1000}
{"timestamp":"2026-04-24T07:33:45.704Z","runId":23,"level":"debug","phase":"write","tableName":"spares_used","tableRunId":181,"status":"end","inserted":1000,"updated":0,"skipped":0,"durationMs":40}
{"timestamp":"2026-04-24T07:33:46.853Z","runId":23,"level":"debug","phase":"write","tableName":"spares_used","tableRunId":181,"status":"start","batchSize":1000}
{"timestamp":"2026-04-24T07:33:46.905Z","runId":23,"level":"debug","phase":"write","tableName":"spares_used","tableRunId":181,"status":"end","inserted":1000,"updated":0,"skipped":0,"durationMs":52}
{"timestamp":"2026-04-24T07:33:48.059Z","runId":23,"level":"debug","phase":"write","tableName":"spares_used","tableRunId":181,"status":"start","batchSize":1000}
{"timestamp":"2026-04-24T07:33:48.091Z","runId":23,"level":"debug","phase":"write","tableName":"spares_used","tableRunId":181,"status":"end","inserted":1000,"updated":0,"skipped":0,"durationMs":32}
{"timestamp":"2026-04-24T07:33:49.234Z","runId":23,"level":"debug","phase":"write","tableName":"spares_used","tableRunId":181,"status":"start","batchSize":1000}
{"timestamp":"2026-04-24T07:33:49.286Z","runId":23,"level":"debug","phase":"write","tableName":"spares_used","tableRunId":181,"status":"end","inserted":1000,"updated":0,"skipped":0,"durationMs":52}
{"timestamp":"2026-04-24T07:33:50.434Z","runId":23,"level":"debug","phase":"write","tableName":"spares_used","tableRunId":181,"status":"start","batchSize":1000}
{"timestamp":"2026-04-24T07:33:50.474Z","runId":23,"level":"debug","phase":"write","tableName":"spares_used","tableRunId":181,"status":"end","inserted":1000,"updated":0,"skipped":0,"durationMs":40}
{"timestamp":"2026-04-24T07:33:51.600Z","runId":23,"level":"debug","phase":"write","tableName":"spares_used","tableRunId":181,"status":"start","batchSize":1000}
{"timestamp":"2026-04-24T07:33:51.633Z","runId":23,"level":"debug","phase":"write","tableName":"spares_used","tableRunId":181,"status":"end","inserted":1000,"updated":0,"skipped":0,"durationMs":33}
{"timestamp":"2026-04-24T07:33:52.765Z","runId":23,"level":"debug","phase":"write","tableName":"spares_used","tableRunId":181,"status":"start","batchSize":1000}
{"timestamp":"2026-04-24T07:33:52.796Z","runId":23,"level":"debug","phase":"write","tableName":"spares_used","tableRunId":181,"status":"end","inserted":1000,"updated":0,"skipped":0,"durationMs":31}
{"timestamp":"2026-04-24T07:33:53.923Z","runId":23,"level":"debug","phase":"write","tableName":"spares_used","tableRunId":181,"status":"start","batchSize":1000}
{"timestamp":"2026-04-24T07:33:53.953Z","runId":23,"level":"debug","phase":"write","tableName":"spares_used","tableRunId":181,"status":"end","inserted":1000,"updated":0,"skipped":0,"durationMs":30}
{"timestamp":"2026-04-24T07:33:55.112Z","runId":23,"level":"debug","phase":"write","tableName":"spares_used","tableRunId":181,"status":"start","batchSize":1000}
{"timestamp":"2026-04-24T07:33:55.168Z","runId":23,"level":"debug","phase":"write","tableName":"spares_used","tableRunId":181,"status":"end","inserted":1000,"updated":0,"skipped":0,"durationMs":56}
{"timestamp":"2026-04-24T07:33:57.143Z","runId":23,"level":"debug","phase":"write","tableName":"spares_used","tableRunId":181,"status":"start","batchSize":1000}
{"timestamp":"2026-04-24T07:33:57.174Z","runId":23,"level":"debug","phase":"write","tableName":"spares_used","tableRunId":181,"status":"end","inserted":1000,"updated":0,"skipped":0,"durationMs":31}
{"timestamp":"2026-04-24T07:33:57.797Z","runId":23,"level":"info","phase":"preflight","action":"firebird_config_check","host":"10.0.0.102","port":3050,"database":"C:\\Autoneer\\data\\AUTONEER.FDB","user":"SYSDBA","passwordSet":true,"passwordLength":9,"passwordSource":"state","useDefaultSysdbaMasterkey":true,"rawPasswordSet":true,"rawPasswordLength":9}
{"timestamp":"2026-04-24T07:33:58.371Z","runId":23,"level":"debug","phase":"write","tableName":"spares_used","tableRunId":181,"status":"start","batchSize":1000}
{"timestamp":"2026-04-24T07:33:58.400Z","runId":23,"level":"debug","phase":"write","tableName":"spares_used","tableRunId":181,"status":"end","inserted":1000,"updated":0,"skipped":0,"durationMs":29}
{"timestamp":"2026-04-24T07:33:58.608Z","runId":23,"level":"info","phase":"preflight","attempt":1,"status":"ok"}
{"timestamp":"2026-04-24T07:33:58.609Z","runId":23,"level":"debug","phase":"keepalive","status":"ok"}
{"timestamp":"2026-04-24T07:33:59.563Z","runId":23,"level":"debug","phase":"write","tableName":"spares_used","tableRunId":181,"status":"start","batchSize":1000}
{"timestamp":"2026-04-24T07:33:59.597Z","runId":23,"level":"debug","phase":"write","tableName":"spares_used","tableRunId":181,"status":"end","inserted":1000,"updated":0,"skipped":0,"durationMs":34}
{"timestamp":"2026-04-24T07:34:00.758Z","runId":23,"level":"debug","phase":"write","tableName":"spares_used","tableRunId":181,"status":"start","batchSize":1000}
{"timestamp":"2026-04-24T07:34:00.787Z","runId":23,"level":"debug","phase":"write","tableName":"spares_used","tableRunId":181,"status":"end","inserted":1000,"updated":0,"skipped":0,"durationMs":29}
{"timestamp":"2026-04-24T07:34:02.047Z","runId":23,"level":"debug","phase":"write","tableName":"spares_used","tableRunId":181,"status":"start","batchSize":1000}
{"timestamp":"2026-04-24T07:34:02.104Z","runId":23,"level":"debug","phase":"write","tableName":"spares_used","tableRunId":181,"status":"end","inserted":1000,"updated":0,"skipped":0,"durationMs":57}
{"timestamp":"2026-04-24T07:34:03.287Z","runId":23,"level":"debug","phase":"write","tableName":"spares_used","tableRunId":181,"status":"start","batchSize":1000}
{"timestamp":"2026-04-24T07:34:03.317Z","runId":23,"level":"debug","phase":"write","tableName":"spares_used","tableRunId":181,"status":"end","inserted":999,"updated":0,"skipped":1,"durationMs":30}
{"timestamp":"2026-04-24T07:34:04.457Z","runId":23,"level":"debug","phase":"write","tableName":"spares_used","tableRunId":181,"status":"start","batchSize":1000}
{"timestamp":"2026-04-24T07:34:04.490Z","runId":23,"level":"debug","phase":"write","tableName":"spares_used","tableRunId":181,"status":"end","inserted":999,"updated":0,"skipped":1,"durationMs":33}
{"timestamp":"2026-04-24T07:34:05.631Z","runId":23,"level":"debug","phase":"write","tableName":"spares_used","tableRunId":181,"status":"start","batchSize":1000}
{"timestamp":"2026-04-24T07:34:05.667Z","runId":23,"level":"debug","phase":"write","tableName":"spares_used","tableRunId":181,"status":"end","inserted":1000,"updated":0,"skipped":0,"durationMs":36}
{"timestamp":"2026-04-24T07:34:06.811Z","runId":23,"level":"debug","phase":"write","tableName":"spares_used","tableRunId":181,"status":"start","batchSize":1000}
{"timestamp":"2026-04-24T07:34:06.844Z","runId":23,"level":"debug","phase":"write","tableName":"spares_used","tableRunId":181,"status":"end","inserted":1000,"updated":0,"skipped":0,"durationMs":33}
{"timestamp":"2026-04-24T07:34:08.013Z","runId":23,"level":"debug","phase":"write","tableName":"spares_used","tableRunId":181,"status":"start","batchSize":1000}
{"timestamp":"2026-04-24T07:34:08.073Z","runId":23,"level":"debug","phase":"write","tableName":"spares_used","tableRunId":181,"status":"end","inserted":1000,"updated":0,"skipped":0,"durationMs":60}
{"timestamp":"2026-04-24T07:34:09.294Z","runId":23,"level":"debug","phase":"write","tableName":"spares_used","tableRunId":181,"status":"start","batchSize":1000}
{"timestamp":"2026-04-24T07:34:09.322Z","runId":23,"level":"debug","phase":"write","tableName":"spares_used","tableRunId":181,"status":"end","inserted":1000,"updated":0,"skipped":0,"durationMs":28}
{"timestamp":"2026-04-24T07:34:10.487Z","runId":23,"level":"debug","phase":"write","tableName":"spares_used","tableRunId":181,"status":"start","batchSize":1000}
{"timestamp":"2026-04-24T07:34:10.519Z","runId":23,"level":"debug","phase":"write","tableName":"spares_used","tableRunId":181,"status":"end","inserted":1000,"updated":0,"skipped":0,"durationMs":32}
{"timestamp":"2026-04-24T07:34:11.725Z","runId":23,"level":"debug","phase":"write","tableName":"spares_used","tableRunId":181,"status":"start","batchSize":1000}
{"timestamp":"2026-04-24T07:34:11.760Z","runId":23,"level":"debug","phase":"write","tableName":"spares_used","tableRunId":181,"status":"end","inserted":1000,"updated":0,"skipped":0,"durationMs":35}
{"timestamp":"2026-04-24T07:34:12.981Z","runId":23,"level":"debug","phase":"write","tableName":"spares_used","tableRunId":181,"status":"start","batchSize":1000}
{"timestamp":"2026-04-24T07:34:13.021Z","runId":23,"level":"debug","phase":"write","tableName":"spares_used","tableRunId":181,"status":"end","inserted":1000,"updated":0,"skipped":0,"durationMs":40}
{"timestamp":"2026-04-24T07:34:14.232Z","runId":23,"level":"debug","phase":"write","tableName":"spares_used","tableRunId":181,"status":"start","batchSize":1000}
{"timestamp":"2026-04-24T07:34:14.281Z","runId":23,"level":"debug","phase":"write","tableName":"spares_used","tableRunId":181,"status":"end","inserted":1000,"updated":0,"skipped":0,"durationMs":49}
{"timestamp":"2026-04-24T07:34:15.480Z","runId":23,"level":"debug","phase":"write","tableName":"spares_used","tableRunId":181,"status":"start","batchSize":1000}
{"timestamp":"2026-04-24T07:34:15.510Z","runId":23,"level":"debug","phase":"write","tableName":"spares_used","tableRunId":181,"status":"end","inserted":1000,"updated":0,"skipped":0,"durationMs":30}
{"timestamp":"2026-04-24T07:34:17.350Z","runId":23,"level":"debug","phase":"write","tableName":"spares_used","tableRunId":181,"status":"start","batchSize":1000}
{"timestamp":"2026-04-24T07:34:17.384Z","runId":23,"level":"debug","phase":"write","tableName":"spares_used","tableRunId":181,"status":"end","inserted":1000,"updated":0,"skipped":0,"durationMs":34}
{"timestamp":"2026-04-24T07:34:17.797Z","runId":23,"level":"info","phase":"preflight","action":"firebird_config_check","host":"10.0.0.102","port":3050,"database":"C:\\Autoneer\\data\\AUTONEER.FDB","user":"SYSDBA","passwordSet":true,"passwordLength":9,"passwordSource":"state","useDefaultSysdbaMasterkey":true,"rawPasswordSet":true,"rawPasswordLength":9}
{"timestamp":"2026-04-24T07:34:17.857Z","runId":23,"level":"info","phase":"preflight","attempt":1,"status":"ok"}
{"timestamp":"2026-04-24T07:34:17.857Z","runId":23,"level":"debug","phase":"keepalive","status":"ok"}
{"timestamp":"2026-04-24T07:34:18.581Z","runId":23,"level":"debug","phase":"write","tableName":"spares_used","tableRunId":181,"status":"start","batchSize":1000}
{"timestamp":"2026-04-24T07:34:18.616Z","runId":23,"level":"debug","phase":"write","tableName":"spares_used","tableRunId":181,"status":"end","inserted":1000,"updated":0,"skipped":0,"durationMs":35}
{"timestamp":"2026-04-24T07:34:19.812Z","runId":23,"level":"debug","phase":"write","tableName":"spares_used","tableRunId":181,"status":"start","batchSize":1000}
{"timestamp":"2026-04-24T07:34:19.842Z","runId":23,"level":"debug","phase":"write","tableName":"spares_used","tableRunId":181,"status":"end","inserted":1000,"updated":0,"skipped":0,"durationMs":30}
{"timestamp":"2026-04-24T07:34:21.069Z","runId":23,"level":"debug","phase":"write","tableName":"spares_used","tableRunId":181,"status":"start","batchSize":1000}
{"timestamp":"2026-04-24T07:34:21.116Z","runId":23,"level":"debug","phase":"write","tableName":"spares_used","tableRunId":181,"status":"end","inserted":1000,"updated":0,"skipped":0,"durationMs":47}
{"timestamp":"2026-04-24T07:34:22.309Z","runId":23,"level":"debug","phase":"write","tableName":"spares_used","tableRunId":181,"status":"start","batchSize":1000}
{"timestamp":"2026-04-24T07:34:22.339Z","runId":23,"level":"debug","phase":"write","tableName":"spares_used","tableRunId":181,"status":"end","inserted":1000,"updated":0,"skipped":0,"durationMs":30}
{"timestamp":"2026-04-24T07:34:23.572Z","runId":23,"level":"debug","phase":"write","tableName":"spares_used","tableRunId":181,"status":"start","batchSize":1000}
{"timestamp":"2026-04-24T07:34:23.604Z","runId":23,"level":"debug","phase":"write","tableName":"spares_used","tableRunId":181,"status":"end","inserted":1000,"updated":0,"skipped":0,"durationMs":32}
{"timestamp":"2026-04-24T07:34:25.399Z","runId":23,"level":"debug","phase":"write","tableName":"spares_used","tableRunId":181,"status":"start","batchSize":1000}
{"timestamp":"2026-04-24T07:34:25.432Z","runId":23,"level":"debug","phase":"write","tableName":"spares_used","tableRunId":181,"status":"end","inserted":1000,"updated":0,"skipped":0,"durationMs":33}
{"timestamp":"2026-04-24T07:34:26.677Z","runId":23,"level":"debug","phase":"write","tableName":"spares_used","tableRunId":181,"status":"start","batchSize":1000}
{"timestamp":"2026-04-24T07:34:26.708Z","runId":23,"level":"debug","phase":"write","tableName":"spares_used","tableRunId":181,"status":"end","inserted":1000,"updated":0,"skipped":0,"durationMs":31}
{"timestamp":"2026-04-24T07:34:27.922Z","runId":23,"level":"debug","phase":"write","tableName":"spares_used","tableRunId":181,"status":"start","batchSize":1000}
{"timestamp":"2026-04-24T07:34:27.985Z","runId":23,"level":"debug","phase":"write","tableName":"spares_used","tableRunId":181,"status":"end","inserted":1000,"updated":0,"skipped":0,"durationMs":63}
{"timestamp":"2026-04-24T07:34:29.213Z","runId":23,"level":"debug","phase":"write","tableName":"spares_used","tableRunId":181,"status":"start","batchSize":1000}
{"timestamp":"2026-04-24T07:34:29.244Z","runId":23,"level":"debug","phase":"write","tableName":"spares_used","tableRunId":181,"status":"end","inserted":1000,"updated":0,"skipped":0,"durationMs":31}
{"timestamp":"2026-04-24T07:34:31.243Z","runId":23,"level":"debug","phase":"write","tableName":"spares_used","tableRunId":181,"status":"start","batchSize":1000}
{"timestamp":"2026-04-24T07:34:31.274Z","runId":23,"level":"debug","phase":"write","tableName":"spares_used","tableRunId":181,"status":"end","inserted":997,"updated":0,"skipped":3,"durationMs":31}
{"timestamp":"2026-04-24T07:34:32.514Z","runId":23,"level":"debug","phase":"write","tableName":"spares_used","tableRunId":181,"status":"start","batchSize":1000}
{"timestamp":"2026-04-24T07:34:32.548Z","runId":23,"level":"debug","phase":"write","tableName":"spares_used","tableRunId":181,"status":"end","inserted":1000,"updated":0,"skipped":0,"durationMs":34}
{"timestamp":"2026-04-24T07:34:33.808Z","runId":23,"level":"debug","phase":"write","tableName":"spares_used","tableRunId":181,"status":"start","batchSize":1000}
{"timestamp":"2026-04-24T07:34:33.872Z","runId":23,"level":"debug","phase":"write","tableName":"spares_used","tableRunId":181,"status":"end","inserted":1000,"updated":0,"skipped":0,"durationMs":64}
{"timestamp":"2026-04-24T07:34:35.801Z","runId":23,"level":"debug","phase":"write","tableName":"spares_used","tableRunId":181,"status":"start","batchSize":1000}
{"timestamp":"2026-04-24T07:34:35.830Z","runId":23,"level":"debug","phase":"write","tableName":"spares_used","tableRunId":181,"status":"end","inserted":1000,"updated":0,"skipped":0,"durationMs":29}
{"timestamp":"2026-04-24T07:34:37.069Z","runId":23,"level":"debug","phase":"write","tableName":"spares_used","tableRunId":181,"status":"start","batchSize":1000}
{"timestamp":"2026-04-24T07:34:37.102Z","runId":23,"level":"debug","phase":"write","tableName":"spares_used","tableRunId":181,"status":"end","inserted":1000,"updated":0,"skipped":0,"durationMs":33}
{"timestamp":"2026-04-24T07:34:37.799Z","runId":23,"level":"info","phase":"preflight","action":"firebird_config_check","host":"10.0.0.102","port":3050,"database":"C:\\Autoneer\\data\\AUTONEER.FDB","user":"SYSDBA","passwordSet":true,"passwordLength":9,"passwordSource":"state","useDefaultSysdbaMasterkey":true,"rawPasswordSet":true,"rawPasswordLength":9}
{"timestamp":"2026-04-24T07:34:37.861Z","runId":23,"level":"info","phase":"preflight","attempt":1,"status":"ok"}
{"timestamp":"2026-04-24T07:34:37.862Z","runId":23,"level":"debug","phase":"keepalive","status":"ok"}
{"timestamp":"2026-04-24T07:34:38.318Z","runId":23,"level":"debug","phase":"write","tableName":"spares_used","tableRunId":181,"status":"start","batchSize":1000}
{"timestamp":"2026-04-24T07:34:38.356Z","runId":23,"level":"debug","phase":"write","tableName":"spares_used","tableRunId":181,"status":"end","inserted":1000,"updated":0,"skipped":0,"durationMs":38}
{"timestamp":"2026-04-24T07:34:39.557Z","runId":23,"level":"debug","phase":"write","tableName":"spares_used","tableRunId":181,"status":"start","batchSize":1000}
{"timestamp":"2026-04-24T07:34:39.605Z","runId":23,"level":"debug","phase":"write","tableName":"spares_used","tableRunId":181,"status":"end","inserted":1000,"updated":0,"skipped":0,"durationMs":48}
{"timestamp":"2026-04-24T07:34:41.407Z","runId":23,"level":"debug","phase":"write","tableName":"spares_used","tableRunId":181,"status":"start","batchSize":1000}
{"timestamp":"2026-04-24T07:34:41.450Z","runId":23,"level":"debug","phase":"write","tableName":"spares_used","tableRunId":181,"status":"end","inserted":1000,"updated":0,"skipped":0,"durationMs":44}
{"timestamp":"2026-04-24T07:34:42.703Z","runId":23,"level":"debug","phase":"write","tableName":"spares_used","tableRunId":181,"status":"start","batchSize":1000}
{"timestamp":"2026-04-24T07:34:42.736Z","runId":23,"level":"debug","phase":"write","tableName":"spares_used","tableRunId":181,"status":"end","inserted":1000,"updated":0,"skipped":0,"durationMs":33}
{"timestamp":"2026-04-24T07:34:43.986Z","runId":23,"level":"debug","phase":"write","tableName":"spares_used","tableRunId":181,"status":"start","batchSize":1000}
{"timestamp":"2026-04-24T07:34:44.019Z","runId":23,"level":"debug","phase":"write","tableName":"spares_used","tableRunId":181,"status":"end","inserted":1000,"updated":0,"skipped":0,"durationMs":33}
{"timestamp":"2026-04-24T07:34:45.275Z","runId":23,"level":"debug","phase":"write","tableName":"spares_used","tableRunId":181,"status":"start","batchSize":1000}
{"timestamp":"2026-04-24T07:34:45.314Z","runId":23,"level":"debug","phase":"write","tableName":"spares_used","tableRunId":181,"status":"end","inserted":1000,"updated":0,"skipped":0,"durationMs":39}
{"timestamp":"2026-04-24T07:34:46.601Z","runId":23,"level":"debug","phase":"write","tableName":"spares_used","tableRunId":181,"status":"start","batchSize":1000}
{"timestamp":"2026-04-24T07:34:46.635Z","runId":23,"level":"debug","phase":"write","tableName":"spares_used","tableRunId":181,"status":"end","inserted":1000,"updated":0,"skipped":0,"durationMs":34}
{"timestamp":"2026-04-24T07:34:47.907Z","runId":23,"level":"debug","phase":"write","tableName":"spares_used","tableRunId":181,"status":"start","batchSize":1000}
{"timestamp":"2026-04-24T07:34:47.953Z","runId":23,"level":"debug","phase":"write","tableName":"spares_used","tableRunId":181,"status":"end","inserted":1000,"updated":0,"skipped":0,"durationMs":46}
{"timestamp":"2026-04-24T07:34:49.217Z","runId":23,"level":"debug","phase":"write","tableName":"spares_used","tableRunId":181,"status":"start","batchSize":1000}
{"timestamp":"2026-04-24T07:34:49.254Z","runId":23,"level":"debug","phase":"write","tableName":"spares_used","tableRunId":181,"status":"end","inserted":1000,"updated":0,"skipped":0,"durationMs":37}
{"timestamp":"2026-04-24T07:34:50.541Z","runId":23,"level":"debug","phase":"write","tableName":"spares_used","tableRunId":181,"status":"start","batchSize":1000}
{"timestamp":"2026-04-24T07:34:50.571Z","runId":23,"level":"debug","phase":"write","tableName":"spares_used","tableRunId":181,"status":"end","inserted":997,"updated":0,"skipped":3,"durationMs":30}
{"timestamp":"2026-04-24T07:34:51.830Z","runId":23,"level":"debug","phase":"write","tableName":"spares_used","tableRunId":181,"status":"start","batchSize":1000}
{"timestamp":"2026-04-24T07:34:51.860Z","runId":23,"level":"debug","phase":"write","tableName":"spares_used","tableRunId":181,"status":"end","inserted":1000,"updated":0,"skipped":0,"durationMs":30}
{"timestamp":"2026-04-24T07:34:53.154Z","runId":23,"level":"debug","phase":"write","tableName":"spares_used","tableRunId":181,"status":"start","batchSize":1000}
{"timestamp":"2026-04-24T07:34:53.185Z","runId":23,"level":"debug","phase":"write","tableName":"spares_used","tableRunId":181,"status":"end","inserted":999,"updated":0,"skipped":1,"durationMs":31}
{"timestamp":"2026-04-24T07:34:54.469Z","runId":23,"level":"debug","phase":"write","tableName":"spares_used","tableRunId":181,"status":"start","batchSize":1000}
{"timestamp":"2026-04-24T07:34:54.520Z","runId":23,"level":"debug","phase":"write","tableName":"spares_used","tableRunId":181,"status":"end","inserted":1000,"updated":0,"skipped":0,"durationMs":51}
{"timestamp":"2026-04-24T07:34:55.858Z","runId":23,"level":"debug","phase":"write","tableName":"spares_used","tableRunId":181,"status":"start","batchSize":1000}
{"timestamp":"2026-04-24T07:34:55.889Z","runId":23,"level":"debug","phase":"write","tableName":"spares_used","tableRunId":181,"status":"end","inserted":1000,"updated":0,"skipped":0,"durationMs":31}
{"timestamp":"2026-04-24T07:34:57.165Z","runId":23,"level":"debug","phase":"write","tableName":"spares_used","tableRunId":181,"status":"start","batchSize":1000}
{"timestamp":"2026-04-24T07:34:57.198Z","runId":23,"level":"debug","phase":"write","tableName":"spares_used","tableRunId":181,"status":"end","inserted":1000,"updated":0,"skipped":0,"durationMs":33}
{"timestamp":"2026-04-24T07:34:57.808Z","runId":23,"level":"info","phase":"preflight","action":"firebird_config_check","host":"10.0.0.102","port":3050,"database":"C:\\Autoneer\\data\\AUTONEER.FDB","user":"SYSDBA","passwordSet":true,"passwordLength":9,"passwordSource":"state","useDefaultSysdbaMasterkey":true,"rawPasswordSet":true,"rawPasswordLength":9}
{"timestamp":"2026-04-24T07:34:57.856Z","runId":23,"level":"info","phase":"preflight","attempt":1,"status":"ok"}
{"timestamp":"2026-04-24T07:34:57.856Z","runId":23,"level":"debug","phase":"keepalive","status":"ok"}
{"timestamp":"2026-04-24T07:34:59.001Z","runId":23,"level":"debug","phase":"write","tableName":"spares_used","tableRunId":181,"status":"start","batchSize":1000}
{"timestamp":"2026-04-24T07:34:59.038Z","runId":23,"level":"debug","phase":"write","tableName":"spares_used","tableRunId":181,"status":"end","inserted":997,"updated":0,"skipped":3,"durationMs":37}
{"timestamp":"2026-04-24T07:35:00.326Z","runId":23,"level":"debug","phase":"write","tableName":"spares_used","tableRunId":181,"status":"start","batchSize":1000}
{"timestamp":"2026-04-24T07:35:00.357Z","runId":23,"level":"debug","phase":"write","tableName":"spares_used","tableRunId":181,"status":"end","inserted":994,"updated":0,"skipped":6,"durationMs":31}
{"timestamp":"2026-04-24T07:35:01.634Z","runId":23,"level":"debug","phase":"write","tableName":"spares_used","tableRunId":181,"status":"start","batchSize":1000}
{"timestamp":"2026-04-24T07:35:01.679Z","runId":23,"level":"debug","phase":"write","tableName":"spares_used","tableRunId":181,"status":"end","inserted":998,"updated":0,"skipped":2,"durationMs":45}
{"timestamp":"2026-04-24T07:35:03.595Z","runId":23,"level":"debug","phase":"write","tableName":"spares_used","tableRunId":181,"status":"start","batchSize":1000}
{"timestamp":"2026-04-24T07:35:03.629Z","runId":23,"level":"debug","phase":"write","tableName":"spares_used","tableRunId":181,"status":"end","inserted":997,"updated":0,"skipped":3,"durationMs":34}
{"timestamp":"2026-04-24T07:35:04.902Z","runId":23,"level":"debug","phase":"write","tableName":"spares_used","tableRunId":181,"status":"start","batchSize":1000}
{"timestamp":"2026-04-24T07:35:04.933Z","runId":23,"level":"debug","phase":"write","tableName":"spares_used","tableRunId":181,"status":"end","inserted":998,"updated":0,"skipped":2,"durationMs":31}
{"timestamp":"2026-04-24T07:35:06.205Z","runId":23,"level":"debug","phase":"write","tableName":"spares_used","tableRunId":181,"status":"start","batchSize":1000}
{"timestamp":"2026-04-24T07:35:06.237Z","runId":23,"level":"debug","phase":"write","tableName":"spares_used","tableRunId":181,"status":"end","inserted":994,"updated":0,"skipped":6,"durationMs":32}
{"timestamp":"2026-04-24T07:35:07.512Z","runId":23,"level":"debug","phase":"write","tableName":"spares_used","tableRunId":181,"status":"start","batchSize":1000}
{"timestamp":"2026-04-24T07:35:07.542Z","runId":23,"level":"debug","phase":"write","tableName":"spares_used","tableRunId":181,"status":"end","inserted":999,"updated":0,"skipped":1,"durationMs":30}
{"timestamp":"2026-04-24T07:35:08.843Z","runId":23,"level":"debug","phase":"write","tableName":"spares_used","tableRunId":181,"status":"start","batchSize":1000}
{"timestamp":"2026-04-24T07:35:08.877Z","runId":23,"level":"debug","phase":"write","tableName":"spares_used","tableRunId":181,"status":"end","inserted":999,"updated":0,"skipped":1,"durationMs":34}
{"timestamp":"2026-04-24T07:35:10.762Z","runId":23,"level":"debug","phase":"write","tableName":"spares_used","tableRunId":181,"status":"start","batchSize":1000}
{"timestamp":"2026-04-24T07:35:10.792Z","runId":23,"level":"debug","phase":"write","tableName":"spares_used","tableRunId":181,"status":"end","inserted":998,"updated":0,"skipped":2,"durationMs":30}
{"timestamp":"2026-04-24T07:35:12.077Z","runId":23,"level":"debug","phase":"write","tableName":"spares_used","tableRunId":181,"status":"start","batchSize":1000}
{"timestamp":"2026-04-24T07:35:12.106Z","runId":23,"level":"debug","phase":"write","tableName":"spares_used","tableRunId":181,"status":"end","inserted":1000,"updated":0,"skipped":0,"durationMs":29}
{"timestamp":"2026-04-24T07:35:13.407Z","runId":23,"level":"debug","phase":"write","tableName":"spares_used","tableRunId":181,"status":"start","batchSize":1000}
{"timestamp":"2026-04-24T07:35:13.441Z","runId":23,"level":"debug","phase":"write","tableName":"spares_used","tableRunId":181,"status":"end","inserted":1000,"updated":0,"skipped":0,"durationMs":34}
{"timestamp":"2026-04-24T07:35:14.723Z","runId":23,"level":"debug","phase":"write","tableName":"spares_used","tableRunId":181,"status":"start","batchSize":1000}
{"timestamp":"2026-04-24T07:35:14.756Z","runId":23,"level":"debug","phase":"write","tableName":"spares_used","tableRunId":181,"status":"end","inserted":1000,"updated":0,"skipped":0,"durationMs":33}
{"timestamp":"2026-04-24T07:35:16.047Z","runId":23,"level":"debug","phase":"write","tableName":"spares_used","tableRunId":181,"status":"start","batchSize":1000}
{"timestamp":"2026-04-24T07:35:16.086Z","runId":23,"level":"debug","phase":"write","tableName":"spares_used","tableRunId":181,"status":"end","inserted":1000,"updated":0,"skipped":0,"durationMs":39}
{"timestamp":"2026-04-24T07:35:17.812Z","runId":23,"level":"info","phase":"preflight","action":"firebird_config_check","host":"10.0.0.102","port":3050,"database":"C:\\Autoneer\\data\\AUTONEER.FDB","user":"SYSDBA","passwordSet":true,"passwordLength":9,"passwordSource":"state","useDefaultSysdbaMasterkey":true,"rawPasswordSet":true,"rawPasswordLength":9}
{"timestamp":"2026-04-24T07:35:17.875Z","runId":23,"level":"info","phase":"preflight","attempt":1,"status":"ok"}
{"timestamp":"2026-04-24T07:35:17.876Z","runId":23,"level":"debug","phase":"keepalive","status":"ok"}
{"timestamp":"2026-04-24T07:35:18.083Z","runId":23,"level":"debug","phase":"write","tableName":"spares_used","tableRunId":181,"status":"start","batchSize":1000}
{"timestamp":"2026-04-24T07:35:18.114Z","runId":23,"level":"debug","phase":"write","tableName":"spares_used","tableRunId":181,"status":"end","inserted":1000,"updated":0,"skipped":0,"durationMs":31}
{"timestamp":"2026-04-24T07:35:19.354Z","runId":23,"level":"debug","phase":"write","tableName":"spares_used","tableRunId":181,"status":"start","batchSize":1000}
{"timestamp":"2026-04-24T07:35:19.384Z","runId":23,"level":"debug","phase":"write","tableName":"spares_used","tableRunId":181,"status":"end","inserted":1000,"updated":0,"skipped":0,"durationMs":30}
{"timestamp":"2026-04-24T07:35:20.731Z","runId":23,"level":"debug","phase":"write","tableName":"spares_used","tableRunId":181,"status":"start","batchSize":1000}
{"timestamp":"2026-04-24T07:35:20.761Z","runId":23,"level":"debug","phase":"write","tableName":"spares_used","tableRunId":181,"status":"end","inserted":1000,"updated":0,"skipped":0,"durationMs":30}
{"timestamp":"2026-04-24T07:35:22.089Z","runId":23,"level":"debug","phase":"write","tableName":"spares_used","tableRunId":181,"status":"start","batchSize":1000}
{"timestamp":"2026-04-24T07:35:22.125Z","runId":23,"level":"debug","phase":"write","tableName":"spares_used","tableRunId":181,"status":"end","inserted":1000,"updated":0,"skipped":0,"durationMs":36}
{"timestamp":"2026-04-24T07:35:23.421Z","runId":23,"level":"debug","phase":"write","tableName":"spares_used","tableRunId":181,"status":"start","batchSize":1000}
{"timestamp":"2026-04-24T07:35:23.454Z","runId":23,"level":"debug","phase":"write","tableName":"spares_used","tableRunId":181,"status":"end","inserted":1000,"updated":0,"skipped":0,"durationMs":33}
{"timestamp":"2026-04-24T07:35:25.431Z","runId":23,"level":"debug","phase":"write","tableName":"spares_used","tableRunId":181,"status":"start","batchSize":1000}
{"timestamp":"2026-04-24T07:35:25.460Z","runId":23,"level":"debug","phase":"write","tableName":"spares_used","tableRunId":181,"status":"end","inserted":1000,"updated":0,"skipped":0,"durationMs":29}
{"timestamp":"2026-04-24T07:35:26.787Z","runId":23,"level":"debug","phase":"write","tableName":"spares_used","tableRunId":181,"status":"start","batchSize":1000}
{"timestamp":"2026-04-24T07:35:26.822Z","runId":23,"level":"debug","phase":"write","tableName":"spares_used","tableRunId":181,"status":"end","inserted":1000,"updated":0,"skipped":0,"durationMs":35}
{"timestamp":"2026-04-24T07:35:28.174Z","runId":23,"level":"debug","phase":"write","tableName":"spares_used","tableRunId":181,"status":"start","batchSize":1000}
{"timestamp":"2026-04-24T07:35:28.204Z","runId":23,"level":"debug","phase":"write","tableName":"spares_used","tableRunId":181,"status":"end","inserted":1000,"updated":0,"skipped":0,"durationMs":30}
{"timestamp":"2026-04-24T07:35:29.525Z","runId":23,"level":"debug","phase":"write","tableName":"spares_used","tableRunId":181,"status":"start","batchSize":1000}
{"timestamp":"2026-04-24T07:35:29.571Z","runId":23,"level":"debug","phase":"write","tableName":"spares_used","tableRunId":181,"status":"end","inserted":1000,"updated":0,"skipped":0,"durationMs":46}
{"timestamp":"2026-04-24T07:35:30.912Z","runId":23,"level":"debug","phase":"write","tableName":"spares_used","tableRunId":181,"status":"start","batchSize":1000}
{"timestamp":"2026-04-24T07:35:30.941Z","runId":23,"level":"debug","phase":"write","tableName":"spares_used","tableRunId":181,"status":"end","inserted":1000,"updated":0,"skipped":0,"durationMs":29}
{"timestamp":"2026-04-24T07:35:32.282Z","runId":23,"level":"debug","phase":"write","tableName":"spares_used","tableRunId":181,"status":"start","batchSize":1000}
{"timestamp":"2026-04-24T07:35:32.313Z","runId":23,"level":"debug","phase":"write","tableName":"spares_used","tableRunId":181,"status":"end","inserted":1000,"updated":0,"skipped":0,"durationMs":31}
{"timestamp":"2026-04-24T07:35:33.641Z","runId":23,"level":"debug","phase":"write","tableName":"spares_used","tableRunId":181,"status":"start","batchSize":1000}
{"timestamp":"2026-04-24T07:35:33.673Z","runId":23,"level":"debug","phase":"write","tableName":"spares_used","tableRunId":181,"status":"end","inserted":1000,"updated":0,"skipped":0,"durationMs":32}
{"timestamp":"2026-04-24T07:35:34.964Z","runId":23,"level":"debug","phase":"write","tableName":"spares_used","tableRunId":181,"status":"start","batchSize":1000}
{"timestamp":"2026-04-24T07:35:34.997Z","runId":23,"level":"debug","phase":"write","tableName":"spares_used","tableRunId":181,"status":"end","inserted":1000,"updated":0,"skipped":0,"durationMs":33}
{"timestamp":"2026-04-24T07:35:36.383Z","runId":23,"level":"debug","phase":"write","tableName":"spares_used","tableRunId":181,"status":"start","batchSize":1000}
{"timestamp":"2026-04-24T07:35:36.427Z","runId":23,"level":"debug","phase":"write","tableName":"spares_used","tableRunId":181,"status":"end","inserted":1000,"updated":0,"skipped":0,"durationMs":44}
{"timestamp":"2026-04-24T07:35:37.775Z","runId":23,"level":"debug","phase":"write","tableName":"spares_used","tableRunId":181,"status":"start","batchSize":1000}
{"timestamp":"2026-04-24T07:35:37.808Z","runId":23,"level":"debug","phase":"write","tableName":"spares_used","tableRunId":181,"status":"end","inserted":1000,"updated":0,"skipped":0,"durationMs":33}
{"timestamp":"2026-04-24T07:35:37.812Z","runId":23,"level":"info","phase":"preflight","action":"firebird_config_check","host":"10.0.0.102","port":3050,"database":"C:\\Autoneer\\data\\AUTONEER.FDB","user":"SYSDBA","passwordSet":true,"passwordLength":9,"passwordSource":"state","useDefaultSysdbaMasterkey":true,"rawPasswordSet":true,"rawPasswordLength":9}
{"timestamp":"2026-04-24T07:35:38.536Z","runId":23,"level":"warn","phase":"preflight","attempt":1,"status":"failed","error":"Firebird connection failed: Your user name and password are not defined. Ask your database\nadministrator to set up a Firebird login\n","firebird":{"host":"10.0.0.102","port":"3050","database":"C:\\Autoneer\\data\\AUTONEER.FDB","user":"SY***"},"mysql":{"host":"localhost","port":"3306","schema":"swedish_auto"}}
{"timestamp":"2026-04-24T07:35:39.062Z","runId":23,"level":"debug","phase":"write","tableName":"spares_used","tableRunId":181,"status":"start","batchSize":1000}
{"timestamp":"2026-04-24T07:35:39.093Z","runId":23,"level":"debug","phase":"write","tableName":"spares_used","tableRunId":181,"status":"end","inserted":1000,"updated":0,"skipped":0,"durationMs":31}
{"timestamp":"2026-04-24T07:35:39.502Z","runId":23,"level":"info","phase":"preflight","attempt":2,"status":"ok"}
{"timestamp":"2026-04-24T07:35:39.503Z","runId":23,"level":"debug","phase":"keepalive","status":"ok"}
{"timestamp":"2026-04-24T07:35:40.336Z","runId":23,"level":"debug","phase":"write","tableName":"spares_used","tableRunId":181,"status":"start","batchSize":1000}
{"timestamp":"2026-04-24T07:35:40.367Z","runId":23,"level":"debug","phase":"write","tableName":"spares_used","tableRunId":181,"status":"end","inserted":1000,"updated":0,"skipped":0,"durationMs":31}
{"timestamp":"2026-04-24T07:35:41.667Z","runId":23,"level":"debug","phase":"write","tableName":"spares_used","tableRunId":181,"status":"start","batchSize":1000}
{"timestamp":"2026-04-24T07:35:41.702Z","runId":23,"level":"debug","phase":"write","tableName":"spares_used","tableRunId":181,"status":"end","inserted":1000,"updated":0,"skipped":0,"durationMs":35}
{"timestamp":"2026-04-24T07:35:43.053Z","runId":23,"level":"debug","phase":"write","tableName":"spares_used","tableRunId":181,"status":"start","batchSize":1000}
{"timestamp":"2026-04-24T07:35:43.092Z","runId":23,"level":"debug","phase":"write","tableName":"spares_used","tableRunId":181,"status":"end","inserted":1000,"updated":0,"skipped":0,"durationMs":39}
{"timestamp":"2026-04-24T07:35:44.490Z","runId":23,"level":"debug","phase":"write","tableName":"spares_used","tableRunId":181,"status":"start","batchSize":1000}
{"timestamp":"2026-04-24T07:35:44.520Z","runId":23,"level":"debug","phase":"write","tableName":"spares_used","tableRunId":181,"status":"end","inserted":1000,"updated":0,"skipped":0,"durationMs":30}
{"timestamp":"2026-04-24T07:35:45.867Z","runId":23,"level":"debug","phase":"write","tableName":"spares_used","tableRunId":181,"status":"start","batchSize":1000}
{"timestamp":"2026-04-24T07:35:45.897Z","runId":23,"level":"debug","phase":"write","tableName":"spares_used","tableRunId":181,"status":"end","inserted":1000,"updated":0,"skipped":0,"durationMs":30}
{"timestamp":"2026-04-24T07:35:47.248Z","runId":23,"level":"debug","phase":"write","tableName":"spares_used","tableRunId":181,"status":"start","batchSize":974}
{"timestamp":"2026-04-24T07:35:47.279Z","runId":23,"level":"debug","phase":"write","tableName":"spares_used","tableRunId":181,"status":"end","inserted":972,"updated":0,"skipped":2,"durationMs":31}
{"timestamp":"2026-04-24T07:35:47.284Z","runId":23,"level":"info","phase":"post_validation","tableName":"spares_used","tableRunId":181,"status":"start"}
{"timestamp":"2026-04-24T07:35:47.570Z","runId":23,"level":"info","phase":"post_migration_validation","table":"spares_used","validation":"checksum","checksums":[{"column":"quantity","firebird_sum":126380.26,"mysql_sum":126339.26,"variance":"0.0324%"},{"column":"cost_price","firebird_sum":69253164.44,"mysql_sum":69205392.79,"variance":"0.0690%"},{"column":"sales_price","firebird_sum":150967880.02,"mysql_sum":150902708.14,"variance":"0.0432%"}],"status":"passed"}
{"timestamp":"2026-04-24T07:35:47.570Z","runId":23,"level":"info","phase":"post_migration_validation","table":"spares_used","status":"passed","readRows":89974,"inserted":89937,"updated":0,"skipped":37,"errors":0,"unaccounted":0}
{"timestamp":"2026-04-24T07:35:47.921Z","runId":23,"level":"info","phase":"post_validation","tableName":"spares_used","tableRunId":181,"validation":"price_check","firebird_nonzero":89741,"mysql_total":89937,"mysql_zero":87,"mysql_nonzero":89704}
{"timestamp":"2026-04-24T07:35:47.922Z","runId":23,"level":"info","phase":"post_validation","tableName":"spares_used","tableRunId":181,"status":"passed"}
{"timestamp":"2026-04-24T07:35:47.931Z","runId":23,"level":"info","phase":"table_finalize","tableName":"spares_used","tableRunId":181,"status":"success","inserted":89937,"updated":0,"skipped":37,"errors":0,"durationMs":123548}
{"timestamp":"2026-04-24T07:35:47.932Z","runId":23,"level":"debug","phase":"table_loop","action":"processing","tableName":"credit_notes","mappingTableKeys":["BANKS","CNOTE","STOCK","PRICING","ACCCLASS"]}
{"timestamp":"2026-04-24T07:35:47.932Z","runId":23,"level":"debug","phase":"table_loop","action":"mapping_resolved","tableName":"credit_notes","hasMappingEntry":true,"mappingTarget":"CREDIT_NOTES"}
{"timestamp":"2026-04-24T07:35:47.932Z","runId":23,"level":"debug","phase":"mapping_debug","tableName":"credit_notes","mappedSource":"CNOTE","firebirdTableCount":191,"sampleFirebirdTables":["ACCCLASS","ACCDEPARTMENT","ACCOUNTLINKS","ACCOUNTS","ACCOUNT_OPENING"]}
{"timestamp":"2026-04-24T07:35:48.005Z","runId":23,"level":"debug","phase":"clean_decision","tableName":"credit_notes","cleanBefore":true,"dryRun":false,"mode":"INSERT"}
{"timestamp":"2026-04-24T07:35:48.005Z","runId":23,"type":"table_cleaning_started","table":"credit_notes","tableRunId":182}
{"timestamp":"2026-04-24T07:35:48.006Z","runId":23,"level":"info","phase":"clean","tableName":"credit_notes","tableRunId":182,"status":"start"}
{"timestamp":"2026-04-24T07:35:48.006Z","runId":23,"level":"debug","phase":"clean","tableName":"credit_notes","tableRunId":182,"action":"fk_checks_disabled"}
{"timestamp":"2026-04-24T07:35:48.043Z","runId":23,"level":"info","phase":"clean","tableName":"credit_notes","tableRunId":182,"status":"success","method":"TRUNCATE","affectedRows":null,"postCount":0,"durationMs":37}
{"timestamp":"2026-04-24T07:35:48.050Z","runId":23,"type":"table_cleaned","table":"credit_notes","tableRunId":182,"method":"TRUNCATE","affectedRows":null,"postCount":0}
{"timestamp":"2026-04-24T07:35:48.050Z","runId":23,"level":"debug","phase":"clean","tableName":"credit_notes","tableRunId":182,"action":"fk_checks_restored"}
{"timestamp":"2026-04-24T07:35:48.050Z","runId":23,"level":"info","phase":"table_start","tableName":"credit_notes","tableRunId":182,"mode":"INSERT","keyStrategy":"preserve","dedupeKeys":[]}
{"timestamp":"2026-04-24T07:35:48.133Z","runId":23,"level":"info","phase":"fetch","tableName":"credit_notes","tableRunId":182,"sourceRows":1470,"dateFilter":null}
{"timestamp":"2026-04-24T07:35:48.235Z","runId":23,"level":"debug","phase":"write","tableName":"credit_notes","tableRunId":182,"status":"start","batchSize":1000}
{"timestamp":"2026-04-24T07:35:48.270Z","runId":23,"level":"debug","phase":"write","tableName":"credit_notes","tableRunId":182,"status":"end","inserted":1000,"updated":0,"skipped":0,"durationMs":35}
{"timestamp":"2026-04-24T07:35:48.365Z","runId":23,"level":"debug","phase":"write","tableName":"credit_notes","tableRunId":182,"status":"start","batchSize":470}
{"timestamp":"2026-04-24T07:35:48.386Z","runId":23,"level":"debug","phase":"write","tableName":"credit_notes","tableRunId":182,"status":"end","inserted":470,"updated":0,"skipped":0,"durationMs":21}
{"timestamp":"2026-04-24T07:35:48.399Z","runId":23,"level":"info","phase":"table_finalize","tableName":"credit_notes","tableRunId":182,"status":"success","inserted":1470,"updated":0,"skipped":0,"errors":0,"durationMs":343}
{"timestamp":"2026-04-24T07:35:48.399Z","runId":23,"level":"debug","phase":"table_loop","action":"processing","tableName":"invoice_items","mappingTableKeys":["BANKS","CNOTE","STOCK","PRICING","ACCCLASS"]}
{"timestamp":"2026-04-24T07:35:48.399Z","runId":23,"level":"debug","phase":"table_loop","action":"mapping_resolved","tableName":"invoice_items","hasMappingEntry":true,"mappingTarget":"INVOICE_ITEMS"}
{"timestamp":"2026-04-24T07:35:48.399Z","runId":23,"level":"debug","phase":"mapping_debug","tableName":"invoice_items","mappedSource":"INVTOTAL","firebirdTableCount":191,"sampleFirebirdTables":["ACCCLASS","ACCDEPARTMENT","ACCOUNTLINKS","ACCOUNTS","ACCOUNT_OPENING"]}
{"timestamp":"2026-04-24T07:35:48.471Z","runId":23,"level":"debug","phase":"clean_decision","tableName":"invoice_items","cleanBefore":true,"dryRun":false,"mode":"INSERT"}
{"timestamp":"2026-04-24T07:35:48.471Z","runId":23,"type":"table_cleaning_started","table":"invoice_items","tableRunId":183}
{"timestamp":"2026-04-24T07:35:48.471Z","runId":23,"level":"info","phase":"clean","tableName":"invoice_items","tableRunId":183,"status":"start"}
{"timestamp":"2026-04-24T07:35:48.472Z","runId":23,"level":"debug","phase":"clean","tableName":"invoice_items","tableRunId":183,"action":"fk_checks_disabled"}
{"timestamp":"2026-04-24T07:35:48.508Z","runId":23,"level":"info","phase":"clean","tableName":"invoice_items","tableRunId":183,"status":"success","method":"TRUNCATE","affectedRows":null,"postCount":0,"durationMs":37}
{"timestamp":"2026-04-24T07:35:48.515Z","runId":23,"type":"table_cleaned","table":"invoice_items","tableRunId":183,"method":"TRUNCATE","affectedRows":null,"postCount":0}
{"timestamp":"2026-04-24T07:35:48.516Z","runId":23,"level":"debug","phase":"clean","tableName":"invoice_items","tableRunId":183,"action":"fk_checks_restored"}
{"timestamp":"2026-04-24T07:35:48.516Z","runId":23,"level":"info","phase":"table_start","tableName":"invoice_items","tableRunId":183,"mode":"INSERT","keyStrategy":"preserve","dedupeKeys":[]}
{"timestamp":"2026-04-24T07:35:49.364Z","runId":23,"level":"info","phase":"fetch","tableName":"invoice_items","tableRunId":183,"sourceRows":36312,"dateFilter":null}
{"timestamp":"2026-04-24T07:35:49.634Z","runId":23,"level":"debug","phase":"write","tableName":"invoice_items","tableRunId":183,"status":"start","batchSize":1000}
{"timestamp":"2026-04-24T07:35:49.679Z","runId":23,"level":"debug","phase":"write","tableName":"invoice_items","tableRunId":183,"status":"end","inserted":990,"updated":0,"skipped":10,"durationMs":45}
{"timestamp":"2026-04-24T07:35:49.984Z","runId":23,"level":"debug","phase":"write","tableName":"invoice_items","tableRunId":183,"status":"start","batchSize":1000}
{"timestamp":"2026-04-24T07:35:50.035Z","runId":23,"level":"debug","phase":"write","tableName":"invoice_items","tableRunId":183,"status":"end","inserted":960,"updated":0,"skipped":40,"durationMs":51}
{"timestamp":"2026-04-24T07:35:50.336Z","runId":23,"level":"debug","phase":"write","tableName":"invoice_items","tableRunId":183,"status":"start","batchSize":1000}
{"timestamp":"2026-04-24T07:35:50.366Z","runId":23,"level":"debug","phase":"write","tableName":"invoice_items","tableRunId":183,"status":"end","inserted":956,"updated":0,"skipped":44,"durationMs":30}
{"timestamp":"2026-04-24T07:35:50.669Z","runId":23,"level":"debug","phase":"write","tableName":"invoice_items","tableRunId":183,"status":"start","batchSize":1000}
{"timestamp":"2026-04-24T07:35:50.698Z","runId":23,"level":"debug","phase":"write","tableName":"invoice_items","tableRunId":183,"status":"end","inserted":963,"updated":0,"skipped":37,"durationMs":29}
{"timestamp":"2026-04-24T07:35:51.009Z","runId":23,"level":"debug","phase":"write","tableName":"invoice_items","tableRunId":183,"status":"start","batchSize":1000}
{"timestamp":"2026-04-24T07:35:51.037Z","runId":23,"level":"debug","phase":"write","tableName":"invoice_items","tableRunId":183,"status":"end","inserted":966,"updated":0,"skipped":34,"durationMs":28}
{"timestamp":"2026-04-24T07:35:51.344Z","runId":23,"level":"debug","phase":"write","tableName":"invoice_items","tableRunId":183,"status":"start","batchSize":1000}
{"timestamp":"2026-04-24T07:35:51.366Z","runId":23,"level":"debug","phase":"write","tableName":"invoice_items","tableRunId":183,"status":"end","inserted":668,"updated":0,"skipped":332,"durationMs":22}
{"timestamp":"2026-04-24T07:35:51.680Z","runId":23,"level":"debug","phase":"write","tableName":"invoice_items","tableRunId":183,"status":"start","batchSize":1000}
{"timestamp":"2026-04-24T07:35:51.708Z","runId":23,"level":"debug","phase":"write","tableName":"invoice_items","tableRunId":183,"status":"end","inserted":135,"updated":0,"skipped":865,"durationMs":28}
{"timestamp":"2026-04-24T07:35:52.027Z","runId":23,"level":"debug","phase":"write","tableName":"invoice_items","tableRunId":183,"status":"start","batchSize":1000}
{"timestamp":"2026-04-24T07:35:52.052Z","runId":23,"level":"debug","phase":"write","tableName":"invoice_items","tableRunId":183,"status":"end","inserted":166,"updated":0,"skipped":834,"durationMs":25}
{"timestamp":"2026-04-24T07:35:52.366Z","runId":23,"level":"debug","phase":"write","tableName":"invoice_items","tableRunId":183,"status":"start","batchSize":1000}
{"timestamp":"2026-04-24T07:35:52.385Z","runId":23,"level":"debug","phase":"write","tableName":"invoice_items","tableRunId":183,"status":"end","inserted":39,"updated":0,"skipped":961,"durationMs":19}
{"timestamp":"2026-04-24T07:35:52.699Z","runId":23,"level":"debug","phase":"write","tableName":"invoice_items","tableRunId":183,"status":"start","batchSize":1000}
{"timestamp":"2026-04-24T07:35:52.724Z","runId":23,"level":"debug","phase":"write","tableName":"invoice_items","tableRunId":183,"status":"end","inserted":871,"updated":0,"skipped":129,"durationMs":25}
{"timestamp":"2026-04-24T07:35:53.057Z","runId":23,"level":"debug","phase":"write","tableName":"invoice_items","tableRunId":183,"status":"start","batchSize":1000}
{"timestamp":"2026-04-24T07:35:53.086Z","runId":23,"level":"debug","phase":"write","tableName":"invoice_items","tableRunId":183,"status":"end","inserted":982,"updated":0,"skipped":18,"durationMs":29}
{"timestamp":"2026-04-24T07:35:53.413Z","runId":23,"level":"debug","phase":"write","tableName":"invoice_items","tableRunId":183,"status":"start","batchSize":1000}
{"timestamp":"2026-04-24T07:35:53.440Z","runId":23,"level":"debug","phase":"write","tableName":"invoice_items","tableRunId":183,"status":"end","inserted":995,"updated":0,"skipped":5,"durationMs":27}
{"timestamp":"2026-04-24T07:35:54.576Z","runId":23,"level":"debug","phase":"write","tableName":"invoice_items","tableRunId":183,"status":"start","batchSize":1000}
{"timestamp":"2026-04-24T07:35:54.606Z","runId":23,"level":"debug","phase":"write","tableName":"invoice_items","tableRunId":183,"status":"end","inserted":979,"updated":0,"skipped":21,"durationMs":30}
{"timestamp":"2026-04-24T07:35:54.934Z","runId":23,"level":"debug","phase":"write","tableName":"invoice_items","tableRunId":183,"status":"start","batchSize":1000}
{"timestamp":"2026-04-24T07:35:54.960Z","runId":23,"level":"debug","phase":"write","tableName":"invoice_items","tableRunId":183,"status":"end","inserted":947,"updated":0,"skipped":53,"durationMs":26}
{"timestamp":"2026-04-24T07:35:55.283Z","runId":23,"level":"debug","phase":"write","tableName":"invoice_items","tableRunId":183,"status":"start","batchSize":1000}
{"timestamp":"2026-04-24T07:35:55.321Z","runId":23,"level":"debug","phase":"write","tableName":"invoice_items","tableRunId":183,"status":"end","inserted":936,"updated":0,"skipped":64,"durationMs":38}
{"timestamp":"2026-04-24T07:35:55.645Z","runId":23,"level":"debug","phase":"write","tableName":"invoice_items","tableRunId":183,"status":"start","batchSize":1000}
{"timestamp":"2026-04-24T07:35:55.671Z","runId":23,"level":"debug","phase":"write","tableName":"invoice_items","tableRunId":183,"status":"end","inserted":982,"updated":0,"skipped":18,"durationMs":26}
{"timestamp":"2026-04-24T07:35:56.012Z","runId":23,"level":"debug","phase":"write","tableName":"invoice_items","tableRunId":183,"status":"start","batchSize":1000}
{"timestamp":"2026-04-24T07:35:56.041Z","runId":23,"level":"debug","phase":"write","tableName":"invoice_items","tableRunId":183,"status":"end","inserted":984,"updated":0,"skipped":16,"durationMs":29}
{"timestamp":"2026-04-24T07:35:57.038Z","runId":23,"level":"debug","phase":"write","tableName":"invoice_items","tableRunId":183,"status":"start","batchSize":1000}
{"timestamp":"2026-04-24T07:35:57.066Z","runId":23,"level":"debug","phase":"write","tableName":"invoice_items","tableRunId":183,"status":"end","inserted":955,"updated":0,"skipped":45,"durationMs":28}
{"timestamp":"2026-04-24T07:35:57.394Z","runId":23,"level":"debug","phase":"write","tableName":"invoice_items","tableRunId":183,"status":"start","batchSize":1000}
{"timestamp":"2026-04-24T07:35:57.421Z","runId":23,"level":"debug","phase":"write","tableName":"invoice_items","tableRunId":183,"status":"end","inserted":948,"updated":0,"skipped":52,"durationMs":27}
{"timestamp":"2026-04-24T07:35:57.751Z","runId":23,"level":"debug","phase":"write","tableName":"invoice_items","tableRunId":183,"status":"start","batchSize":1000}
{"timestamp":"2026-04-24T07:35:57.780Z","runId":23,"level":"debug","phase":"write","tableName":"invoice_items","tableRunId":183,"status":"end","inserted":931,"updated":0,"skipped":69,"durationMs":29}
{"timestamp":"2026-04-24T07:35:57.829Z","runId":23,"level":"info","phase":"preflight","action":"firebird_config_check","host":"10.0.0.102","port":3050,"database":"C:\\Autoneer\\data\\AUTONEER.FDB","user":"SYSDBA","passwordSet":true,"passwordLength":9,"passwordSource":"state","useDefaultSysdbaMasterkey":true,"rawPasswordSet":true,"rawPasswordLength":9}
{"timestamp":"2026-04-24T07:35:57.879Z","runId":23,"level":"info","phase":"preflight","attempt":1,"status":"ok"}
{"timestamp":"2026-04-24T07:35:57.879Z","runId":23,"level":"debug","phase":"keepalive","status":"ok"}
{"timestamp":"2026-04-24T07:35:58.059Z","runId":23,"level":"debug","phase":"write","tableName":"invoice_items","tableRunId":183,"status":"start","batchSize":1000}
{"timestamp":"2026-04-24T07:35:58.093Z","runId":23,"level":"debug","phase":"write","tableName":"invoice_items","tableRunId":183,"status":"end","inserted":943,"updated":0,"skipped":57,"durationMs":34}
{"timestamp":"2026-04-24T07:35:58.427Z","runId":23,"level":"debug","phase":"write","tableName":"invoice_items","tableRunId":183,"status":"start","batchSize":1000}
{"timestamp":"2026-04-24T07:35:58.454Z","runId":23,"level":"debug","phase":"write","tableName":"invoice_items","tableRunId":183,"status":"end","inserted":963,"updated":0,"skipped":37,"durationMs":27}
{"timestamp":"2026-04-24T07:35:58.763Z","runId":23,"level":"debug","phase":"write","tableName":"invoice_items","tableRunId":183,"status":"start","batchSize":1000}
{"timestamp":"2026-04-24T07:35:58.794Z","runId":23,"level":"debug","phase":"write","tableName":"invoice_items","tableRunId":183,"status":"end","inserted":958,"updated":0,"skipped":42,"durationMs":31}
{"timestamp":"2026-04-24T07:35:59.125Z","runId":23,"level":"debug","phase":"write","tableName":"invoice_items","tableRunId":183,"status":"start","batchSize":1000}
{"timestamp":"2026-04-24T07:35:59.152Z","runId":23,"level":"debug","phase":"write","tableName":"invoice_items","tableRunId":183,"status":"end","inserted":1000,"updated":0,"skipped":0,"durationMs":27}
{"timestamp":"2026-04-24T07:35:59.494Z","runId":23,"level":"debug","phase":"write","tableName":"invoice_items","tableRunId":183,"status":"start","batchSize":1000}
{"timestamp":"2026-04-24T07:35:59.521Z","runId":23,"level":"debug","phase":"write","tableName":"invoice_items","tableRunId":183,"status":"end","inserted":966,"updated":0,"skipped":34,"durationMs":27}
{"timestamp":"2026-04-24T07:35:59.853Z","runId":23,"level":"debug","phase":"write","tableName":"invoice_items","tableRunId":183,"status":"start","batchSize":1000}
{"timestamp":"2026-04-24T07:35:59.886Z","runId":23,"level":"debug","phase":"write","tableName":"invoice_items","tableRunId":183,"status":"end","inserted":926,"updated":0,"skipped":74,"durationMs":33}
{"timestamp":"2026-04-24T07:36:00.234Z","runId":23,"level":"debug","phase":"write","tableName":"invoice_items","tableRunId":183,"status":"start","batchSize":1000}
{"timestamp":"2026-04-24T07:36:00.272Z","runId":23,"level":"debug","phase":"write","tableName":"invoice_items","tableRunId":183,"status":"end","inserted":973,"updated":0,"skipped":27,"durationMs":38}
{"timestamp":"2026-04-24T07:36:00.612Z","runId":23,"level":"debug","phase":"write","tableName":"invoice_items","tableRunId":183,"status":"start","batchSize":1000}
{"timestamp":"2026-04-24T07:36:00.639Z","runId":23,"level":"debug","phase":"write","tableName":"invoice_items","tableRunId":183,"status":"end","inserted":973,"updated":0,"skipped":27,"durationMs":27}
{"timestamp":"2026-04-24T07:36:00.993Z","runId":23,"level":"debug","phase":"write","tableName":"invoice_items","tableRunId":183,"status":"start","batchSize":1000}
{"timestamp":"2026-04-24T07:36:01.020Z","runId":23,"level":"debug","phase":"write","tableName":"invoice_items","tableRunId":183,"status":"end","inserted":949,"updated":0,"skipped":51,"durationMs":28}
{"timestamp":"2026-04-24T07:36:01.375Z","runId":23,"level":"debug","phase":"write","tableName":"invoice_items","tableRunId":183,"status":"start","batchSize":1000}
{"timestamp":"2026-04-24T07:36:01.402Z","runId":23,"level":"debug","phase":"write","tableName":"invoice_items","tableRunId":183,"status":"end","inserted":931,"updated":0,"skipped":69,"durationMs":27}
{"timestamp":"2026-04-24T07:36:01.749Z","runId":23,"level":"debug","phase":"write","tableName":"invoice_items","tableRunId":183,"status":"start","batchSize":1000}
{"timestamp":"2026-04-24T07:36:01.776Z","runId":23,"level":"debug","phase":"write","tableName":"invoice_items","tableRunId":183,"status":"end","inserted":967,"updated":0,"skipped":33,"durationMs":27}
{"timestamp":"2026-04-24T07:36:02.118Z","runId":23,"level":"debug","phase":"write","tableName":"invoice_items","tableRunId":183,"status":"start","batchSize":1000}
{"timestamp":"2026-04-24T07:36:02.149Z","runId":23,"level":"debug","phase":"write","tableName":"invoice_items","tableRunId":183,"status":"end","inserted":1000,"updated":0,"skipped":0,"durationMs":31}
{"timestamp":"2026-04-24T07:36:02.483Z","runId":23,"level":"debug","phase":"write","tableName":"invoice_items","tableRunId":183,"status":"start","batchSize":1000}
{"timestamp":"2026-04-24T07:36:02.517Z","runId":23,"level":"debug","phase":"write","tableName":"invoice_items","tableRunId":183,"status":"end","inserted":973,"updated":0,"skipped":27,"durationMs":34}
{"timestamp":"2026-04-24T07:36:02.852Z","runId":23,"level":"debug","phase":"write","tableName":"invoice_items","tableRunId":183,"status":"start","batchSize":1000}
{"timestamp":"2026-04-24T07:36:02.878Z","runId":23,"level":"debug","phase":"write","tableName":"invoice_items","tableRunId":183,"status":"end","inserted":978,"updated":0,"skipped":22,"durationMs":26}
{"timestamp":"2026-04-24T07:36:03.218Z","runId":23,"level":"debug","phase":"write","tableName":"invoice_items","tableRunId":183,"status":"start","batchSize":1000}
{"timestamp":"2026-04-24T07:36:03.246Z","runId":23,"level":"debug","phase":"write","tableName":"invoice_items","tableRunId":183,"status":"end","inserted":984,"updated":0,"skipped":16,"durationMs":28}
{"timestamp":"2026-04-24T07:36:04.265Z","runId":23,"level":"debug","phase":"write","tableName":"invoice_items","tableRunId":183,"status":"start","batchSize":1000}
{"timestamp":"2026-04-24T07:36:04.291Z","runId":23,"level":"debug","phase":"write","tableName":"invoice_items","tableRunId":183,"status":"end","inserted":984,"updated":0,"skipped":16,"durationMs":26}
{"timestamp":"2026-04-24T07:36:04.576Z","runId":23,"level":"debug","phase":"write","tableName":"invoice_items","tableRunId":183,"status":"start","batchSize":312}
{"timestamp":"2026-04-24T07:36:04.592Z","runId":23,"level":"debug","phase":"write","tableName":"invoice_items","tableRunId":183,"status":"end","inserted":294,"updated":0,"skipped":18,"durationMs":16}
{"timestamp":"2026-04-24T07:36:04.602Z","runId":23,"level":"info","phase":"table_finalize","tableName":"invoice_items","tableRunId":183,"status":"success","inserted":32115,"updated":0,"skipped":4197,"errors":0,"durationMs":16081}
{"timestamp":"2026-04-24T07:36:04.602Z","runId":23,"level":"debug","phase":"table_loop","action":"processing","tableName":"acc_department","mappingTableKeys":["BANKS","CNOTE","STOCK","PRICING","ACCCLASS"]}
{"timestamp":"2026-04-24T07:36:04.602Z","runId":23,"level":"debug","phase":"table_loop","action":"mapping_resolved","tableName":"acc_department","hasMappingEntry":true,"mappingTarget":"ACC_DEPARTMENT"}
{"timestamp":"2026-04-24T07:36:04.602Z","runId":23,"level":"debug","phase":"mapping_debug","tableName":"acc_department","mappedSource":"ACCDEPARTMENT","firebirdTableCount":191,"sampleFirebirdTables":["ACCCLASS","ACCDEPARTMENT","ACCOUNTLINKS","ACCOUNTS","ACCOUNT_OPENING"]}
{"timestamp":"2026-04-24T07:36:04.668Z","runId":23,"level":"debug","phase":"clean_decision","tableName":"acc_department","cleanBefore":true,"dryRun":false,"mode":"INSERT"}
{"timestamp":"2026-04-24T07:36:04.668Z","runId":23,"type":"table_cleaning_started","table":"acc_department","tableRunId":184}
{"timestamp":"2026-04-24T07:36:04.669Z","runId":23,"level":"info","phase":"clean","tableName":"acc_department","tableRunId":184,"status":"start"}
{"timestamp":"2026-04-24T07:36:04.669Z","runId":23,"level":"debug","phase":"clean","tableName":"acc_department","tableRunId":184,"action":"fk_checks_disabled"}
{"timestamp":"2026-04-24T07:36:04.696Z","runId":23,"level":"info","phase":"clean","tableName":"acc_department","tableRunId":184,"status":"success","method":"TRUNCATE","affectedRows":null,"postCount":0,"durationMs":27}
{"timestamp":"2026-04-24T07:36:04.702Z","runId":23,"type":"table_cleaned","table":"acc_department","tableRunId":184,"method":"TRUNCATE","affectedRows":null,"postCount":0}
{"timestamp":"2026-04-24T07:36:04.702Z","runId":23,"level":"debug","phase":"clean","tableName":"acc_department","tableRunId":184,"action":"fk_checks_restored"}
{"timestamp":"2026-04-24T07:36:04.702Z","runId":23,"level":"info","phase":"table_start","tableName":"acc_department","tableRunId":184,"mode":"INSERT","keyStrategy":"preserve","dedupeKeys":[]}
{"timestamp":"2026-04-24T07:36:04.771Z","runId":23,"level":"info","phase":"fetch","tableName":"acc_department","tableRunId":184,"sourceRows":12,"dateFilter":null}
{"timestamp":"2026-04-24T07:36:04.838Z","runId":23,"level":"debug","phase":"write","tableName":"acc_department","tableRunId":184,"status":"start","batchSize":12}
{"timestamp":"2026-04-24T07:36:04.843Z","runId":23,"level":"debug","phase":"write","tableName":"acc_department","tableRunId":184,"status":"end","inserted":12,"updated":0,"skipped":0,"durationMs":5}
{"timestamp":"2026-04-24T07:36:04.857Z","runId":23,"level":"info","phase":"table_finalize","tableName":"acc_department","tableRunId":184,"status":"success","inserted":12,"updated":0,"skipped":0,"errors":0,"durationMs":148}
{"timestamp":"2026-04-24T07:36:04.857Z","runId":23,"level":"debug","phase":"table_loop","action":"processing","tableName":"labour_pricing","mappingTableKeys":["BANKS","CNOTE","STOCK","PRICING","ACCCLASS"]}
{"timestamp":"2026-04-24T07:36:04.858Z","runId":23,"level":"debug","phase":"table_loop","action":"mapping_resolved","tableName":"labour_pricing","hasMappingEntry":true,"mappingTarget":"LABOUR_PRICING"}
{"timestamp":"2026-04-24T07:36:04.858Z","runId":23,"level":"debug","phase":"mapping_debug","tableName":"labour_pricing","mappedSource":"PRICING","firebirdTableCount":191,"sampleFirebirdTables":["ACCCLASS","ACCDEPARTMENT","ACCOUNTLINKS","ACCOUNTS","ACCOUNT_OPENING"]}
{"timestamp":"2026-04-24T07:36:04.925Z","runId":23,"level":"debug","phase":"clean_decision","tableName":"labour_pricing","cleanBefore":true,"dryRun":false,"mode":"INSERT"}
{"timestamp":"2026-04-24T07:36:04.925Z","runId":23,"type":"table_cleaning_started","table":"labour_pricing","tableRunId":185}
{"timestamp":"2026-04-24T07:36:04.925Z","runId":23,"level":"info","phase":"clean","tableName":"labour_pricing","tableRunId":185,"status":"start"}
{"timestamp":"2026-04-24T07:36:04.925Z","runId":23,"level":"debug","phase":"clean","tableName":"labour_pricing","tableRunId":185,"action":"fk_checks_disabled"}
{"timestamp":"2026-04-24T07:36:04.962Z","runId":23,"level":"info","phase":"clean","tableName":"labour_pricing","tableRunId":185,"status":"success","method":"TRUNCATE","affectedRows":null,"postCount":0,"durationMs":37}
{"timestamp":"2026-04-24T07:36:04.968Z","runId":23,"type":"table_cleaned","table":"labour_pricing","tableRunId":185,"method":"TRUNCATE","affectedRows":null,"postCount":0}
{"timestamp":"2026-04-24T07:36:04.968Z","runId":23,"level":"debug","phase":"clean","tableName":"labour_pricing","tableRunId":185,"action":"fk_checks_restored"}
{"timestamp":"2026-04-24T07:36:04.968Z","runId":23,"level":"info","phase":"table_start","tableName":"labour_pricing","tableRunId":185,"mode":"INSERT","keyStrategy":"preserve","dedupeKeys":[]}
{"timestamp":"2026-04-24T07:36:05.039Z","runId":23,"level":"info","phase":"fetch","tableName":"labour_pricing","tableRunId":185,"sourceRows":3014,"dateFilter":null}
{"timestamp":"2026-04-24T07:36:05.852Z","runId":23,"level":"debug","phase":"write","tableName":"labour_pricing","tableRunId":185,"status":"start","batchSize":1000}
{"timestamp":"2026-04-24T07:36:05.874Z","runId":23,"level":"debug","phase":"write","tableName":"labour_pricing","tableRunId":185,"status":"end","inserted":958,"updated":0,"skipped":42,"durationMs":22}
{"timestamp":"2026-04-24T07:36:05.967Z","runId":23,"level":"debug","phase":"write","tableName":"labour_pricing","tableRunId":185,"status":"start","batchSize":1000}
{"timestamp":"2026-04-24T07:36:05.987Z","runId":23,"level":"debug","phase":"write","tableName":"labour_pricing","tableRunId":185,"status":"end","inserted":1000,"updated":0,"skipped":0,"durationMs":20}
{"timestamp":"2026-04-24T07:36:06.081Z","runId":23,"level":"debug","phase":"write","tableName":"labour_pricing","tableRunId":185,"status":"start","batchSize":1000}
{"timestamp":"2026-04-24T07:36:06.101Z","runId":23,"level":"debug","phase":"write","tableName":"labour_pricing","tableRunId":185,"status":"end","inserted":1000,"updated":0,"skipped":0,"durationMs":20}
{"timestamp":"2026-04-24T07:36:06.178Z","runId":23,"level":"debug","phase":"write","tableName":"labour_pricing","tableRunId":185,"status":"start","batchSize":14}
{"timestamp":"2026-04-24T07:36:06.183Z","runId":23,"level":"debug","phase":"write","tableName":"labour_pricing","tableRunId":185,"status":"end","inserted":14,"updated":0,"skipped":0,"durationMs":5}
{"timestamp":"2026-04-24T07:36:06.194Z","runId":23,"level":"info","phase":"table_finalize","tableName":"labour_pricing","tableRunId":185,"status":"success","inserted":2972,"updated":0,"skipped":42,"errors":0,"durationMs":1221}
{"timestamp":"2026-04-24T07:36:06.194Z","runId":23,"level":"debug","phase":"table_loop","action":"processing","tableName":"invoice_general","mappingTableKeys":["BANKS","CNOTE","STOCK","PRICING","ACCCLASS"]}
{"timestamp":"2026-04-24T07:36:06.194Z","runId":23,"level":"debug","phase":"table_loop","action":"mapping_resolved","tableName":"invoice_general","hasMappingEntry":true,"mappingTarget":"INVOICE_GENERAL"}
{"timestamp":"2026-04-24T07:36:06.194Z","runId":23,"level":"debug","phase":"mapping_debug","tableName":"invoice_general","mappedSource":"INVOICEGENERAL","firebirdTableCount":191,"sampleFirebirdTables":["ACCCLASS","ACCDEPARTMENT","ACCOUNTLINKS","ACCOUNTS","ACCOUNT_OPENING"]}
{"timestamp":"2026-04-24T07:36:06.265Z","runId":23,"level":"debug","phase":"clean_decision","tableName":"invoice_general","cleanBefore":true,"dryRun":false,"mode":"INSERT"}
{"timestamp":"2026-04-24T07:36:06.265Z","runId":23,"type":"table_cleaning_started","table":"invoice_general","tableRunId":186}
{"timestamp":"2026-04-24T07:36:06.266Z","runId":23,"level":"info","phase":"clean","tableName":"invoice_general","tableRunId":186,"status":"start"}
{"timestamp":"2026-04-24T07:36:06.266Z","runId":23,"level":"debug","phase":"clean","tableName":"invoice_general","tableRunId":186,"action":"fk_checks_disabled"}
{"timestamp":"2026-04-24T07:36:06.293Z","runId":23,"level":"info","phase":"clean","tableName":"invoice_general","tableRunId":186,"status":"success","method":"TRUNCATE","affectedRows":null,"postCount":0,"durationMs":27}
{"timestamp":"2026-04-24T07:36:06.299Z","runId":23,"type":"table_cleaned","table":"invoice_general","tableRunId":186,"method":"TRUNCATE","affectedRows":null,"postCount":0}
{"timestamp":"2026-04-24T07:36:06.300Z","runId":23,"level":"debug","phase":"clean","tableName":"invoice_general","tableRunId":186,"action":"fk_checks_restored"}
{"timestamp":"2026-04-24T07:36:06.300Z","runId":23,"level":"info","phase":"table_start","tableName":"invoice_general","tableRunId":186,"mode":"INSERT","keyStrategy":"preserve","dedupeKeys":[]}
{"timestamp":"2026-04-24T07:36:06.374Z","runId":23,"level":"info","phase":"fetch","tableName":"invoice_general","tableRunId":186,"sourceRows":5758,"dateFilter":null}
{"timestamp":"2026-04-24T07:36:07.084Z","runId":23,"level":"debug","phase":"write","tableName":"invoice_general","tableRunId":186,"status":"start","batchSize":1000}
{"timestamp":"2026-04-24T07:36:07.126Z","runId":23,"level":"debug","phase":"write","tableName":"invoice_general","tableRunId":186,"status":"end","inserted":1000,"updated":0,"skipped":0,"durationMs":42}
{"timestamp":"2026-04-24T07:36:07.222Z","runId":23,"level":"debug","phase":"write","tableName":"invoice_general","tableRunId":186,"status":"start","batchSize":1000}
{"timestamp":"2026-04-24T07:36:07.252Z","runId":23,"level":"debug","phase":"write","tableName":"invoice_general","tableRunId":186,"status":"end","inserted":1000,"updated":0,"skipped":0,"durationMs":30}
{"timestamp":"2026-04-24T07:36:07.366Z","runId":23,"level":"debug","phase":"write","tableName":"invoice_general","tableRunId":186,"status":"start","batchSize":1000}
{"timestamp":"2026-04-24T07:36:07.400Z","runId":23,"level":"debug","phase":"write","tableName":"invoice_general","tableRunId":186,"status":"end","inserted":1000,"updated":0,"skipped":0,"durationMs":34}
{"timestamp":"2026-04-24T07:36:07.517Z","runId":23,"level":"debug","phase":"write","tableName":"invoice_general","tableRunId":186,"status":"start","batchSize":1000}
{"timestamp":"2026-04-24T07:36:07.536Z","runId":23,"level":"debug","phase":"write","tableName":"invoice_general","tableRunId":186,"status":"end","inserted":1000,"updated":0,"skipped":0,"durationMs":19}
{"timestamp":"2026-04-24T07:36:07.658Z","runId":23,"level":"debug","phase":"write","tableName":"invoice_general","tableRunId":186,"status":"start","batchSize":1000}
{"timestamp":"2026-04-24T07:36:07.676Z","runId":23,"level":"debug","phase":"write","tableName":"invoice_general","tableRunId":186,"status":"end","inserted":1000,"updated":0,"skipped":0,"durationMs":18}
{"timestamp":"2026-04-24T07:36:08.371Z","runId":23,"level":"debug","phase":"write","tableName":"invoice_general","tableRunId":186,"status":"start","batchSize":758}
{"timestamp":"2026-04-24T07:36:08.387Z","runId":23,"level":"debug","phase":"write","tableName":"invoice_general","tableRunId":186,"status":"end","inserted":758,"updated":0,"skipped":0,"durationMs":16}
{"timestamp":"2026-04-24T07:36:08.401Z","runId":23,"level":"info","phase":"table_finalize","tableName":"invoice_general","tableRunId":186,"status":"success","inserted":5758,"updated":0,"skipped":0,"errors":0,"durationMs":2095}
{"timestamp":"2026-04-24T07:36:08.401Z","runId":23,"level":"debug","phase":"table_loop","action":"processing","tableName":"job_information","mappingTableKeys":["BANKS","CNOTE","STOCK","PRICING","ACCCLASS"]}
{"timestamp":"2026-04-24T07:36:08.401Z","runId":23,"level":"debug","phase":"table_loop","action":"mapping_resolved","tableName":"job_information","hasMappingEntry":true,"mappingTarget":"JOB_INFORMATION"}
{"timestamp":"2026-04-24T07:36:08.401Z","runId":23,"level":"debug","phase":"mapping_debug","tableName":"job_information","mappedSource":"JOB_INFORMATION","firebirdTableCount":191,"sampleFirebirdTables":["ACCCLASS","ACCDEPARTMENT","ACCOUNTLINKS","ACCOUNTS","ACCOUNT_OPENING"]}
{"timestamp":"2026-04-24T07:36:08.470Z","runId":23,"level":"debug","phase":"clean_decision","tableName":"job_information","cleanBefore":true,"dryRun":false,"mode":"INSERT"}
{"timestamp":"2026-04-24T07:36:08.470Z","runId":23,"type":"table_cleaning_started","table":"job_information","tableRunId":187}
{"timestamp":"2026-04-24T07:36:08.470Z","runId":23,"level":"info","phase":"clean","tableName":"job_information","tableRunId":187,"status":"start"}
{"timestamp":"2026-04-24T07:36:08.471Z","runId":23,"level":"debug","phase":"clean","tableName":"job_information","tableRunId":187,"action":"fk_checks_disabled"}
{"timestamp":"2026-04-24T07:36:08.524Z","runId":23,"level":"info","phase":"clean","tableName":"job_information","tableRunId":187,"status":"success","method":"TRUNCATE","affectedRows":null,"postCount":0,"durationMs":54}
{"timestamp":"2026-04-24T07:36:08.529Z","runId":23,"type":"table_cleaned","table":"job_information","tableRunId":187,"method":"TRUNCATE","affectedRows":null,"postCount":0}
{"timestamp":"2026-04-24T07:36:08.529Z","runId":23,"level":"debug","phase":"clean","tableName":"job_information","tableRunId":187,"action":"fk_checks_restored"}
{"timestamp":"2026-04-24T07:36:08.529Z","runId":23,"level":"info","phase":"table_start","tableName":"job_information","tableRunId":187,"mode":"INSERT","keyStrategy":"preserve","dedupeKeys":[]}
{"timestamp":"2026-04-24T07:36:08.620Z","runId":23,"level":"info","phase":"fetch","tableName":"job_information","tableRunId":187,"sourceRows":14009,"dateFilter":null}
{"timestamp":"2026-04-24T07:36:08.735Z","runId":23,"level":"debug","phase":"write","tableName":"job_information","tableRunId":187,"status":"start","batchSize":1000}
{"timestamp":"2026-04-24T07:36:08.790Z","runId":23,"level":"debug","phase":"write","tableName":"job_information","tableRunId":187,"status":"end","inserted":1000,"updated":0,"skipped":0,"durationMs":55}
{"timestamp":"2026-04-24T07:36:09.738Z","runId":23,"level":"debug","phase":"write","tableName":"job_information","tableRunId":187,"status":"start","batchSize":1000}
{"timestamp":"2026-04-24T07:36:09.811Z","runId":23,"level":"debug","phase":"write","tableName":"job_information","tableRunId":187,"status":"end","inserted":1000,"updated":0,"skipped":0,"durationMs":73}
{"timestamp":"2026-04-24T07:36:09.942Z","runId":23,"level":"debug","phase":"write","tableName":"job_information","tableRunId":187,"status":"start","batchSize":1000}
{"timestamp":"2026-04-24T07:36:09.990Z","runId":23,"level":"debug","phase":"write","tableName":"job_information","tableRunId":187,"status":"end","inserted":991,"updated":0,"skipped":9,"durationMs":48}
{"timestamp":"2026-04-24T07:36:10.127Z","runId":23,"level":"debug","phase":"write","tableName":"job_information","tableRunId":187,"status":"start","batchSize":1000}
{"timestamp":"2026-04-24T07:36:10.177Z","runId":23,"level":"debug","phase":"write","tableName":"job_information","tableRunId":187,"status":"end","inserted":978,"updated":0,"skipped":22,"durationMs":50}
{"timestamp":"2026-04-24T07:36:10.313Z","runId":23,"level":"debug","phase":"write","tableName":"job_information","tableRunId":187,"status":"start","batchSize":1000}
{"timestamp":"2026-04-24T07:36:10.357Z","runId":23,"level":"debug","phase":"write","tableName":"job_information","tableRunId":187,"status":"end","inserted":967,"updated":0,"skipped":33,"durationMs":44}
{"timestamp":"2026-04-24T07:36:10.494Z","runId":23,"level":"debug","phase":"write","tableName":"job_information","tableRunId":187,"status":"start","batchSize":1000}
{"timestamp":"2026-04-24T07:36:10.546Z","runId":23,"level":"debug","phase":"write","tableName":"job_information","tableRunId":187,"status":"end","inserted":987,"updated":0,"skipped":13,"durationMs":52}
{"timestamp":"2026-04-24T07:36:10.677Z","runId":23,"level":"debug","phase":"write","tableName":"job_information","tableRunId":187,"status":"start","batchSize":1000}
{"timestamp":"2026-04-24T07:36:10.723Z","runId":23,"level":"debug","phase":"write","tableName":"job_information","tableRunId":187,"status":"end","inserted":990,"updated":0,"skipped":10,"durationMs":46}
{"timestamp":"2026-04-24T07:36:10.866Z","runId":23,"level":"debug","phase":"write","tableName":"job_information","tableRunId":187,"status":"start","batchSize":1000}
{"timestamp":"2026-04-24T07:36:10.909Z","runId":23,"level":"debug","phase":"write","tableName":"job_information","tableRunId":187,"status":"end","inserted":968,"updated":0,"skipped":32,"durationMs":43}
{"timestamp":"2026-04-24T07:36:11.055Z","runId":23,"level":"debug","phase":"write","tableName":"job_information","tableRunId":187,"status":"start","batchSize":1000}
{"timestamp":"2026-04-24T07:36:11.108Z","runId":23,"level":"debug","phase":"write","tableName":"job_information","tableRunId":187,"status":"end","inserted":964,"updated":0,"skipped":36,"durationMs":53}
{"timestamp":"2026-04-24T07:36:11.263Z","runId":23,"level":"debug","phase":"write","tableName":"job_information","tableRunId":187,"status":"start","batchSize":1000}
{"timestamp":"2026-04-24T07:36:11.318Z","runId":23,"level":"debug","phase":"write","tableName":"job_information","tableRunId":187,"status":"end","inserted":964,"updated":0,"skipped":36,"durationMs":55}
{"timestamp":"2026-04-24T07:36:11.450Z","runId":23,"level":"debug","phase":"write","tableName":"job_information","tableRunId":187,"status":"start","batchSize":1000}
{"timestamp":"2026-04-24T07:36:11.495Z","runId":23,"level":"debug","phase":"write","tableName":"job_information","tableRunId":187,"status":"end","inserted":967,"updated":0,"skipped":33,"durationMs":45}
{"timestamp":"2026-04-24T07:36:11.651Z","runId":23,"level":"debug","phase":"write","tableName":"job_information","tableRunId":187,"status":"start","batchSize":1000}
{"timestamp":"2026-04-24T07:36:11.694Z","runId":23,"level":"debug","phase":"write","tableName":"job_information","tableRunId":187,"status":"end","inserted":953,"updated":0,"skipped":47,"durationMs":43}
{"timestamp":"2026-04-24T07:36:11.850Z","runId":23,"level":"debug","phase":"write","tableName":"job_information","tableRunId":187,"status":"start","batchSize":1000}
{"timestamp":"2026-04-24T07:36:11.917Z","runId":23,"level":"debug","phase":"write","tableName":"job_information","tableRunId":187,"status":"end","inserted":966,"updated":0,"skipped":34,"durationMs":67}
{"timestamp":"2026-04-24T07:36:12.105Z","runId":23,"level":"debug","phase":"write","tableName":"job_information","tableRunId":187,"status":"start","batchSize":1000}
{"timestamp":"2026-04-24T07:36:12.156Z","runId":23,"level":"debug","phase":"write","tableName":"job_information","tableRunId":187,"status":"end","inserted":940,"updated":0,"skipped":60,"durationMs":51}
{"timestamp":"2026-04-24T07:36:12.307Z","runId":23,"level":"debug","phase":"write","tableName":"job_information","tableRunId":187,"status":"start","batchSize":9}
{"timestamp":"2026-04-24T07:36:12.311Z","runId":23,"level":"debug","phase":"write","tableName":"job_information","tableRunId":187,"status":"end","inserted":9,"updated":0,"skipped":0,"durationMs":4}
{"timestamp":"2026-04-24T07:36:12.331Z","runId":23,"level":"info","phase":"table_finalize","tableName":"job_information","tableRunId":187,"status":"success","inserted":13644,"updated":0,"skipped":365,"errors":0,"durationMs":3793}
{"timestamp":"2026-04-24T07:36:12.332Z","runId":23,"level":"debug","phase":"table_loop","action":"processing","tableName":"invoices_supplier","mappingTableKeys":["BANKS","CNOTE","STOCK","PRICING","ACCCLASS"]}
{"timestamp":"2026-04-24T07:36:12.332Z","runId":23,"level":"debug","phase":"table_loop","action":"mapping_resolved","tableName":"invoices_supplier","hasMappingEntry":true,"mappingTarget":"INVOICES_SUPPLIER"}
{"timestamp":"2026-04-24T07:36:12.332Z","runId":23,"level":"debug","phase":"mapping_debug","tableName":"invoices_supplier","mappedSource":"INVOICESUPPLIER","firebirdTableCount":191,"sampleFirebirdTables":["ACCCLASS","ACCDEPARTMENT","ACCOUNTLINKS","ACCOUNTS","ACCOUNT_OPENING"]}
{"timestamp":"2026-04-24T07:36:12.410Z","runId":23,"level":"debug","phase":"clean_decision","tableName":"invoices_supplier","cleanBefore":true,"dryRun":false,"mode":"INSERT"}
{"timestamp":"2026-04-24T07:36:12.410Z","runId":23,"type":"table_cleaning_started","table":"invoices_supplier","tableRunId":188}
{"timestamp":"2026-04-24T07:36:12.410Z","runId":23,"level":"info","phase":"clean","tableName":"invoices_supplier","tableRunId":188,"status":"start"}
{"timestamp":"2026-04-24T07:36:12.411Z","runId":23,"level":"debug","phase":"clean","tableName":"invoices_supplier","tableRunId":188,"action":"fk_checks_disabled"}
{"timestamp":"2026-04-24T07:36:12.444Z","runId":23,"level":"info","phase":"clean","tableName":"invoices_supplier","tableRunId":188,"status":"success","method":"TRUNCATE","affectedRows":null,"postCount":0,"durationMs":34}
{"timestamp":"2026-04-24T07:36:12.448Z","runId":23,"type":"table_cleaned","table":"invoices_supplier","tableRunId":188,"method":"TRUNCATE","affectedRows":null,"postCount":0}
{"timestamp":"2026-04-24T07:36:12.449Z","runId":23,"level":"debug","phase":"clean","tableName":"invoices_supplier","tableRunId":188,"action":"fk_checks_restored"}
{"timestamp":"2026-04-24T07:36:12.449Z","runId":23,"level":"info","phase":"table_start","tableName":"invoices_supplier","tableRunId":188,"mode":"INSERT","keyStrategy":"preserve","dedupeKeys":[]}
{"timestamp":"2026-04-24T07:36:12.549Z","runId":23,"level":"info","phase":"fetch","tableName":"invoices_supplier","tableRunId":188,"sourceRows":23338,"dateFilter":null}
{"timestamp":"2026-04-24T07:36:12.651Z","runId":23,"level":"debug","phase":"write","tableName":"invoices_supplier","tableRunId":188,"status":"start","batchSize":1000}
{"timestamp":"2026-04-24T07:36:12.688Z","runId":23,"level":"debug","phase":"write","tableName":"invoices_supplier","tableRunId":188,"status":"end","inserted":1000,"updated":0,"skipped":0,"durationMs":37}
{"timestamp":"2026-04-24T07:36:13.388Z","runId":23,"level":"debug","phase":"write","tableName":"invoices_supplier","tableRunId":188,"status":"start","batchSize":1000}
{"timestamp":"2026-04-24T07:36:13.433Z","runId":23,"level":"debug","phase":"write","tableName":"invoices_supplier","tableRunId":188,"status":"end","inserted":1000,"updated":0,"skipped":0,"durationMs":45}
{"timestamp":"2026-04-24T07:36:14.321Z","runId":23,"level":"debug","phase":"write","tableName":"invoices_supplier","tableRunId":188,"status":"start","batchSize":1000}
{"timestamp":"2026-04-24T07:36:14.345Z","runId":23,"level":"debug","phase":"write","tableName":"invoices_supplier","tableRunId":188,"status":"end","inserted":1000,"updated":0,"skipped":0,"durationMs":24}
{"timestamp":"2026-04-24T07:36:15.224Z","runId":23,"level":"debug","phase":"write","tableName":"invoices_supplier","tableRunId":188,"status":"start","batchSize":1000}
{"timestamp":"2026-04-24T07:36:15.255Z","runId":23,"level":"debug","phase":"write","tableName":"invoices_supplier","tableRunId":188,"status":"end","inserted":1000,"updated":0,"skipped":0,"durationMs":31}
{"timestamp":"2026-04-24T07:36:15.398Z","runId":23,"level":"debug","phase":"write","tableName":"invoices_supplier","tableRunId":188,"status":"start","batchSize":1000}
{"timestamp":"2026-04-24T07:36:15.423Z","runId":23,"level":"debug","phase":"write","tableName":"invoices_supplier","tableRunId":188,"status":"end","inserted":1000,"updated":0,"skipped":0,"durationMs":25}
{"timestamp":"2026-04-24T07:36:16.312Z","runId":23,"level":"debug","phase":"write","tableName":"invoices_supplier","tableRunId":188,"status":"start","batchSize":1000}
{"timestamp":"2026-04-24T07:36:16.341Z","runId":23,"level":"debug","phase":"write","tableName":"invoices_supplier","tableRunId":188,"status":"end","inserted":1000,"updated":0,"skipped":0,"durationMs":29}
{"timestamp":"2026-04-24T07:36:16.460Z","runId":23,"level":"debug","phase":"write","tableName":"invoices_supplier","tableRunId":188,"status":"start","batchSize":1000}
{"timestamp":"2026-04-24T07:36:16.484Z","runId":23,"level":"debug","phase":"write","tableName":"invoices_supplier","tableRunId":188,"status":"end","inserted":1000,"updated":0,"skipped":0,"durationMs":24}
{"timestamp":"2026-04-24T07:36:16.598Z","runId":23,"level":"debug","phase":"write","tableName":"invoices_supplier","tableRunId":188,"status":"start","batchSize":1000}
{"timestamp":"2026-04-24T07:36:16.627Z","runId":23,"level":"debug","phase":"write","tableName":"invoices_supplier","tableRunId":188,"status":"end","inserted":1000,"updated":0,"skipped":0,"durationMs":29}
{"timestamp":"2026-04-24T07:36:16.741Z","runId":23,"level":"debug","phase":"write","tableName":"invoices_supplier","tableRunId":188,"status":"start","batchSize":1000}
{"timestamp":"2026-04-24T07:36:16.768Z","runId":23,"level":"debug","phase":"write","tableName":"invoices_supplier","tableRunId":188,"status":"end","inserted":1000,"updated":0,"skipped":0,"durationMs":27}
{"timestamp":"2026-04-24T07:36:16.891Z","runId":23,"level":"debug","phase":"write","tableName":"invoices_supplier","tableRunId":188,"status":"start","batchSize":1000}
{"timestamp":"2026-04-24T07:36:16.922Z","runId":23,"level":"debug","phase":"write","tableName":"invoices_supplier","tableRunId":188,"status":"end","inserted":1000,"updated":0,"skipped":0,"durationMs":31}
{"timestamp":"2026-04-24T07:36:17.664Z","runId":23,"level":"debug","phase":"write","tableName":"invoices_supplier","tableRunId":188,"status":"start","batchSize":1000}
{"timestamp":"2026-04-24T07:36:17.691Z","runId":23,"level":"debug","phase":"write","tableName":"invoices_supplier","tableRunId":188,"status":"end","inserted":1000,"updated":0,"skipped":0,"durationMs":27}
{"timestamp":"2026-04-24T07:36:17.809Z","runId":23,"level":"debug","phase":"write","tableName":"invoices_supplier","tableRunId":188,"status":"start","batchSize":1000}
{"timestamp":"2026-04-24T07:36:17.831Z","runId":23,"level":"info","phase":"preflight","action":"firebird_config_check","host":"10.0.0.102","port":3050,"database":"C:\\Autoneer\\data\\AUTONEER.FDB","user":"SYSDBA","passwordSet":true,"passwordLength":9,"passwordSource":"state","useDefaultSysdbaMasterkey":true,"rawPasswordSet":true,"rawPasswordLength":9}
{"timestamp":"2026-04-24T07:36:17.840Z","runId":23,"level":"debug","phase":"write","tableName":"invoices_supplier","tableRunId":188,"status":"end","inserted":1000,"updated":0,"skipped":0,"durationMs":31}
{"timestamp":"2026-04-24T07:36:17.884Z","runId":23,"level":"info","phase":"preflight","attempt":1,"status":"ok"}
{"timestamp":"2026-04-24T07:36:17.884Z","runId":23,"level":"debug","phase":"keepalive","status":"ok"}
{"timestamp":"2026-04-24T07:36:17.938Z","runId":23,"level":"debug","phase":"write","tableName":"invoices_supplier","tableRunId":188,"status":"start","batchSize":1000}
{"timestamp":"2026-04-24T07:36:17.962Z","runId":23,"level":"debug","phase":"write","tableName":"invoices_supplier","tableRunId":188,"status":"end","inserted":1000,"updated":0,"skipped":0,"durationMs":24}
{"timestamp":"2026-04-24T07:36:18.086Z","runId":23,"level":"debug","phase":"write","tableName":"invoices_supplier","tableRunId":188,"status":"start","batchSize":1000}
{"timestamp":"2026-04-24T07:36:18.111Z","runId":23,"level":"debug","phase":"write","tableName":"invoices_supplier","tableRunId":188,"status":"end","inserted":1000,"updated":0,"skipped":0,"durationMs":25}
{"timestamp":"2026-04-24T07:36:18.247Z","runId":23,"level":"debug","phase":"write","tableName":"invoices_supplier","tableRunId":188,"status":"start","batchSize":1000}
{"timestamp":"2026-04-24T07:36:18.269Z","runId":23,"level":"debug","phase":"write","tableName":"invoices_supplier","tableRunId":188,"status":"end","inserted":1000,"updated":0,"skipped":0,"durationMs":22}
{"timestamp":"2026-04-24T07:36:18.398Z","runId":23,"level":"debug","phase":"write","tableName":"invoices_supplier","tableRunId":188,"status":"start","batchSize":1000}
{"timestamp":"2026-04-24T07:36:18.424Z","runId":23,"level":"debug","phase":"write","tableName":"invoices_supplier","tableRunId":188,"status":"end","inserted":1000,"updated":0,"skipped":0,"durationMs":26}
{"timestamp":"2026-04-24T07:36:18.570Z","runId":23,"level":"debug","phase":"write","tableName":"invoices_supplier","tableRunId":188,"status":"start","batchSize":1000}
{"timestamp":"2026-04-24T07:36:18.611Z","runId":23,"level":"debug","phase":"write","tableName":"invoices_supplier","tableRunId":188,"status":"end","inserted":1000,"updated":0,"skipped":0,"durationMs":41}
{"timestamp":"2026-04-24T07:36:18.768Z","runId":23,"level":"debug","phase":"write","tableName":"invoices_supplier","tableRunId":188,"status":"start","batchSize":1000}
{"timestamp":"2026-04-24T07:36:18.793Z","runId":23,"level":"debug","phase":"write","tableName":"invoices_supplier","tableRunId":188,"status":"end","inserted":1000,"updated":0,"skipped":0,"durationMs":25}
{"timestamp":"2026-04-24T07:36:18.926Z","runId":23,"level":"debug","phase":"write","tableName":"invoices_supplier","tableRunId":188,"status":"start","batchSize":1000}
{"timestamp":"2026-04-24T07:36:18.951Z","runId":23,"level":"debug","phase":"write","tableName":"invoices_supplier","tableRunId":188,"status":"end","inserted":1000,"updated":0,"skipped":0,"durationMs":25}
{"timestamp":"2026-04-24T07:36:19.085Z","runId":23,"level":"debug","phase":"write","tableName":"invoices_supplier","tableRunId":188,"status":"start","batchSize":1000}
{"timestamp":"2026-04-24T07:36:19.109Z","runId":23,"level":"debug","phase":"write","tableName":"invoices_supplier","tableRunId":188,"status":"end","inserted":1000,"updated":0,"skipped":0,"durationMs":24}
{"timestamp":"2026-04-24T07:36:19.253Z","runId":23,"level":"debug","phase":"write","tableName":"invoices_supplier","tableRunId":188,"status":"start","batchSize":1000}
{"timestamp":"2026-04-24T07:36:19.281Z","runId":23,"level":"debug","phase":"write","tableName":"invoices_supplier","tableRunId":188,"status":"end","inserted":1000,"updated":0,"skipped":0,"durationMs":28}
{"timestamp":"2026-04-24T07:36:19.419Z","runId":23,"level":"debug","phase":"write","tableName":"invoices_supplier","tableRunId":188,"status":"start","batchSize":1000}
{"timestamp":"2026-04-24T07:36:19.445Z","runId":23,"level":"debug","phase":"write","tableName":"invoices_supplier","tableRunId":188,"status":"end","inserted":1000,"updated":0,"skipped":0,"durationMs":26}
{"timestamp":"2026-04-24T07:36:19.588Z","runId":23,"level":"debug","phase":"write","tableName":"invoices_supplier","tableRunId":188,"status":"start","batchSize":1000}
{"timestamp":"2026-04-24T07:36:19.615Z","runId":23,"level":"debug","phase":"write","tableName":"invoices_supplier","tableRunId":188,"status":"end","inserted":1000,"updated":0,"skipped":0,"durationMs":27}
{"timestamp":"2026-04-24T07:36:19.743Z","runId":23,"level":"debug","phase":"write","tableName":"invoices_supplier","tableRunId":188,"status":"start","batchSize":338}
{"timestamp":"2026-04-24T07:36:19.755Z","runId":23,"level":"debug","phase":"write","tableName":"invoices_supplier","tableRunId":188,"status":"end","inserted":338,"updated":0,"skipped":0,"durationMs":12}
{"timestamp":"2026-04-24T07:36:19.764Z","runId":23,"level":"info","phase":"table_finalize","tableName":"invoices_supplier","tableRunId":188,"status":"success","inserted":23338,"updated":0,"skipped":0,"errors":0,"durationMs":7311}
{"timestamp":"2026-04-24T07:36:19.764Z","runId":23,"level":"debug","phase":"table_loop","action":"processing","tableName":"payments_suppliers","mappingTableKeys":["BANKS","CNOTE","STOCK","PRICING","ACCCLASS"]}
{"timestamp":"2026-04-24T07:36:19.764Z","runId":23,"level":"debug","phase":"table_loop","action":"mapping_resolved","tableName":"payments_suppliers","hasMappingEntry":true,"mappingTarget":"PAYMENTS_SUPPLIERS"}
{"timestamp":"2026-04-24T07:36:19.764Z","runId":23,"level":"debug","phase":"mapping_debug","tableName":"payments_suppliers","mappedSource":"PAYMENTSSUPP","firebirdTableCount":191,"sampleFirebirdTables":["ACCCLASS","ACCDEPARTMENT","ACCOUNTLINKS","ACCOUNTS","ACCOUNT_OPENING"]}
{"timestamp":"2026-04-24T07:36:19.838Z","runId":23,"level":"debug","phase":"clean_decision","tableName":"payments_suppliers","cleanBefore":true,"dryRun":false,"mode":"INSERT"}
{"timestamp":"2026-04-24T07:36:19.838Z","runId":23,"type":"table_cleaning_started","table":"payments_suppliers","tableRunId":189}
{"timestamp":"2026-04-24T07:36:19.839Z","runId":23,"level":"info","phase":"clean","tableName":"payments_suppliers","tableRunId":189,"status":"start"}
{"timestamp":"2026-04-24T07:36:19.839Z","runId":23,"level":"debug","phase":"clean","tableName":"payments_suppliers","tableRunId":189,"action":"fk_checks_disabled"}
{"timestamp":"2026-04-24T07:36:19.874Z","runId":23,"level":"info","phase":"clean","tableName":"payments_suppliers","tableRunId":189,"status":"success","method":"TRUNCATE","affectedRows":null,"postCount":0,"durationMs":35}
{"timestamp":"2026-04-24T07:36:19.878Z","runId":23,"type":"table_cleaned","table":"payments_suppliers","tableRunId":189,"method":"TRUNCATE","affectedRows":null,"postCount":0}
{"timestamp":"2026-04-24T07:36:19.879Z","runId":23,"level":"debug","phase":"clean","tableName":"payments_suppliers","tableRunId":189,"action":"fk_checks_restored"}
{"timestamp":"2026-04-24T07:36:19.879Z","runId":23,"level":"info","phase":"table_start","tableName":"payments_suppliers","tableRunId":189,"mode":"INSERT","keyStrategy":"preserve","dedupeKeys":[]}
{"timestamp":"2026-04-24T07:36:19.976Z","runId":23,"level":"info","phase":"fetch","tableName":"payments_suppliers","tableRunId":189,"sourceRows":20865,"dateFilter":null}
{"timestamp":"2026-04-24T07:36:20.140Z","runId":23,"level":"debug","phase":"write","tableName":"payments_suppliers","tableRunId":189,"status":"start","batchSize":1000}
{"timestamp":"2026-04-24T07:36:20.176Z","runId":23,"level":"debug","phase":"write","tableName":"payments_suppliers","tableRunId":189,"status":"end","inserted":1000,"updated":0,"skipped":0,"durationMs":36}
{"timestamp":"2026-04-24T07:36:20.329Z","runId":23,"level":"debug","phase":"write","tableName":"payments_suppliers","tableRunId":189,"status":"start","batchSize":1000}
{"timestamp":"2026-04-24T07:36:20.364Z","runId":23,"level":"debug","phase":"write","tableName":"payments_suppliers","tableRunId":189,"status":"end","inserted":1000,"updated":0,"skipped":0,"durationMs":35}
{"timestamp":"2026-04-24T07:36:20.518Z","runId":23,"level":"debug","phase":"write","tableName":"payments_suppliers","tableRunId":189,"status":"start","batchSize":1000}
{"timestamp":"2026-04-24T07:36:20.559Z","runId":23,"level":"debug","phase":"write","tableName":"payments_suppliers","tableRunId":189,"status":"end","inserted":1000,"updated":0,"skipped":0,"durationMs":41}
{"timestamp":"2026-04-24T07:36:20.691Z","runId":23,"level":"debug","phase":"write","tableName":"payments_suppliers","tableRunId":189,"status":"start","batchSize":1000}
{"timestamp":"2026-04-24T07:36:20.713Z","runId":23,"level":"debug","phase":"write","tableName":"payments_suppliers","tableRunId":189,"status":"end","inserted":1000,"updated":0,"skipped":0,"durationMs":22}
{"timestamp":"2026-04-24T07:36:20.867Z","runId":23,"level":"debug","phase":"write","tableName":"payments_suppliers","tableRunId":189,"status":"start","batchSize":1000}
{"timestamp":"2026-04-24T07:36:20.893Z","runId":23,"level":"debug","phase":"write","tableName":"payments_suppliers","tableRunId":189,"status":"end","inserted":1000,"updated":0,"skipped":0,"durationMs":26}
{"timestamp":"2026-04-24T07:36:21.064Z","runId":23,"level":"debug","phase":"write","tableName":"payments_suppliers","tableRunId":189,"status":"start","batchSize":1000}
{"timestamp":"2026-04-24T07:36:21.089Z","runId":23,"level":"debug","phase":"write","tableName":"payments_suppliers","tableRunId":189,"status":"end","inserted":1000,"updated":0,"skipped":0,"durationMs":25}
{"timestamp":"2026-04-24T07:36:21.262Z","runId":23,"level":"debug","phase":"write","tableName":"payments_suppliers","tableRunId":189,"status":"start","batchSize":1000}
{"timestamp":"2026-04-24T07:36:21.288Z","runId":23,"level":"debug","phase":"write","tableName":"payments_suppliers","tableRunId":189,"status":"end","inserted":1000,"updated":0,"skipped":0,"durationMs":26}
{"timestamp":"2026-04-24T07:36:21.447Z","runId":23,"level":"debug","phase":"write","tableName":"payments_suppliers","tableRunId":189,"status":"start","batchSize":1000}
{"timestamp":"2026-04-24T07:36:21.471Z","runId":23,"level":"debug","phase":"write","tableName":"payments_suppliers","tableRunId":189,"status":"end","inserted":1000,"updated":0,"skipped":0,"durationMs":24}
{"timestamp":"2026-04-24T07:36:22.369Z","runId":23,"level":"debug","phase":"write","tableName":"payments_suppliers","tableRunId":189,"status":"start","batchSize":1000}
{"timestamp":"2026-04-24T07:36:22.402Z","runId":23,"level":"debug","phase":"write","tableName":"payments_suppliers","tableRunId":189,"status":"end","inserted":1000,"updated":0,"skipped":0,"durationMs":33}
{"timestamp":"2026-04-24T07:36:22.587Z","runId":23,"level":"debug","phase":"write","tableName":"payments_suppliers","tableRunId":189,"status":"start","batchSize":1000}
{"timestamp":"2026-04-24T07:36:22.609Z","runId":23,"level":"debug","phase":"write","tableName":"payments_suppliers","tableRunId":189,"status":"end","inserted":1000,"updated":0,"skipped":0,"durationMs":22}
{"timestamp":"2026-04-24T07:36:22.777Z","runId":23,"level":"debug","phase":"write","tableName":"payments_suppliers","tableRunId":189,"status":"start","batchSize":1000}
{"timestamp":"2026-04-24T07:36:22.799Z","runId":23,"level":"debug","phase":"write","tableName":"payments_suppliers","tableRunId":189,"status":"end","inserted":1000,"updated":0,"skipped":0,"durationMs":22}
{"timestamp":"2026-04-24T07:36:22.968Z","runId":23,"level":"debug","phase":"write","tableName":"payments_suppliers","tableRunId":189,"status":"start","batchSize":1000}
{"timestamp":"2026-04-24T07:36:22.991Z","runId":23,"level":"debug","phase":"write","tableName":"payments_suppliers","tableRunId":189,"status":"end","inserted":1000,"updated":0,"skipped":0,"durationMs":23}
{"timestamp":"2026-04-24T07:36:23.164Z","runId":23,"level":"debug","phase":"write","tableName":"payments_suppliers","tableRunId":189,"status":"start","batchSize":1000}
{"timestamp":"2026-04-24T07:36:23.185Z","runId":23,"level":"debug","phase":"write","tableName":"payments_suppliers","tableRunId":189,"status":"end","inserted":1000,"updated":0,"skipped":0,"durationMs":21}
{"timestamp":"2026-04-24T07:36:23.361Z","runId":23,"level":"debug","phase":"write","tableName":"payments_suppliers","tableRunId":189,"status":"start","batchSize":1000}
{"timestamp":"2026-04-24T07:36:23.382Z","runId":23,"level":"debug","phase":"write","tableName":"payments_suppliers","tableRunId":189,"status":"end","inserted":1000,"updated":0,"skipped":0,"durationMs":21}
{"timestamp":"2026-04-24T07:36:23.568Z","runId":23,"level":"debug","phase":"write","tableName":"payments_suppliers","tableRunId":189,"status":"start","batchSize":1000}
{"timestamp":"2026-04-24T07:36:23.590Z","runId":23,"level":"debug","phase":"write","tableName":"payments_suppliers","tableRunId":189,"status":"end","inserted":1000,"updated":0,"skipped":0,"durationMs":22}
{"timestamp":"2026-04-24T07:36:23.751Z","runId":23,"level":"debug","phase":"write","tableName":"payments_suppliers","tableRunId":189,"status":"start","batchSize":1000}
{"timestamp":"2026-04-24T07:36:23.774Z","runId":23,"level":"debug","phase":"write","tableName":"payments_suppliers","tableRunId":189,"status":"end","inserted":1000,"updated":0,"skipped":0,"durationMs":23}
{"timestamp":"2026-04-24T07:36:24.718Z","runId":23,"level":"debug","phase":"write","tableName":"payments_suppliers","tableRunId":189,"status":"start","batchSize":1000}
{"timestamp":"2026-04-24T07:36:24.752Z","runId":23,"level":"debug","phase":"write","tableName":"payments_suppliers","tableRunId":189,"status":"end","inserted":1000,"updated":0,"skipped":0,"durationMs":34}
{"timestamp":"2026-04-24T07:36:25.634Z","runId":23,"level":"debug","phase":"write","tableName":"payments_suppliers","tableRunId":189,"status":"start","batchSize":1000}
{"timestamp":"2026-04-24T07:36:25.659Z","runId":23,"level":"debug","phase":"write","tableName":"payments_suppliers","tableRunId":189,"status":"end","inserted":1000,"updated":0,"skipped":0,"durationMs":25}
{"timestamp":"2026-04-24T07:36:25.834Z","runId":23,"level":"debug","phase":"write","tableName":"payments_suppliers","tableRunId":189,"status":"start","batchSize":1000}
{"timestamp":"2026-04-24T07:36:25.858Z","runId":23,"level":"debug","phase":"write","tableName":"payments_suppliers","tableRunId":189,"status":"end","inserted":1000,"updated":0,"skipped":0,"durationMs":24}
{"timestamp":"2026-04-24T07:36:26.035Z","runId":23,"level":"debug","phase":"write","tableName":"payments_suppliers","tableRunId":189,"status":"start","batchSize":1000}
{"timestamp":"2026-04-24T07:36:26.062Z","runId":23,"level":"debug","phase":"write","tableName":"payments_suppliers","tableRunId":189,"status":"end","inserted":1000,"updated":0,"skipped":0,"durationMs":27}
{"timestamp":"2026-04-24T07:36:26.234Z","runId":23,"level":"debug","phase":"write","tableName":"payments_suppliers","tableRunId":189,"status":"start","batchSize":865}
{"timestamp":"2026-04-24T07:36:26.256Z","runId":23,"level":"debug","phase":"write","tableName":"payments_suppliers","tableRunId":189,"status":"end","inserted":865,"updated":0,"skipped":0,"durationMs":22}
{"timestamp":"2026-04-24T07:36:26.267Z","runId":23,"level":"info","phase":"table_finalize","tableName":"payments_suppliers","tableRunId":189,"status":"success","inserted":20865,"updated":0,"skipped":0,"errors":0,"durationMs":6383}
{"timestamp":"2026-04-24T07:36:26.268Z","runId":23,"level":"debug","phase":"table_loop","action":"processing","tableName":"credit_notes_supplier","mappingTableKeys":["BANKS","CNOTE","STOCK","PRICING","ACCCLASS"]}
{"timestamp":"2026-04-24T07:36:26.268Z","runId":23,"level":"debug","phase":"table_loop","action":"mapping_resolved","tableName":"credit_notes_supplier","hasMappingEntry":true,"mappingTarget":"CREDIT_NOTES_SUPPLIER"}
{"timestamp":"2026-04-24T07:36:26.268Z","runId":23,"level":"debug","phase":"mapping_debug","tableName":"credit_notes_supplier","mappedSource":"CNOTESUPP","firebirdTableCount":191,"sampleFirebirdTables":["ACCCLASS","ACCDEPARTMENT","ACCOUNTLINKS","ACCOUNTS","ACCOUNT_OPENING"]}
{"timestamp":"2026-04-24T07:36:27.026Z","runId":23,"level":"debug","phase":"clean_decision","tableName":"credit_notes_supplier","cleanBefore":true,"dryRun":false,"mode":"INSERT"}
{"timestamp":"2026-04-24T07:36:27.026Z","runId":23,"type":"table_cleaning_started","table":"credit_notes_supplier","tableRunId":190}
{"timestamp":"2026-04-24T07:36:27.026Z","runId":23,"level":"info","phase":"clean","tableName":"credit_notes_supplier","tableRunId":190,"status":"start"}
{"timestamp":"2026-04-24T07:36:27.027Z","runId":23,"level":"debug","phase":"clean","tableName":"credit_notes_supplier","tableRunId":190,"action":"fk_checks_disabled"}
{"timestamp":"2026-04-24T07:36:27.054Z","runId":23,"level":"info","phase":"clean","tableName":"credit_notes_supplier","tableRunId":190,"status":"success","method":"TRUNCATE","affectedRows":null,"postCount":0,"durationMs":28}
{"timestamp":"2026-04-24T07:36:27.060Z","runId":23,"type":"table_cleaned","table":"credit_notes_supplier","tableRunId":190,"method":"TRUNCATE","affectedRows":null,"postCount":0}
{"timestamp":"2026-04-24T07:36:27.061Z","runId":23,"level":"debug","phase":"clean","tableName":"credit_notes_supplier","tableRunId":190,"action":"fk_checks_restored"}
{"timestamp":"2026-04-24T07:36:27.061Z","runId":23,"level":"info","phase":"table_start","tableName":"credit_notes_supplier","tableRunId":190,"mode":"INSERT","keyStrategy":"preserve","dedupeKeys":[]}
{"timestamp":"2026-04-24T07:36:27.130Z","runId":23,"level":"info","phase":"fetch","tableName":"credit_notes_supplier","tableRunId":190,"sourceRows":1102,"dateFilter":null}
{"timestamp":"2026-04-24T07:36:27.222Z","runId":23,"level":"debug","phase":"write","tableName":"credit_notes_supplier","tableRunId":190,"status":"start","batchSize":1000}
{"timestamp":"2026-04-24T07:36:27.248Z","runId":23,"level":"debug","phase":"write","tableName":"credit_notes_supplier","tableRunId":190,"status":"end","inserted":1000,"updated":0,"skipped":0,"durationMs":26}
{"timestamp":"2026-04-24T07:36:27.329Z","runId":23,"level":"debug","phase":"write","tableName":"credit_notes_supplier","tableRunId":190,"status":"start","batchSize":102}
{"timestamp":"2026-04-24T07:36:27.338Z","runId":23,"level":"debug","phase":"write","tableName":"credit_notes_supplier","tableRunId":190,"status":"end","inserted":102,"updated":0,"skipped":0,"durationMs":9}
{"timestamp":"2026-04-24T07:36:27.358Z","runId":23,"level":"info","phase":"table_finalize","tableName":"credit_notes_supplier","tableRunId":190,"status":"success","inserted":1102,"updated":0,"skipped":0,"errors":0,"durationMs":287}
{"timestamp":"2026-04-24T07:36:27.359Z","runId":23,"level":"info","phase":"post_migration_gl_validation","status":"start"}
{"timestamp":"2026-04-24T07:36:27.375Z","runId":23,"level":"info","phase":"post_migration_gl_validation","check":"E","name":"GL Account Types Canonical","passed":true,"errorCount":0,"errors":[]}
{"timestamp":"2026-04-24T07:36:27.375Z","runId":23,"level":"info","phase":"post_migration_gl_validation","check":"F","name":"All Accounts Typed","passed":true,"errorCount":0,"errors":[]}
{"timestamp":"2026-04-24T07:36:27.376Z","runId":23,"level":"warn","phase":"post_migration_gl_validation","check":"A","name":"Account Type Mismatches","passed":false,"errorCount":2,"errors":[{"accnr":6200,"source_accnr":6506200,"name":"INTERNAL PARTS REVENUE","actual_type_id":1,"actual_type_code":"INCOME","source_accclass":6,"expected_type_id":6,"message":"Account 6200 (source accnr 6506200, INTERNAL PARTS REVENUE): type_id=1 (INCOME) but ACCCLASS=6 → expected type_id=6"},{"accnr":6200,"source_accnr":6606200,"name":"INTERNAL PARTS REVENUE","actual_type_id":1,"actual_type_code":"INCOME","source_accclass":6,"expected_type_id":6,"message":"Account 6200 (source accnr 6606200, INTERNAL PARTS REVENUE): type_id=1 (INCOME) but ACCCLASS=6 → expected type_id=6"}]}
{"timestamp":"2026-04-24T07:36:27.376Z","runId":23,"level":"info","phase":"post_migration_gl_validation","check":"B","name":"Posting Line Type Alignment","passed":true,"errorCount":0,"errors":[]}
{"timestamp":"2026-04-24T07:36:27.376Z","runId":23,"level":"info","phase":"post_migration_gl_validation","check":"C","name":"Orphan / Invalid Postings","passed":true,"errorCount":0,"errors":[]}
{"timestamp":"2026-04-24T07:36:27.376Z","runId":23,"level":"info","phase":"post_migration_gl_validation","check":"D","name":"COS Integrity","passed":true,"errorCount":0,"errors":[]}
{"timestamp":"2026-04-24T07:36:27.376Z","runId":23,"level":"error","phase":"post_migration_gl_validation","status":"failed","message":"GL validation failed:\n  • [A] Account Type Mismatches: 2 error(s)"}
{"timestamp":"2026-04-24T07:36:27.377Z","runId":23,"level":"warn","phase":"post_migration_gl_validation","status":"error","error":"Data truncated for column 'status' at row 1","hint":"GL validation could not run — tables may not exist yet. Run 'Rebuild GL Accounts' to create them."}
{"timestamp":"2026-04-24T07:36:27.381Z","runId":23,"level":"info","phase":"run_finalize","status":"success"}
