{"timestamp":"2026-06-08T14:19:22.474Z","runId":5,"level":"info","phase":"run_start","dryRun":false,"batchSize":1000,"fkChecks":true,"tables":[{"table":"BANKS","mode":"INSERT","keyStrategy":"preserve","dedupeKeys":[],"onDuplicate":"SKIP","cleanBefore":true},{"table":"STOCK","mode":"INSERT","keyStrategy":"preserve","dedupeKeys":[],"onDuplicate":"SKIP","cleanBefore":true},{"table":"ACCOUNTS","mode":"INSERT","keyStrategy":"preserve","dedupeKeys":[],"onDuplicate":"SKIP","cleanBefore":true},{"table":"INVOICES","mode":"INSERT","keyStrategy":"preserve","dedupeKeys":[],"onDuplicate":"SKIP","cleanBefore":true},{"table":"LOCATION","mode":"INSERT","keyStrategy":"preserve","dedupeKeys":[],"onDuplicate":"SKIP","cleanBefore":true},{"table":"PAYMENTS","mode":"INSERT","keyStrategy":"preserve","dedupeKeys":[],"onDuplicate":"SKIP","cleanBefore":true},{"table":"ACC_CLASS","mode":"INSERT","keyStrategy":"preserve","dedupeKeys":[],"onDuplicate":"SKIP","cleanBefore":true},{"table":"CUSTOMERS","mode":"INSERT","keyStrategy":"preserve","dedupeKeys":[],"onDuplicate":"SKIP","cleanBefore":true},{"table":"SUPPLIERS","mode":"INSERT","keyStrategy":"preserve","dedupeKeys":[],"onDuplicate":"SKIP","cleanBefore":true},{"table":"WORK_DONE","mode":"INSERT","keyStrategy":"preserve","dedupeKeys":[],"onDuplicate":"SKIP","cleanBefore":true},{"table":"WIP_STATUS","mode":"INSERT","keyStrategy":"preserve","dedupeKeys":[],"onDuplicate":"SKIP","cleanBefore":true},{"table":"SPARES_USED","mode":"INSERT","keyStrategy":"preserve","dedupeKeys":[],"onDuplicate":"SKIP","cleanBefore":true},{"table":"CREDIT_NOTES","mode":"INSERT","keyStrategy":"preserve","dedupeKeys":[],"onDuplicate":"SKIP","cleanBefore":true},{"table":"INVOICE_ITEMS","mode":"INSERT","keyStrategy":"preserve","dedupeKeys":[],"onDuplicate":"SKIP","cleanBefore":true},{"table":"ACC_DEPARTMENT","mode":"INSERT","keyStrategy":"preserve","dedupeKeys":[],"onDuplicate":"SKIP","cleanBefore":true},{"table":"LABOUR_PRICING","mode":"INSERT","keyStrategy":"preserve","dedupeKeys":[],"onDuplicate":"SKIP","cleanBefore":true},{"table":"INVOICE_GENERAL","mode":"INSERT","keyStrategy":"preserve","dedupeKeys":[],"onDuplicate":"SKIP","cleanBefore":true},{"table":"INVOICES_SUPPLIER","mode":"INSERT","keyStrategy":"preserve","dedupeKeys":[],"onDuplicate":"SKIP","cleanBefore":true},{"table":"PAYMENTS_SUPPLIERS","mode":"INSERT","keyStrategy":"preserve","dedupeKeys":[],"onDuplicate":"SKIP","cleanBefore":true},{"table":"CREDIT_NOTES_SUPPLIER","mode":"INSERT","keyStrategy":"preserve","dedupeKeys":[],"onDuplicate":"SKIP","cleanBefore":true}]}
{"timestamp":"2026-06-08T14:19:22.475Z","runId":5,"level":"info","phase":"preflight","action":"firebird_config_check","host":"localhost","port":3050,"database":"C:\\Autoneer\\data\\AUTONEER.FDB","user":"SYSDBA","passwordSet":true,"passwordLength":9,"passwordSource":"state","useDefaultSysdbaMasterkey":true,"rawPasswordSet":true,"rawPasswordLength":9}
{"timestamp":"2026-06-08T14:19:22.538Z","runId":5,"level":"info","phase":"preflight","attempt":1,"status":"ok"}
{"timestamp":"2026-06-08T14:19:22.538Z","runId":5,"level":"debug","phase":"preflight","durationMs":64}
{"timestamp":"2026-06-08T14:19:22.539Z","runId":5,"level":"info","phase":"preflight","action":"nullability_validation","status":"start"}
{"timestamp":"2026-06-08T14:19:22.553Z","runId":5,"level":"info","phase":"preflight","action":"nullability_validation","status":"passed"}
{"timestamp":"2026-06-08T14:19:22.554Z","runId":5,"level":"info","phase":"preflight","action":"gl_account_types_seed","status":"start"}
{"timestamp":"2026-06-08T14:19:22.557Z","runId":5,"level":"info","phase":"preflight","action":"gl_account_types_seed","status":"passed"}
{"timestamp":"2026-06-08T14:19:22.672Z","runId":5,"level":"info","phase":"preflight","action":"accnr_conversion_map","source":"firebird","sourceTable":"ACCOUNTS","count":85}
{"timestamp":"2026-06-08T14:19:22.673Z","runId":5,"level":"debug","phase":"table_loop","action":"starting","includedCount":20,"mappingTableCount":20}
{"timestamp":"2026-06-08T14:19:22.673Z","runId":5,"level":"info","phase":"table_loop","action":"normalized_tables","sampleTables":["BANKS","STOCK","ACCOUNTS","INVOICES","LOCATION"]}
{"timestamp":"2026-06-08T14:19:22.673Z","runId":5,"level":"debug","phase":"table_loop","action":"processing","tableName":"banks","mappingTableKeys":["BANKS","CNOTE","STOCK","PRICING","ACCCLASS"]}
{"timestamp":"2026-06-08T14:19:22.673Z","runId":5,"level":"debug","phase":"table_loop","action":"mapping_resolved","tableName":"banks","hasMappingEntry":true,"mappingTarget":"BANKS"}
{"timestamp":"2026-06-08T14:19:22.673Z","runId":5,"level":"debug","phase":"mapping_debug","tableName":"banks","mappedSource":"BANKS","firebirdTableCount":189,"sampleFirebirdTables":["ACCCLASS","ACCDEPARTMENT","ACCOUNTLINKS","ACCOUNTS","ACCOUNT_OPENING"]}
{"timestamp":"2026-06-08T14:19:22.777Z","runId":5,"level":"debug","phase":"clean_decision","tableName":"banks","cleanBefore":true,"dryRun":false,"mode":"INSERT"}
{"timestamp":"2026-06-08T14:19:22.777Z","runId":5,"type":"table_cleaning_started","table":"banks","tableRunId":67}
{"timestamp":"2026-06-08T14:19:22.777Z","runId":5,"level":"info","phase":"clean","tableName":"banks","tableRunId":67,"status":"start"}
{"timestamp":"2026-06-08T14:19:22.778Z","runId":5,"level":"debug","phase":"clean","tableName":"banks","tableRunId":67,"action":"fk_checks_disabled"}
{"timestamp":"2026-06-08T14:19:22.809Z","runId":5,"level":"info","phase":"clean","tableName":"banks","tableRunId":67,"status":"success","method":"TRUNCATE","affectedRows":null,"postCount":0,"durationMs":32}
{"timestamp":"2026-06-08T14:19:22.818Z","runId":5,"type":"table_cleaned","table":"banks","tableRunId":67,"method":"TRUNCATE","affectedRows":null,"postCount":0}
{"timestamp":"2026-06-08T14:19:22.818Z","runId":5,"level":"debug","phase":"clean","tableName":"banks","tableRunId":67,"action":"fk_checks_restored"}
{"timestamp":"2026-06-08T14:19:22.818Z","runId":5,"level":"info","phase":"table_start","tableName":"banks","tableRunId":67,"mode":"INSERT","keyStrategy":"preserve","dedupeKeys":[]}
{"timestamp":"2026-06-08T14:19:22.833Z","runId":5,"level":"info","phase":"fetch","tableName":"banks","tableRunId":67,"sourceRows":1,"dateFilter":null}
{"timestamp":"2026-06-08T14:19:22.836Z","runId":5,"level":"debug","phase":"write","tableName":"banks","tableRunId":67,"status":"start","batchSize":1}
{"timestamp":"2026-06-08T14:19:22.840Z","runId":5,"level":"debug","phase":"write","tableName":"banks","tableRunId":67,"status":"end","inserted":1,"updated":0,"skipped":0,"durationMs":4}
{"timestamp":"2026-06-08T14:19:22.854Z","runId":5,"level":"info","phase":"table_finalize","tableName":"banks","tableRunId":67,"status":"success","inserted":1,"updated":0,"skipped":0,"errors":0,"durationMs":30}
{"timestamp":"2026-06-08T14:19:22.854Z","runId":5,"level":"debug","phase":"table_loop","action":"processing","tableName":"stock","mappingTableKeys":["BANKS","CNOTE","STOCK","PRICING","ACCCLASS"]}
{"timestamp":"2026-06-08T14:19:22.854Z","runId":5,"level":"debug","phase":"table_loop","action":"mapping_resolved","tableName":"stock","hasMappingEntry":true,"mappingTarget":"STOCK"}
{"timestamp":"2026-06-08T14:19:22.854Z","runId":5,"level":"debug","phase":"mapping_debug","tableName":"stock","mappedSource":"STOCK","firebirdTableCount":189,"sampleFirebirdTables":["ACCCLASS","ACCDEPARTMENT","ACCOUNTLINKS","ACCOUNTS","ACCOUNT_OPENING"]}
{"timestamp":"2026-06-08T14:19:22.965Z","runId":5,"level":"debug","phase":"clean_decision","tableName":"stock","cleanBefore":true,"dryRun":false,"mode":"INSERT"}
{"timestamp":"2026-06-08T14:19:22.965Z","runId":5,"type":"table_cleaning_started","table":"stock","tableRunId":68}
{"timestamp":"2026-06-08T14:19:22.965Z","runId":5,"level":"info","phase":"clean","tableName":"stock","tableRunId":68,"status":"start"}
{"timestamp":"2026-06-08T14:19:22.966Z","runId":5,"level":"debug","phase":"clean","tableName":"stock","tableRunId":68,"action":"fk_checks_disabled"}
{"timestamp":"2026-06-08T14:19:23.032Z","runId":5,"level":"info","phase":"clean","tableName":"stock","tableRunId":68,"status":"success","method":"TRUNCATE","affectedRows":null,"postCount":0,"durationMs":67}
{"timestamp":"2026-06-08T14:19:23.040Z","runId":5,"type":"table_cleaned","table":"stock","tableRunId":68,"method":"TRUNCATE","affectedRows":null,"postCount":0}
{"timestamp":"2026-06-08T14:19:23.041Z","runId":5,"level":"debug","phase":"clean","tableName":"stock","tableRunId":68,"action":"fk_checks_restored"}
{"timestamp":"2026-06-08T14:19:23.041Z","runId":5,"level":"info","phase":"table_start","tableName":"stock","tableRunId":68,"mode":"INSERT","keyStrategy":"preserve","dedupeKeys":[]}
{"timestamp":"2026-06-08T14:19:23.071Z","runId":5,"level":"info","phase":"fetch","tableName":"stock","tableRunId":68,"sourceRows":28067,"dateFilter":null}
{"timestamp":"2026-06-08T14:19:23.302Z","runId":5,"level":"debug","phase":"write","tableName":"stock","tableRunId":68,"status":"start","batchSize":1000}
{"timestamp":"2026-06-08T14:19:23.373Z","runId":5,"level":"debug","phase":"write","tableName":"stock","tableRunId":68,"status":"end","inserted":1000,"updated":0,"skipped":0,"durationMs":71}
{"timestamp":"2026-06-08T14:19:23.598Z","runId":5,"level":"debug","phase":"write","tableName":"stock","tableRunId":68,"status":"start","batchSize":1000}
{"timestamp":"2026-06-08T14:19:23.662Z","runId":5,"level":"debug","phase":"write","tableName":"stock","tableRunId":68,"status":"end","inserted":1000,"updated":0,"skipped":0,"durationMs":64}
{"timestamp":"2026-06-08T14:19:23.910Z","runId":5,"level":"debug","phase":"write","tableName":"stock","tableRunId":68,"status":"start","batchSize":1000}
{"timestamp":"2026-06-08T14:19:23.946Z","runId":5,"level":"debug","phase":"write","tableName":"stock","tableRunId":68,"status":"end","inserted":1000,"updated":0,"skipped":0,"durationMs":36}
{"timestamp":"2026-06-08T14:19:24.178Z","runId":5,"level":"debug","phase":"write","tableName":"stock","tableRunId":68,"status":"start","batchSize":1000}
{"timestamp":"2026-06-08T14:19:24.211Z","runId":5,"level":"debug","phase":"write","tableName":"stock","tableRunId":68,"status":"end","inserted":1000,"updated":0,"skipped":0,"durationMs":33}
{"timestamp":"2026-06-08T14:19:24.446Z","runId":5,"level":"debug","phase":"write","tableName":"stock","tableRunId":68,"status":"start","batchSize":1000}
{"timestamp":"2026-06-08T14:19:24.486Z","runId":5,"level":"debug","phase":"write","tableName":"stock","tableRunId":68,"status":"end","inserted":1000,"updated":0,"skipped":0,"durationMs":40}
{"timestamp":"2026-06-08T14:19:24.734Z","runId":5,"level":"debug","phase":"write","tableName":"stock","tableRunId":68,"status":"start","batchSize":1000}
{"timestamp":"2026-06-08T14:19:24.785Z","runId":5,"level":"debug","phase":"write","tableName":"stock","tableRunId":68,"status":"end","inserted":1000,"updated":0,"skipped":0,"durationMs":51}
{"timestamp":"2026-06-08T14:19:25.045Z","runId":5,"level":"debug","phase":"write","tableName":"stock","tableRunId":68,"status":"start","batchSize":1000}
{"timestamp":"2026-06-08T14:19:25.078Z","runId":5,"level":"debug","phase":"write","tableName":"stock","tableRunId":68,"status":"end","inserted":1000,"updated":0,"skipped":0,"durationMs":33}
{"timestamp":"2026-06-08T14:19:25.343Z","runId":5,"level":"debug","phase":"write","tableName":"stock","tableRunId":68,"status":"start","batchSize":1000}
{"timestamp":"2026-06-08T14:19:25.379Z","runId":5,"level":"debug","phase":"write","tableName":"stock","tableRunId":68,"status":"end","inserted":1000,"updated":0,"skipped":0,"durationMs":36}
{"timestamp":"2026-06-08T14:19:25.629Z","runId":5,"level":"debug","phase":"write","tableName":"stock","tableRunId":68,"status":"start","batchSize":1000}
{"timestamp":"2026-06-08T14:19:25.664Z","runId":5,"level":"debug","phase":"write","tableName":"stock","tableRunId":68,"status":"end","inserted":1000,"updated":0,"skipped":0,"durationMs":35}
{"timestamp":"2026-06-08T14:19:25.924Z","runId":5,"level":"debug","phase":"write","tableName":"stock","tableRunId":68,"status":"start","batchSize":1000}
{"timestamp":"2026-06-08T14:19:25.981Z","runId":5,"level":"debug","phase":"write","tableName":"stock","tableRunId":68,"status":"end","inserted":1000,"updated":0,"skipped":0,"durationMs":57}
{"timestamp":"2026-06-08T14:19:26.241Z","runId":5,"level":"debug","phase":"write","tableName":"stock","tableRunId":68,"status":"start","batchSize":1000}
{"timestamp":"2026-06-08T14:19:26.276Z","runId":5,"level":"debug","phase":"write","tableName":"stock","tableRunId":68,"status":"end","inserted":1000,"updated":0,"skipped":0,"durationMs":35}
{"timestamp":"2026-06-08T14:19:26.527Z","runId":5,"level":"debug","phase":"write","tableName":"stock","tableRunId":68,"status":"start","batchSize":1000}
{"timestamp":"2026-06-08T14:19:26.566Z","runId":5,"level":"debug","phase":"write","tableName":"stock","tableRunId":68,"status":"end","inserted":1000,"updated":0,"skipped":0,"durationMs":39}
{"timestamp":"2026-06-08T14:19:26.822Z","runId":5,"level":"debug","phase":"write","tableName":"stock","tableRunId":68,"status":"start","batchSize":1000}
{"timestamp":"2026-06-08T14:19:26.858Z","runId":5,"level":"debug","phase":"write","tableName":"stock","tableRunId":68,"status":"end","inserted":999,"updated":0,"skipped":1,"durationMs":36}
{"timestamp":"2026-06-08T14:19:27.123Z","runId":5,"level":"debug","phase":"write","tableName":"stock","tableRunId":68,"status":"start","batchSize":1000}
{"timestamp":"2026-06-08T14:19:27.170Z","runId":5,"level":"debug","phase":"write","tableName":"stock","tableRunId":68,"status":"end","inserted":1000,"updated":0,"skipped":0,"durationMs":47}
{"timestamp":"2026-06-08T14:19:27.447Z","runId":5,"level":"debug","phase":"write","tableName":"stock","tableRunId":68,"status":"start","batchSize":1000}
{"timestamp":"2026-06-08T14:19:27.481Z","runId":5,"level":"debug","phase":"write","tableName":"stock","tableRunId":68,"status":"end","inserted":1000,"updated":0,"skipped":0,"durationMs":34}
{"timestamp":"2026-06-08T14:19:27.744Z","runId":5,"level":"debug","phase":"write","tableName":"stock","tableRunId":68,"status":"start","batchSize":1000}
{"timestamp":"2026-06-08T14:19:27.778Z","runId":5,"level":"debug","phase":"write","tableName":"stock","tableRunId":68,"status":"end","inserted":1000,"updated":0,"skipped":0,"durationMs":34}
{"timestamp":"2026-06-08T14:19:28.044Z","runId":5,"level":"debug","phase":"write","tableName":"stock","tableRunId":68,"status":"start","batchSize":1000}
{"timestamp":"2026-06-08T14:19:28.077Z","runId":5,"level":"debug","phase":"write","tableName":"stock","tableRunId":68,"status":"end","inserted":1000,"updated":0,"skipped":0,"durationMs":33}
{"timestamp":"2026-06-08T14:19:28.355Z","runId":5,"level":"debug","phase":"write","tableName":"stock","tableRunId":68,"status":"start","batchSize":1000}
{"timestamp":"2026-06-08T14:19:28.423Z","runId":5,"level":"debug","phase":"write","tableName":"stock","tableRunId":68,"status":"end","inserted":1000,"updated":0,"skipped":0,"durationMs":68}
{"timestamp":"2026-06-08T14:19:28.686Z","runId":5,"level":"debug","phase":"write","tableName":"stock","tableRunId":68,"status":"start","batchSize":1000}
{"timestamp":"2026-06-08T14:19:28.722Z","runId":5,"level":"debug","phase":"write","tableName":"stock","tableRunId":68,"status":"end","inserted":1000,"updated":0,"skipped":0,"durationMs":36}
{"timestamp":"2026-06-08T14:19:29.005Z","runId":5,"level":"debug","phase":"write","tableName":"stock","tableRunId":68,"status":"start","batchSize":1000}
{"timestamp":"2026-06-08T14:19:29.044Z","runId":5,"level":"debug","phase":"write","tableName":"stock","tableRunId":68,"status":"end","inserted":1000,"updated":0,"skipped":0,"durationMs":39}
{"timestamp":"2026-06-08T14:19:29.316Z","runId":5,"level":"debug","phase":"write","tableName":"stock","tableRunId":68,"status":"start","batchSize":1000}
{"timestamp":"2026-06-08T14:19:29.353Z","runId":5,"level":"debug","phase":"write","tableName":"stock","tableRunId":68,"status":"end","inserted":1000,"updated":0,"skipped":0,"durationMs":37}
{"timestamp":"2026-06-08T14:19:29.623Z","runId":5,"level":"debug","phase":"write","tableName":"stock","tableRunId":68,"status":"start","batchSize":1000}
{"timestamp":"2026-06-08T14:19:29.678Z","runId":5,"level":"debug","phase":"write","tableName":"stock","tableRunId":68,"status":"end","inserted":1000,"updated":0,"skipped":0,"durationMs":55}
{"timestamp":"2026-06-08T14:19:29.960Z","runId":5,"level":"debug","phase":"write","tableName":"stock","tableRunId":68,"status":"start","batchSize":1000}
{"timestamp":"2026-06-08T14:19:30.000Z","runId":5,"level":"debug","phase":"write","tableName":"stock","tableRunId":68,"status":"end","inserted":1000,"updated":0,"skipped":0,"durationMs":39}
{"timestamp":"2026-06-08T14:19:30.273Z","runId":5,"level":"debug","phase":"write","tableName":"stock","tableRunId":68,"status":"start","batchSize":1000}
{"timestamp":"2026-06-08T14:19:30.309Z","runId":5,"level":"debug","phase":"write","tableName":"stock","tableRunId":68,"status":"end","inserted":1000,"updated":0,"skipped":0,"durationMs":36}
{"timestamp":"2026-06-08T14:19:30.608Z","runId":5,"level":"debug","phase":"write","tableName":"stock","tableRunId":68,"status":"start","batchSize":1000}
{"timestamp":"2026-06-08T14:19:30.644Z","runId":5,"level":"debug","phase":"write","tableName":"stock","tableRunId":68,"status":"end","inserted":1000,"updated":0,"skipped":0,"durationMs":36}
{"timestamp":"2026-06-08T14:19:30.943Z","runId":5,"level":"debug","phase":"write","tableName":"stock","tableRunId":68,"status":"start","batchSize":1000}
{"timestamp":"2026-06-08T14:19:31.006Z","runId":5,"level":"debug","phase":"write","tableName":"stock","tableRunId":68,"status":"end","inserted":1000,"updated":0,"skipped":0,"durationMs":63}
{"timestamp":"2026-06-08T14:19:31.303Z","runId":5,"level":"debug","phase":"write","tableName":"stock","tableRunId":68,"status":"start","batchSize":1000}
{"timestamp":"2026-06-08T14:19:31.356Z","runId":5,"level":"debug","phase":"write","tableName":"stock","tableRunId":68,"status":"end","inserted":1000,"updated":0,"skipped":0,"durationMs":53}
{"timestamp":"2026-06-08T14:19:31.645Z","runId":5,"level":"debug","phase":"write","tableName":"stock","tableRunId":68,"status":"start","batchSize":1000}
{"timestamp":"2026-06-08T14:19:31.682Z","runId":5,"level":"debug","phase":"write","tableName":"stock","tableRunId":68,"status":"end","inserted":1000,"updated":0,"skipped":0,"durationMs":37}
{"timestamp":"2026-06-08T14:19:31.955Z","runId":5,"level":"debug","phase":"write","tableName":"stock","tableRunId":68,"status":"start","batchSize":67}
{"timestamp":"2026-06-08T14:19:31.968Z","runId":5,"level":"debug","phase":"write","tableName":"stock","tableRunId":68,"status":"end","inserted":67,"updated":0,"skipped":0,"durationMs":13}
{"timestamp":"2026-06-08T14:19:31.983Z","runId":5,"level":"info","phase":"table_finalize","tableName":"stock","tableRunId":68,"status":"success","inserted":28066,"updated":0,"skipped":1,"errors":0,"durationMs":8935}
{"timestamp":"2026-06-08T14:19:31.984Z","runId":5,"level":"debug","phase":"table_loop","action":"processing","tableName":"accounts","mappingTableKeys":["BANKS","CNOTE","STOCK","PRICING","ACCCLASS"]}
{"timestamp":"2026-06-08T14:19:31.984Z","runId":5,"level":"debug","phase":"table_loop","action":"mapping_resolved","tableName":"accounts","hasMappingEntry":true,"mappingTarget":"ACCOUNTS"}
{"timestamp":"2026-06-08T14:19:31.984Z","runId":5,"level":"debug","phase":"mapping_debug","tableName":"accounts","mappedSource":"ACCOUNTS","firebirdTableCount":189,"sampleFirebirdTables":["ACCCLASS","ACCDEPARTMENT","ACCOUNTLINKS","ACCOUNTS","ACCOUNT_OPENING"]}
{"timestamp":"2026-06-08T14:19:32.074Z","runId":5,"level":"debug","phase":"clean_decision","tableName":"accounts","cleanBefore":true,"dryRun":false,"mode":"INSERT"}
{"timestamp":"2026-06-08T14:19:32.074Z","runId":5,"type":"table_cleaning_started","table":"accounts","tableRunId":69}
{"timestamp":"2026-06-08T14:19:32.074Z","runId":5,"level":"info","phase":"clean","tableName":"accounts","tableRunId":69,"status":"start"}
{"timestamp":"2026-06-08T14:19:32.074Z","runId":5,"level":"debug","phase":"clean","tableName":"accounts","tableRunId":69,"action":"fk_checks_disabled"}
{"timestamp":"2026-06-08T14:19:32.104Z","runId":5,"level":"info","phase":"clean","tableName":"accounts","tableRunId":69,"status":"success","method":"TRUNCATE","affectedRows":null,"postCount":0,"durationMs":30}
{"timestamp":"2026-06-08T14:19:32.111Z","runId":5,"type":"table_cleaned","table":"accounts","tableRunId":69,"method":"TRUNCATE","affectedRows":null,"postCount":0}
{"timestamp":"2026-06-08T14:19:32.112Z","runId":5,"level":"debug","phase":"clean","tableName":"accounts","tableRunId":69,"action":"fk_checks_restored"}
{"timestamp":"2026-06-08T14:19:32.112Z","runId":5,"level":"info","phase":"table_start","tableName":"accounts","tableRunId":69,"mode":"INSERT","keyStrategy":"preserve","dedupeKeys":[]}
{"timestamp":"2026-06-08T14:19:32.127Z","runId":5,"level":"info","phase":"fetch","tableName":"accounts","tableRunId":69,"sourceRows":108,"dateFilter":null}
{"timestamp":"2026-06-08T14:19:32.136Z","runId":5,"level":"debug","phase":"write","tableName":"accounts","tableRunId":69,"status":"start","batchSize":108}
{"timestamp":"2026-06-08T14:19:32.142Z","runId":5,"level":"debug","phase":"write","tableName":"accounts","tableRunId":69,"status":"end","inserted":79,"updated":0,"skipped":29,"durationMs":6}
{"timestamp":"2026-06-08T14:19:32.155Z","runId":5,"level":"info","phase":"table_finalize","tableName":"accounts","tableRunId":69,"status":"success","inserted":79,"updated":0,"skipped":29,"errors":0,"durationMs":37}
{"timestamp":"2026-06-08T14:19:32.155Z","runId":5,"level":"debug","phase":"table_loop","action":"processing","tableName":"invoices","mappingTableKeys":["BANKS","CNOTE","STOCK","PRICING","ACCCLASS"]}
{"timestamp":"2026-06-08T14:19:32.155Z","runId":5,"level":"debug","phase":"table_loop","action":"mapping_resolved","tableName":"invoices","hasMappingEntry":true,"mappingTarget":"INVOICES"}
{"timestamp":"2026-06-08T14:19:32.155Z","runId":5,"level":"debug","phase":"mapping_debug","tableName":"invoices","mappedSource":"INVOICES","firebirdTableCount":189,"sampleFirebirdTables":["ACCCLASS","ACCDEPARTMENT","ACCOUNTLINKS","ACCOUNTS","ACCOUNT_OPENING"]}
{"timestamp":"2026-06-08T14:19:32.246Z","runId":5,"level":"debug","phase":"clean_decision","tableName":"invoices","cleanBefore":true,"dryRun":false,"mode":"INSERT"}
{"timestamp":"2026-06-08T14:19:32.246Z","runId":5,"type":"table_cleaning_started","table":"invoices","tableRunId":70}
{"timestamp":"2026-06-08T14:19:32.246Z","runId":5,"level":"info","phase":"clean","tableName":"invoices","tableRunId":70,"status":"start"}
{"timestamp":"2026-06-08T14:19:32.247Z","runId":5,"level":"debug","phase":"clean","tableName":"invoices","tableRunId":70,"action":"fk_checks_disabled"}
{"timestamp":"2026-06-08T14:19:32.314Z","runId":5,"level":"info","phase":"clean","tableName":"invoices","tableRunId":70,"status":"success","method":"TRUNCATE","affectedRows":null,"postCount":0,"durationMs":68}
{"timestamp":"2026-06-08T14:19:32.319Z","runId":5,"type":"table_cleaned","table":"invoices","tableRunId":70,"method":"TRUNCATE","affectedRows":null,"postCount":0}
{"timestamp":"2026-06-08T14:19:32.319Z","runId":5,"level":"debug","phase":"clean","tableName":"invoices","tableRunId":70,"action":"fk_checks_restored"}
{"timestamp":"2026-06-08T14:19:32.319Z","runId":5,"level":"info","phase":"table_start","tableName":"invoices","tableRunId":70,"mode":"INSERT","keyStrategy":"preserve","dedupeKeys":[]}
{"timestamp":"2026-06-08T14:19:32.349Z","runId":5,"level":"info","phase":"fetch","tableName":"invoices","tableRunId":70,"sourceRows":29569,"dateFilter":null}
{"timestamp":"2026-06-08T14:19:32.625Z","runId":5,"level":"debug","phase":"write","tableName":"invoices","tableRunId":70,"status":"start","batchSize":1000}
{"timestamp":"2026-06-08T14:19:32.686Z","runId":5,"level":"debug","phase":"write","tableName":"invoices","tableRunId":70,"status":"end","inserted":1000,"updated":0,"skipped":0,"durationMs":61}
{"timestamp":"2026-06-08T14:19:32.981Z","runId":5,"level":"debug","phase":"write","tableName":"invoices","tableRunId":70,"status":"start","batchSize":1000}
{"timestamp":"2026-06-08T14:19:33.071Z","runId":5,"level":"debug","phase":"write","tableName":"invoices","tableRunId":70,"status":"end","inserted":1000,"updated":0,"skipped":0,"durationMs":90}
{"timestamp":"2026-06-08T14:19:33.342Z","runId":5,"level":"debug","phase":"write","tableName":"invoices","tableRunId":70,"status":"start","batchSize":1000}
{"timestamp":"2026-06-08T14:19:33.384Z","runId":5,"level":"debug","phase":"write","tableName":"invoices","tableRunId":70,"status":"end","inserted":1000,"updated":0,"skipped":0,"durationMs":42}
{"timestamp":"2026-06-08T14:19:33.650Z","runId":5,"level":"debug","phase":"write","tableName":"invoices","tableRunId":70,"status":"start","batchSize":1000}
{"timestamp":"2026-06-08T14:19:33.692Z","runId":5,"level":"debug","phase":"write","tableName":"invoices","tableRunId":70,"status":"end","inserted":1000,"updated":0,"skipped":0,"durationMs":42}
{"timestamp":"2026-06-08T14:19:33.991Z","runId":5,"level":"debug","phase":"write","tableName":"invoices","tableRunId":70,"status":"start","batchSize":1000}
{"timestamp":"2026-06-08T14:19:34.035Z","runId":5,"level":"debug","phase":"write","tableName":"invoices","tableRunId":70,"status":"end","inserted":1000,"updated":0,"skipped":0,"durationMs":44}
{"timestamp":"2026-06-08T14:19:34.339Z","runId":5,"level":"debug","phase":"write","tableName":"invoices","tableRunId":70,"status":"start","batchSize":1000}
{"timestamp":"2026-06-08T14:19:34.387Z","runId":5,"level":"debug","phase":"write","tableName":"invoices","tableRunId":70,"status":"end","inserted":1000,"updated":0,"skipped":0,"durationMs":48}
{"timestamp":"2026-06-08T14:19:34.677Z","runId":5,"level":"debug","phase":"write","tableName":"invoices","tableRunId":70,"status":"start","batchSize":1000}
{"timestamp":"2026-06-08T14:19:34.715Z","runId":5,"level":"debug","phase":"write","tableName":"invoices","tableRunId":70,"status":"end","inserted":1000,"updated":0,"skipped":0,"durationMs":38}
{"timestamp":"2026-06-08T14:19:35.023Z","runId":5,"level":"debug","phase":"write","tableName":"invoices","tableRunId":70,"status":"start","batchSize":1000}
{"timestamp":"2026-06-08T14:19:35.067Z","runId":5,"level":"debug","phase":"write","tableName":"invoices","tableRunId":70,"status":"end","inserted":1000,"updated":0,"skipped":0,"durationMs":44}
{"timestamp":"2026-06-08T14:19:35.376Z","runId":5,"level":"debug","phase":"write","tableName":"invoices","tableRunId":70,"status":"start","batchSize":1000}
{"timestamp":"2026-06-08T14:19:35.442Z","runId":5,"level":"debug","phase":"write","tableName":"invoices","tableRunId":70,"status":"end","inserted":1000,"updated":0,"skipped":0,"durationMs":66}
{"timestamp":"2026-06-08T14:19:35.752Z","runId":5,"level":"debug","phase":"write","tableName":"invoices","tableRunId":70,"status":"start","batchSize":1000}
{"timestamp":"2026-06-08T14:19:35.794Z","runId":5,"level":"debug","phase":"write","tableName":"invoices","tableRunId":70,"status":"end","inserted":1000,"updated":0,"skipped":0,"durationMs":42}
{"timestamp":"2026-06-08T14:19:36.107Z","runId":5,"level":"debug","phase":"write","tableName":"invoices","tableRunId":70,"status":"start","batchSize":1000}
{"timestamp":"2026-06-08T14:19:36.145Z","runId":5,"level":"debug","phase":"write","tableName":"invoices","tableRunId":70,"status":"end","inserted":1000,"updated":0,"skipped":0,"durationMs":38}
{"timestamp":"2026-06-08T14:19:36.457Z","runId":5,"level":"debug","phase":"write","tableName":"invoices","tableRunId":70,"status":"start","batchSize":1000}
{"timestamp":"2026-06-08T14:19:36.520Z","runId":5,"level":"debug","phase":"write","tableName":"invoices","tableRunId":70,"status":"end","inserted":1000,"updated":0,"skipped":0,"durationMs":63}
{"timestamp":"2026-06-08T14:19:36.834Z","runId":5,"level":"debug","phase":"write","tableName":"invoices","tableRunId":70,"status":"start","batchSize":1000}
{"timestamp":"2026-06-08T14:19:36.873Z","runId":5,"level":"debug","phase":"write","tableName":"invoices","tableRunId":70,"status":"end","inserted":1000,"updated":0,"skipped":0,"durationMs":39}
{"timestamp":"2026-06-08T14:19:37.186Z","runId":5,"level":"debug","phase":"write","tableName":"invoices","tableRunId":70,"status":"start","batchSize":1000}
{"timestamp":"2026-06-08T14:19:37.228Z","runId":5,"level":"debug","phase":"write","tableName":"invoices","tableRunId":70,"status":"end","inserted":1000,"updated":0,"skipped":0,"durationMs":42}
{"timestamp":"2026-06-08T14:19:37.540Z","runId":5,"level":"debug","phase":"write","tableName":"invoices","tableRunId":70,"status":"start","batchSize":1000}
{"timestamp":"2026-06-08T14:19:37.581Z","runId":5,"level":"debug","phase":"write","tableName":"invoices","tableRunId":70,"status":"end","inserted":1000,"updated":0,"skipped":0,"durationMs":41}
{"timestamp":"2026-06-08T14:19:37.907Z","runId":5,"level":"debug","phase":"write","tableName":"invoices","tableRunId":70,"status":"start","batchSize":1000}
{"timestamp":"2026-06-08T14:19:37.958Z","runId":5,"level":"debug","phase":"write","tableName":"invoices","tableRunId":70,"status":"end","inserted":1000,"updated":0,"skipped":0,"durationMs":51}
{"timestamp":"2026-06-08T14:19:38.288Z","runId":5,"level":"debug","phase":"write","tableName":"invoices","tableRunId":70,"status":"start","batchSize":1000}
{"timestamp":"2026-06-08T14:19:38.329Z","runId":5,"level":"debug","phase":"write","tableName":"invoices","tableRunId":70,"status":"end","inserted":1000,"updated":0,"skipped":0,"durationMs":41}
{"timestamp":"2026-06-08T14:19:38.648Z","runId":5,"level":"debug","phase":"write","tableName":"invoices","tableRunId":70,"status":"start","batchSize":1000}
{"timestamp":"2026-06-08T14:19:38.684Z","runId":5,"level":"debug","phase":"write","tableName":"invoices","tableRunId":70,"status":"end","inserted":1000,"updated":0,"skipped":0,"durationMs":36}
{"timestamp":"2026-06-08T14:19:39.017Z","runId":5,"level":"debug","phase":"write","tableName":"invoices","tableRunId":70,"status":"start","batchSize":1000}
{"timestamp":"2026-06-08T14:19:39.086Z","runId":5,"level":"debug","phase":"write","tableName":"invoices","tableRunId":70,"status":"end","inserted":1000,"updated":0,"skipped":0,"durationMs":69}
{"timestamp":"2026-06-08T14:19:39.423Z","runId":5,"level":"debug","phase":"write","tableName":"invoices","tableRunId":70,"status":"start","batchSize":1000}
{"timestamp":"2026-06-08T14:19:39.459Z","runId":5,"level":"debug","phase":"write","tableName":"invoices","tableRunId":70,"status":"end","inserted":1000,"updated":0,"skipped":0,"durationMs":36}
{"timestamp":"2026-06-08T14:19:39.793Z","runId":5,"level":"debug","phase":"write","tableName":"invoices","tableRunId":70,"status":"start","batchSize":1000}
{"timestamp":"2026-06-08T14:19:39.832Z","runId":5,"level":"debug","phase":"write","tableName":"invoices","tableRunId":70,"status":"end","inserted":1000,"updated":0,"skipped":0,"durationMs":39}
{"timestamp":"2026-06-08T14:19:40.166Z","runId":5,"level":"debug","phase":"write","tableName":"invoices","tableRunId":70,"status":"start","batchSize":1000}
{"timestamp":"2026-06-08T14:19:40.211Z","runId":5,"level":"debug","phase":"write","tableName":"invoices","tableRunId":70,"status":"end","inserted":1000,"updated":0,"skipped":0,"durationMs":45}
{"timestamp":"2026-06-08T14:19:40.539Z","runId":5,"level":"debug","phase":"write","tableName":"invoices","tableRunId":70,"status":"start","batchSize":1000}
{"timestamp":"2026-06-08T14:19:40.591Z","runId":5,"level":"debug","phase":"write","tableName":"invoices","tableRunId":70,"status":"end","inserted":1000,"updated":0,"skipped":0,"durationMs":52}
{"timestamp":"2026-06-08T14:19:40.922Z","runId":5,"level":"debug","phase":"write","tableName":"invoices","tableRunId":70,"status":"start","batchSize":1000}
{"timestamp":"2026-06-08T14:19:40.966Z","runId":5,"level":"debug","phase":"write","tableName":"invoices","tableRunId":70,"status":"end","inserted":999,"updated":0,"skipped":1,"durationMs":44}
{"timestamp":"2026-06-08T14:19:41.302Z","runId":5,"level":"debug","phase":"write","tableName":"invoices","tableRunId":70,"status":"start","batchSize":1000}
{"timestamp":"2026-06-08T14:19:41.342Z","runId":5,"level":"debug","phase":"write","tableName":"invoices","tableRunId":70,"status":"end","inserted":998,"updated":0,"skipped":2,"durationMs":40}
{"timestamp":"2026-06-08T14:19:41.688Z","runId":5,"level":"debug","phase":"write","tableName":"invoices","tableRunId":70,"status":"start","batchSize":1000}
{"timestamp":"2026-06-08T14:19:41.742Z","runId":5,"level":"debug","phase":"write","tableName":"invoices","tableRunId":70,"status":"end","inserted":998,"updated":0,"skipped":2,"durationMs":54}
{"timestamp":"2026-06-08T14:19:42.090Z","runId":5,"level":"debug","phase":"write","tableName":"invoices","tableRunId":70,"status":"start","batchSize":1000}
{"timestamp":"2026-06-08T14:19:42.135Z","runId":5,"level":"debug","phase":"write","tableName":"invoices","tableRunId":70,"status":"end","inserted":1000,"updated":0,"skipped":0,"durationMs":45}
{"timestamp":"2026-06-08T14:19:42.474Z","runId":5,"level":"debug","phase":"write","tableName":"invoices","tableRunId":70,"status":"start","batchSize":1000}
{"timestamp":"2026-06-08T14:19:42.516Z","runId":5,"level":"debug","phase":"write","tableName":"invoices","tableRunId":70,"status":"end","inserted":1000,"updated":0,"skipped":0,"durationMs":42}
{"timestamp":"2026-06-08T14:19:42.567Z","runId":5,"level":"info","phase":"preflight","action":"firebird_config_check","host":"localhost","port":3050,"database":"C:\\Autoneer\\data\\AUTONEER.FDB","user":"SYSDBA","passwordSet":true,"passwordLength":9,"passwordSource":"state","useDefaultSysdbaMasterkey":true,"rawPasswordSet":true,"rawPasswordLength":9}
{"timestamp":"2026-06-08T14:19:42.631Z","runId":5,"level":"info","phase":"preflight","attempt":1,"status":"ok"}
{"timestamp":"2026-06-08T14:19:42.632Z","runId":5,"level":"debug","phase":"keepalive","status":"ok"}
{"timestamp":"2026-06-08T14:19:42.830Z","runId":5,"level":"debug","phase":"write","tableName":"invoices","tableRunId":70,"status":"start","batchSize":1000}
{"timestamp":"2026-06-08T14:19:42.899Z","runId":5,"level":"debug","phase":"write","tableName":"invoices","tableRunId":70,"status":"end","inserted":1000,"updated":0,"skipped":0,"durationMs":69}
{"timestamp":"2026-06-08T14:19:43.230Z","runId":5,"level":"debug","phase":"write","tableName":"invoices","tableRunId":70,"status":"start","batchSize":569}
{"timestamp":"2026-06-08T14:19:43.260Z","runId":5,"level":"debug","phase":"write","tableName":"invoices","tableRunId":70,"status":"end","inserted":569,"updated":0,"skipped":0,"durationMs":30}
{"timestamp":"2026-06-08T14:19:43.285Z","runId":5,"level":"info","phase":"table_finalize","tableName":"invoices","tableRunId":70,"status":"success","inserted":29564,"updated":0,"skipped":5,"errors":0,"durationMs":10959}
{"timestamp":"2026-06-08T14:19:43.285Z","runId":5,"level":"debug","phase":"table_loop","action":"processing","tableName":"location","mappingTableKeys":["BANKS","CNOTE","STOCK","PRICING","ACCCLASS"]}
{"timestamp":"2026-06-08T14:19:43.285Z","runId":5,"level":"debug","phase":"table_loop","action":"mapping_resolved","tableName":"location","hasMappingEntry":true,"mappingTarget":"LOCATION"}
{"timestamp":"2026-06-08T14:19:43.285Z","runId":5,"level":"debug","phase":"mapping_debug","tableName":"location","mappedSource":"LOCATION","firebirdTableCount":189,"sampleFirebirdTables":["ACCCLASS","ACCDEPARTMENT","ACCOUNTLINKS","ACCOUNTS","ACCOUNT_OPENING"]}
{"timestamp":"2026-06-08T14:19:43.930Z","runId":5,"level":"debug","phase":"clean_decision","tableName":"location","cleanBefore":true,"dryRun":false,"mode":"INSERT"}
{"timestamp":"2026-06-08T14:19:43.930Z","runId":5,"type":"table_cleaning_started","table":"location","tableRunId":71}
{"timestamp":"2026-06-08T14:19:43.931Z","runId":5,"level":"info","phase":"clean","tableName":"location","tableRunId":71,"status":"start"}
{"timestamp":"2026-06-08T14:19:43.931Z","runId":5,"level":"debug","phase":"clean","tableName":"location","tableRunId":71,"action":"fk_checks_disabled"}
{"timestamp":"2026-06-08T14:19:43.958Z","runId":5,"level":"info","phase":"clean","tableName":"location","tableRunId":71,"status":"success","method":"TRUNCATE","affectedRows":null,"postCount":0,"durationMs":27}
{"timestamp":"2026-06-08T14:19:43.963Z","runId":5,"type":"table_cleaned","table":"location","tableRunId":71,"method":"TRUNCATE","affectedRows":null,"postCount":0}
{"timestamp":"2026-06-08T14:19:43.964Z","runId":5,"level":"debug","phase":"clean","tableName":"location","tableRunId":71,"action":"fk_checks_restored"}
{"timestamp":"2026-06-08T14:19:43.964Z","runId":5,"level":"info","phase":"table_start","tableName":"location","tableRunId":71,"mode":"INSERT","keyStrategy":"preserve","dedupeKeys":[]}
{"timestamp":"2026-06-08T14:19:43.978Z","runId":5,"level":"info","phase":"fetch","tableName":"location","tableRunId":71,"sourceRows":6,"dateFilter":null}
{"timestamp":"2026-06-08T14:19:43.981Z","runId":5,"level":"debug","phase":"write","tableName":"location","tableRunId":71,"status":"start","batchSize":6}
{"timestamp":"2026-06-08T14:19:43.985Z","runId":5,"level":"debug","phase":"write","tableName":"location","tableRunId":71,"status":"end","inserted":6,"updated":0,"skipped":0,"durationMs":4}
{"timestamp":"2026-06-08T14:19:43.996Z","runId":5,"level":"info","phase":"table_finalize","tableName":"location","tableRunId":71,"status":"success","inserted":6,"updated":0,"skipped":0,"errors":0,"durationMs":28}
{"timestamp":"2026-06-08T14:19:43.997Z","runId":5,"level":"debug","phase":"table_loop","action":"processing","tableName":"payments","mappingTableKeys":["BANKS","CNOTE","STOCK","PRICING","ACCCLASS"]}
{"timestamp":"2026-06-08T14:19:43.997Z","runId":5,"level":"debug","phase":"table_loop","action":"mapping_resolved","tableName":"payments","hasMappingEntry":true,"mappingTarget":"PAYMENTS"}
{"timestamp":"2026-06-08T14:19:43.997Z","runId":5,"level":"debug","phase":"mapping_debug","tableName":"payments","mappedSource":"PAYMENTS","firebirdTableCount":189,"sampleFirebirdTables":["ACCCLASS","ACCDEPARTMENT","ACCOUNTLINKS","ACCOUNTS","ACCOUNT_OPENING"]}
{"timestamp":"2026-06-08T14:19:44.095Z","runId":5,"level":"debug","phase":"clean_decision","tableName":"payments","cleanBefore":true,"dryRun":false,"mode":"INSERT"}
{"timestamp":"2026-06-08T14:19:44.095Z","runId":5,"type":"table_cleaning_started","table":"payments","tableRunId":72}
{"timestamp":"2026-06-08T14:19:44.096Z","runId":5,"level":"info","phase":"clean","tableName":"payments","tableRunId":72,"status":"start"}
{"timestamp":"2026-06-08T14:19:44.096Z","runId":5,"level":"debug","phase":"clean","tableName":"payments","tableRunId":72,"action":"fk_checks_disabled"}
{"timestamp":"2026-06-08T14:19:44.144Z","runId":5,"level":"info","phase":"clean","tableName":"payments","tableRunId":72,"status":"success","method":"TRUNCATE","affectedRows":null,"postCount":0,"durationMs":48}
{"timestamp":"2026-06-08T14:19:44.149Z","runId":5,"type":"table_cleaned","table":"payments","tableRunId":72,"method":"TRUNCATE","affectedRows":null,"postCount":0}
{"timestamp":"2026-06-08T14:19:44.150Z","runId":5,"level":"debug","phase":"clean","tableName":"payments","tableRunId":72,"action":"fk_checks_restored"}
{"timestamp":"2026-06-08T14:19:44.150Z","runId":5,"level":"info","phase":"table_start","tableName":"payments","tableRunId":72,"mode":"INSERT","keyStrategy":"preserve","dedupeKeys":[]}
{"timestamp":"2026-06-08T14:19:44.180Z","runId":5,"level":"info","phase":"fetch","tableName":"payments","tableRunId":72,"sourceRows":36126,"dateFilter":null}
{"timestamp":"2026-06-08T14:19:44.203Z","runId":5,"level":"debug","phase":"write","tableName":"payments","tableRunId":72,"status":"start","batchSize":1000}
{"timestamp":"2026-06-08T14:19:44.246Z","runId":5,"level":"debug","phase":"write","tableName":"payments","tableRunId":72,"status":"end","inserted":1000,"updated":0,"skipped":0,"durationMs":43}
{"timestamp":"2026-06-08T14:19:44.273Z","runId":5,"level":"debug","phase":"write","tableName":"payments","tableRunId":72,"status":"start","batchSize":1000}
{"timestamp":"2026-06-08T14:19:44.322Z","runId":5,"level":"debug","phase":"write","tableName":"payments","tableRunId":72,"status":"end","inserted":1000,"updated":0,"skipped":0,"durationMs":49}
{"timestamp":"2026-06-08T14:19:44.352Z","runId":5,"level":"debug","phase":"write","tableName":"payments","tableRunId":72,"status":"start","batchSize":1000}
{"timestamp":"2026-06-08T14:19:44.399Z","runId":5,"level":"debug","phase":"write","tableName":"payments","tableRunId":72,"status":"end","inserted":1000,"updated":0,"skipped":0,"durationMs":47}
{"timestamp":"2026-06-08T14:19:44.432Z","runId":5,"level":"debug","phase":"write","tableName":"payments","tableRunId":72,"status":"start","batchSize":1000}
{"timestamp":"2026-06-08T14:19:44.461Z","runId":5,"level":"debug","phase":"write","tableName":"payments","tableRunId":72,"status":"end","inserted":1000,"updated":0,"skipped":0,"durationMs":29}
{"timestamp":"2026-06-08T14:19:44.493Z","runId":5,"level":"debug","phase":"write","tableName":"payments","tableRunId":72,"status":"start","batchSize":1000}
{"timestamp":"2026-06-08T14:19:44.543Z","runId":5,"level":"debug","phase":"write","tableName":"payments","tableRunId":72,"status":"end","inserted":1000,"updated":0,"skipped":0,"durationMs":50}
{"timestamp":"2026-06-08T14:19:44.580Z","runId":5,"level":"debug","phase":"write","tableName":"payments","tableRunId":72,"status":"start","batchSize":1000}
{"timestamp":"2026-06-08T14:19:44.611Z","runId":5,"level":"debug","phase":"write","tableName":"payments","tableRunId":72,"status":"end","inserted":1000,"updated":0,"skipped":0,"durationMs":31}
{"timestamp":"2026-06-08T14:19:44.647Z","runId":5,"level":"debug","phase":"write","tableName":"payments","tableRunId":72,"status":"start","batchSize":1000}
{"timestamp":"2026-06-08T14:19:44.675Z","runId":5,"level":"debug","phase":"write","tableName":"payments","tableRunId":72,"status":"end","inserted":1000,"updated":0,"skipped":0,"durationMs":28}
{"timestamp":"2026-06-08T14:19:44.711Z","runId":5,"level":"debug","phase":"write","tableName":"payments","tableRunId":72,"status":"start","batchSize":1000}
{"timestamp":"2026-06-08T14:19:44.743Z","runId":5,"level":"debug","phase":"write","tableName":"payments","tableRunId":72,"status":"end","inserted":1000,"updated":0,"skipped":0,"durationMs":32}
{"timestamp":"2026-06-08T14:19:44.782Z","runId":5,"level":"debug","phase":"write","tableName":"payments","tableRunId":72,"status":"start","batchSize":1000}
{"timestamp":"2026-06-08T14:19:44.815Z","runId":5,"level":"debug","phase":"write","tableName":"payments","tableRunId":72,"status":"end","inserted":1000,"updated":0,"skipped":0,"durationMs":33}
{"timestamp":"2026-06-08T14:19:44.859Z","runId":5,"level":"debug","phase":"write","tableName":"payments","tableRunId":72,"status":"start","batchSize":1000}
{"timestamp":"2026-06-08T14:19:44.887Z","runId":5,"level":"debug","phase":"write","tableName":"payments","tableRunId":72,"status":"end","inserted":1000,"updated":0,"skipped":0,"durationMs":28}
{"timestamp":"2026-06-08T14:19:44.932Z","runId":5,"level":"debug","phase":"write","tableName":"payments","tableRunId":72,"status":"start","batchSize":1000}
{"timestamp":"2026-06-08T14:19:44.970Z","runId":5,"level":"debug","phase":"write","tableName":"payments","tableRunId":72,"status":"end","inserted":1000,"updated":0,"skipped":0,"durationMs":38}
{"timestamp":"2026-06-08T14:19:45.019Z","runId":5,"level":"debug","phase":"write","tableName":"payments","tableRunId":72,"status":"start","batchSize":1000}
{"timestamp":"2026-06-08T14:19:45.052Z","runId":5,"level":"debug","phase":"write","tableName":"payments","tableRunId":72,"status":"end","inserted":1000,"updated":0,"skipped":0,"durationMs":33}
{"timestamp":"2026-06-08T14:19:45.100Z","runId":5,"level":"debug","phase":"write","tableName":"payments","tableRunId":72,"status":"start","batchSize":1000}
{"timestamp":"2026-06-08T14:19:45.132Z","runId":5,"level":"debug","phase":"write","tableName":"payments","tableRunId":72,"status":"end","inserted":1000,"updated":0,"skipped":0,"durationMs":32}
{"timestamp":"2026-06-08T14:19:45.192Z","runId":5,"level":"debug","phase":"write","tableName":"payments","tableRunId":72,"status":"start","batchSize":1000}
{"timestamp":"2026-06-08T14:19:45.224Z","runId":5,"level":"debug","phase":"write","tableName":"payments","tableRunId":72,"status":"end","inserted":1000,"updated":0,"skipped":0,"durationMs":32}
{"timestamp":"2026-06-08T14:19:45.275Z","runId":5,"level":"debug","phase":"write","tableName":"payments","tableRunId":72,"status":"start","batchSize":1000}
{"timestamp":"2026-06-08T14:19:45.316Z","runId":5,"level":"debug","phase":"write","tableName":"payments","tableRunId":72,"status":"end","inserted":1000,"updated":0,"skipped":0,"durationMs":41}
{"timestamp":"2026-06-08T14:19:45.366Z","runId":5,"level":"debug","phase":"write","tableName":"payments","tableRunId":72,"status":"start","batchSize":1000}
{"timestamp":"2026-06-08T14:19:45.395Z","runId":5,"level":"debug","phase":"write","tableName":"payments","tableRunId":72,"status":"end","inserted":1000,"updated":0,"skipped":0,"durationMs":29}
{"timestamp":"2026-06-08T14:19:45.441Z","runId":5,"level":"debug","phase":"write","tableName":"payments","tableRunId":72,"status":"start","batchSize":1000}
{"timestamp":"2026-06-08T14:19:45.474Z","runId":5,"level":"debug","phase":"write","tableName":"payments","tableRunId":72,"status":"end","inserted":1000,"updated":0,"skipped":0,"durationMs":33}
{"timestamp":"2026-06-08T14:19:45.520Z","runId":5,"level":"debug","phase":"write","tableName":"payments","tableRunId":72,"status":"start","batchSize":1000}
{"timestamp":"2026-06-08T14:19:45.550Z","runId":5,"level":"debug","phase":"write","tableName":"payments","tableRunId":72,"status":"end","inserted":1000,"updated":0,"skipped":0,"durationMs":30}
{"timestamp":"2026-06-08T14:19:45.598Z","runId":5,"level":"debug","phase":"write","tableName":"payments","tableRunId":72,"status":"start","batchSize":1000}
{"timestamp":"2026-06-08T14:19:45.639Z","runId":5,"level":"debug","phase":"write","tableName":"payments","tableRunId":72,"status":"end","inserted":1000,"updated":0,"skipped":0,"durationMs":41}
{"timestamp":"2026-06-08T14:19:45.686Z","runId":5,"level":"debug","phase":"write","tableName":"payments","tableRunId":72,"status":"start","batchSize":1000}
{"timestamp":"2026-06-08T14:19:45.715Z","runId":5,"level":"debug","phase":"write","tableName":"payments","tableRunId":72,"status":"end","inserted":1000,"updated":0,"skipped":0,"durationMs":29}
{"timestamp":"2026-06-08T14:19:45.766Z","runId":5,"level":"debug","phase":"write","tableName":"payments","tableRunId":72,"status":"start","batchSize":1000}
{"timestamp":"2026-06-08T14:19:45.792Z","runId":5,"level":"debug","phase":"write","tableName":"payments","tableRunId":72,"status":"end","inserted":1000,"updated":0,"skipped":0,"durationMs":26}
{"timestamp":"2026-06-08T14:19:45.839Z","runId":5,"level":"debug","phase":"write","tableName":"payments","tableRunId":72,"status":"start","batchSize":1000}
{"timestamp":"2026-06-08T14:19:45.871Z","runId":5,"level":"debug","phase":"write","tableName":"payments","tableRunId":72,"status":"end","inserted":1000,"updated":0,"skipped":0,"durationMs":32}
{"timestamp":"2026-06-08T14:19:45.921Z","runId":5,"level":"debug","phase":"write","tableName":"payments","tableRunId":72,"status":"start","batchSize":1000}
{"timestamp":"2026-06-08T14:19:45.950Z","runId":5,"level":"debug","phase":"write","tableName":"payments","tableRunId":72,"status":"end","inserted":1000,"updated":0,"skipped":0,"durationMs":29}
{"timestamp":"2026-06-08T14:19:46.003Z","runId":5,"level":"debug","phase":"write","tableName":"payments","tableRunId":72,"status":"start","batchSize":1000}
{"timestamp":"2026-06-08T14:19:46.041Z","runId":5,"level":"debug","phase":"write","tableName":"payments","tableRunId":72,"status":"end","inserted":1000,"updated":0,"skipped":0,"durationMs":38}
{"timestamp":"2026-06-08T14:19:46.100Z","runId":5,"level":"debug","phase":"write","tableName":"payments","tableRunId":72,"status":"start","batchSize":1000}
{"timestamp":"2026-06-08T14:19:46.129Z","runId":5,"level":"debug","phase":"write","tableName":"payments","tableRunId":72,"status":"end","inserted":1000,"updated":0,"skipped":0,"durationMs":29}
{"timestamp":"2026-06-08T14:19:46.184Z","runId":5,"level":"debug","phase":"write","tableName":"payments","tableRunId":72,"status":"start","batchSize":1000}
{"timestamp":"2026-06-08T14:19:46.213Z","runId":5,"level":"debug","phase":"write","tableName":"payments","tableRunId":72,"status":"end","inserted":1000,"updated":0,"skipped":0,"durationMs":29}
{"timestamp":"2026-06-08T14:19:46.273Z","runId":5,"level":"debug","phase":"write","tableName":"payments","tableRunId":72,"status":"start","batchSize":1000}
{"timestamp":"2026-06-08T14:19:46.300Z","runId":5,"level":"debug","phase":"write","tableName":"payments","tableRunId":72,"status":"end","inserted":1000,"updated":0,"skipped":0,"durationMs":27}
{"timestamp":"2026-06-08T14:19:46.356Z","runId":5,"level":"debug","phase":"write","tableName":"payments","tableRunId":72,"status":"start","batchSize":1000}
{"timestamp":"2026-06-08T14:19:46.382Z","runId":5,"level":"debug","phase":"write","tableName":"payments","tableRunId":72,"status":"end","inserted":1000,"updated":0,"skipped":0,"durationMs":26}
{"timestamp":"2026-06-08T14:19:46.441Z","runId":5,"level":"debug","phase":"write","tableName":"payments","tableRunId":72,"status":"start","batchSize":1000}
{"timestamp":"2026-06-08T14:19:46.493Z","runId":5,"level":"debug","phase":"write","tableName":"payments","tableRunId":72,"status":"end","inserted":1000,"updated":0,"skipped":0,"durationMs":52}
{"timestamp":"2026-06-08T14:19:46.560Z","runId":5,"level":"debug","phase":"write","tableName":"payments","tableRunId":72,"status":"start","batchSize":1000}
{"timestamp":"2026-06-08T14:19:46.588Z","runId":5,"level":"debug","phase":"write","tableName":"payments","tableRunId":72,"status":"end","inserted":1000,"updated":0,"skipped":0,"durationMs":28}
{"timestamp":"2026-06-08T14:19:46.658Z","runId":5,"level":"debug","phase":"write","tableName":"payments","tableRunId":72,"status":"start","batchSize":1000}
{"timestamp":"2026-06-08T14:19:46.688Z","runId":5,"level":"debug","phase":"write","tableName":"payments","tableRunId":72,"status":"end","inserted":1000,"updated":0,"skipped":0,"durationMs":30}
{"timestamp":"2026-06-08T14:19:46.754Z","runId":5,"level":"debug","phase":"write","tableName":"payments","tableRunId":72,"status":"start","batchSize":1000}
{"timestamp":"2026-06-08T14:19:46.780Z","runId":5,"level":"debug","phase":"write","tableName":"payments","tableRunId":72,"status":"end","inserted":1000,"updated":0,"skipped":0,"durationMs":26}
{"timestamp":"2026-06-08T14:19:46.845Z","runId":5,"level":"debug","phase":"write","tableName":"payments","tableRunId":72,"status":"start","batchSize":1000}
{"timestamp":"2026-06-08T14:19:46.873Z","runId":5,"level":"debug","phase":"write","tableName":"payments","tableRunId":72,"status":"end","inserted":1000,"updated":0,"skipped":0,"durationMs":28}
{"timestamp":"2026-06-08T14:19:46.941Z","runId":5,"level":"debug","phase":"write","tableName":"payments","tableRunId":72,"status":"start","batchSize":1000}
{"timestamp":"2026-06-08T14:19:46.968Z","runId":5,"level":"debug","phase":"write","tableName":"payments","tableRunId":72,"status":"end","inserted":1000,"updated":0,"skipped":0,"durationMs":27}
{"timestamp":"2026-06-08T14:19:47.031Z","runId":5,"level":"debug","phase":"write","tableName":"payments","tableRunId":72,"status":"start","batchSize":1000}
{"timestamp":"2026-06-08T14:19:47.076Z","runId":5,"level":"debug","phase":"write","tableName":"payments","tableRunId":72,"status":"end","inserted":1000,"updated":0,"skipped":0,"durationMs":45}
{"timestamp":"2026-06-08T14:19:47.153Z","runId":5,"level":"debug","phase":"write","tableName":"payments","tableRunId":72,"status":"start","batchSize":1000}
{"timestamp":"2026-06-08T14:19:47.179Z","runId":5,"level":"debug","phase":"write","tableName":"payments","tableRunId":72,"status":"end","inserted":1000,"updated":0,"skipped":0,"durationMs":26}
{"timestamp":"2026-06-08T14:19:47.235Z","runId":5,"level":"debug","phase":"write","tableName":"payments","tableRunId":72,"status":"start","batchSize":126}
{"timestamp":"2026-06-08T14:19:47.245Z","runId":5,"level":"debug","phase":"write","tableName":"payments","tableRunId":72,"status":"end","inserted":126,"updated":0,"skipped":0,"durationMs":10}
{"timestamp":"2026-06-08T14:19:47.255Z","runId":5,"level":"info","phase":"table_finalize","tableName":"payments","tableRunId":72,"status":"success","inserted":36126,"updated":0,"skipped":0,"errors":0,"durationMs":3101}
{"timestamp":"2026-06-08T14:19:47.255Z","runId":5,"level":"debug","phase":"table_loop","action":"processing","tableName":"acc_class","mappingTableKeys":["BANKS","CNOTE","STOCK","PRICING","ACCCLASS"]}
{"timestamp":"2026-06-08T14:19:47.255Z","runId":5,"level":"debug","phase":"table_loop","action":"mapping_resolved","tableName":"acc_class","hasMappingEntry":true,"mappingTarget":"ACC_CLASS"}
{"timestamp":"2026-06-08T14:19:47.255Z","runId":5,"level":"debug","phase":"mapping_debug","tableName":"acc_class","mappedSource":"ACCCLASS","firebirdTableCount":189,"sampleFirebirdTables":["ACCCLASS","ACCDEPARTMENT","ACCOUNTLINKS","ACCOUNTS","ACCOUNT_OPENING"]}
{"timestamp":"2026-06-08T14:19:47.347Z","runId":5,"level":"debug","phase":"clean_decision","tableName":"acc_class","cleanBefore":true,"dryRun":false,"mode":"INSERT"}
{"timestamp":"2026-06-08T14:19:47.347Z","runId":5,"type":"table_cleaning_started","table":"acc_class","tableRunId":73}
{"timestamp":"2026-06-08T14:19:47.347Z","runId":5,"level":"info","phase":"clean","tableName":"acc_class","tableRunId":73,"status":"start"}
{"timestamp":"2026-06-08T14:19:47.347Z","runId":5,"level":"debug","phase":"clean","tableName":"acc_class","tableRunId":73,"action":"fk_checks_disabled"}
{"timestamp":"2026-06-08T14:19:47.368Z","runId":5,"level":"info","phase":"clean","tableName":"acc_class","tableRunId":73,"status":"success","method":"TRUNCATE","affectedRows":null,"postCount":0,"durationMs":21}
{"timestamp":"2026-06-08T14:19:47.372Z","runId":5,"type":"table_cleaned","table":"acc_class","tableRunId":73,"method":"TRUNCATE","affectedRows":null,"postCount":0}
{"timestamp":"2026-06-08T14:19:47.373Z","runId":5,"level":"debug","phase":"clean","tableName":"acc_class","tableRunId":73,"action":"fk_checks_restored"}
{"timestamp":"2026-06-08T14:19:47.373Z","runId":5,"level":"info","phase":"table_start","tableName":"acc_class","tableRunId":73,"mode":"INSERT","keyStrategy":"preserve","dedupeKeys":[]}
{"timestamp":"2026-06-08T14:19:47.387Z","runId":5,"level":"info","phase":"fetch","tableName":"acc_class","tableRunId":73,"sourceRows":7,"dateFilter":null}
{"timestamp":"2026-06-08T14:19:47.391Z","runId":5,"level":"debug","phase":"write","tableName":"acc_class","tableRunId":73,"status":"start","batchSize":7}
{"timestamp":"2026-06-08T14:19:47.395Z","runId":5,"level":"debug","phase":"write","tableName":"acc_class","tableRunId":73,"status":"end","inserted":7,"updated":0,"skipped":0,"durationMs":4}
{"timestamp":"2026-06-08T14:19:47.403Z","runId":5,"level":"info","phase":"table_finalize","tableName":"acc_class","tableRunId":73,"status":"success","inserted":7,"updated":0,"skipped":0,"errors":0,"durationMs":26}
{"timestamp":"2026-06-08T14:19:47.403Z","runId":5,"level":"debug","phase":"table_loop","action":"processing","tableName":"customers","mappingTableKeys":["BANKS","CNOTE","STOCK","PRICING","ACCCLASS"]}
{"timestamp":"2026-06-08T14:19:47.403Z","runId":5,"level":"debug","phase":"table_loop","action":"mapping_resolved","tableName":"customers","hasMappingEntry":true,"mappingTarget":"CUSTOMERS"}
{"timestamp":"2026-06-08T14:19:47.403Z","runId":5,"level":"debug","phase":"mapping_debug","tableName":"customers","mappedSource":"CUSTOMER","firebirdTableCount":189,"sampleFirebirdTables":["ACCCLASS","ACCDEPARTMENT","ACCOUNTLINKS","ACCOUNTS","ACCOUNT_OPENING"]}
{"timestamp":"2026-06-08T14:19:47.489Z","runId":5,"level":"debug","phase":"clean_decision","tableName":"customers","cleanBefore":true,"dryRun":false,"mode":"INSERT"}
{"timestamp":"2026-06-08T14:19:47.489Z","runId":5,"type":"table_cleaning_started","table":"customers","tableRunId":74}
{"timestamp":"2026-06-08T14:19:47.489Z","runId":5,"level":"info","phase":"clean","tableName":"customers","tableRunId":74,"status":"start"}
{"timestamp":"2026-06-08T14:19:47.490Z","runId":5,"level":"debug","phase":"clean","tableName":"customers","tableRunId":74,"action":"fk_checks_disabled"}
{"timestamp":"2026-06-08T14:19:47.534Z","runId":5,"level":"info","phase":"clean","tableName":"customers","tableRunId":74,"status":"success","method":"TRUNCATE","affectedRows":null,"postCount":0,"durationMs":45}
{"timestamp":"2026-06-08T14:19:47.538Z","runId":5,"type":"table_cleaned","table":"customers","tableRunId":74,"method":"TRUNCATE","affectedRows":null,"postCount":0}
{"timestamp":"2026-06-08T14:19:47.538Z","runId":5,"level":"debug","phase":"clean","tableName":"customers","tableRunId":74,"action":"fk_checks_restored"}
{"timestamp":"2026-06-08T14:19:47.539Z","runId":5,"level":"info","phase":"table_start","tableName":"customers","tableRunId":74,"mode":"INSERT","keyStrategy":"preserve","dedupeKeys":[]}
{"timestamp":"2026-06-08T14:19:47.556Z","runId":5,"level":"info","phase":"fetch","tableName":"customers","tableRunId":74,"sourceRows":9357,"dateFilter":null}
{"timestamp":"2026-06-08T14:19:47.660Z","runId":5,"level":"debug","phase":"write","tableName":"customers","tableRunId":74,"status":"start","batchSize":1000}
{"timestamp":"2026-06-08T14:19:47.718Z","runId":5,"level":"debug","phase":"write","tableName":"customers","tableRunId":74,"status":"end","inserted":1000,"updated":0,"skipped":0,"durationMs":58}
{"timestamp":"2026-06-08T14:19:47.819Z","runId":5,"level":"debug","phase":"write","tableName":"customers","tableRunId":74,"status":"start","batchSize":1000}
{"timestamp":"2026-06-08T14:19:47.875Z","runId":5,"level":"debug","phase":"write","tableName":"customers","tableRunId":74,"status":"end","inserted":1000,"updated":0,"skipped":0,"durationMs":56}
{"timestamp":"2026-06-08T14:19:47.987Z","runId":5,"level":"debug","phase":"write","tableName":"customers","tableRunId":74,"status":"start","batchSize":1000}
{"timestamp":"2026-06-08T14:19:48.047Z","runId":5,"level":"debug","phase":"write","tableName":"customers","tableRunId":74,"status":"end","inserted":1000,"updated":0,"skipped":0,"durationMs":60}
{"timestamp":"2026-06-08T14:19:48.170Z","runId":5,"level":"debug","phase":"write","tableName":"customers","tableRunId":74,"status":"start","batchSize":1000}
{"timestamp":"2026-06-08T14:19:48.210Z","runId":5,"level":"debug","phase":"write","tableName":"customers","tableRunId":74,"status":"end","inserted":1000,"updated":0,"skipped":0,"durationMs":40}
{"timestamp":"2026-06-08T14:19:48.329Z","runId":5,"level":"debug","phase":"write","tableName":"customers","tableRunId":74,"status":"start","batchSize":1000}
{"timestamp":"2026-06-08T14:19:48.370Z","runId":5,"level":"debug","phase":"write","tableName":"customers","tableRunId":74,"status":"end","inserted":1000,"updated":0,"skipped":0,"durationMs":41}
{"timestamp":"2026-06-08T14:19:48.481Z","runId":5,"level":"debug","phase":"write","tableName":"customers","tableRunId":74,"status":"start","batchSize":1000}
{"timestamp":"2026-06-08T14:19:48.522Z","runId":5,"level":"debug","phase":"write","tableName":"customers","tableRunId":74,"status":"end","inserted":1000,"updated":0,"skipped":0,"durationMs":41}
{"timestamp":"2026-06-08T14:19:48.647Z","runId":5,"level":"debug","phase":"write","tableName":"customers","tableRunId":74,"status":"start","batchSize":1000}
{"timestamp":"2026-06-08T14:19:48.701Z","runId":5,"level":"debug","phase":"write","tableName":"customers","tableRunId":74,"status":"end","inserted":1000,"updated":0,"skipped":0,"durationMs":54}
{"timestamp":"2026-06-08T14:19:48.829Z","runId":5,"level":"debug","phase":"write","tableName":"customers","tableRunId":74,"status":"start","batchSize":1000}
{"timestamp":"2026-06-08T14:19:48.873Z","runId":5,"level":"debug","phase":"write","tableName":"customers","tableRunId":74,"status":"end","inserted":1000,"updated":0,"skipped":0,"durationMs":44}
{"timestamp":"2026-06-08T14:19:48.998Z","runId":5,"level":"debug","phase":"write","tableName":"customers","tableRunId":74,"status":"start","batchSize":1000}
{"timestamp":"2026-06-08T14:19:49.037Z","runId":5,"level":"debug","phase":"write","tableName":"customers","tableRunId":74,"status":"end","inserted":1000,"updated":0,"skipped":0,"durationMs":39}
{"timestamp":"2026-06-08T14:19:49.153Z","runId":5,"level":"debug","phase":"write","tableName":"customers","tableRunId":74,"status":"start","batchSize":357}
{"timestamp":"2026-06-08T14:19:49.173Z","runId":5,"level":"debug","phase":"write","tableName":"customers","tableRunId":74,"status":"end","inserted":357,"updated":0,"skipped":0,"durationMs":20}
{"timestamp":"2026-06-08T14:19:49.182Z","runId":5,"level":"info","phase":"table_finalize","tableName":"customers","tableRunId":74,"status":"success","inserted":9357,"updated":0,"skipped":0,"errors":0,"durationMs":1639}
{"timestamp":"2026-06-08T14:19:49.182Z","runId":5,"level":"debug","phase":"table_loop","action":"processing","tableName":"suppliers","mappingTableKeys":["BANKS","CNOTE","STOCK","PRICING","ACCCLASS"]}
{"timestamp":"2026-06-08T14:19:49.182Z","runId":5,"level":"debug","phase":"table_loop","action":"mapping_resolved","tableName":"suppliers","hasMappingEntry":true,"mappingTarget":"SUPPLIERS"}
{"timestamp":"2026-06-08T14:19:49.182Z","runId":5,"level":"debug","phase":"mapping_debug","tableName":"suppliers","mappedSource":"SUPPLIER","firebirdTableCount":189,"sampleFirebirdTables":["ACCCLASS","ACCDEPARTMENT","ACCOUNTLINKS","ACCOUNTS","ACCOUNT_OPENING"]}
{"timestamp":"2026-06-08T14:19:49.270Z","runId":5,"level":"debug","phase":"clean_decision","tableName":"suppliers","cleanBefore":true,"dryRun":false,"mode":"INSERT"}
{"timestamp":"2026-06-08T14:19:49.270Z","runId":5,"type":"table_cleaning_started","table":"suppliers","tableRunId":75}
{"timestamp":"2026-06-08T14:19:49.270Z","runId":5,"level":"info","phase":"clean","tableName":"suppliers","tableRunId":75,"status":"start"}
{"timestamp":"2026-06-08T14:19:49.271Z","runId":5,"level":"debug","phase":"clean","tableName":"suppliers","tableRunId":75,"action":"fk_checks_disabled"}
{"timestamp":"2026-06-08T14:19:49.291Z","runId":5,"level":"info","phase":"clean","tableName":"suppliers","tableRunId":75,"status":"success","method":"TRUNCATE","affectedRows":null,"postCount":0,"durationMs":21}
{"timestamp":"2026-06-08T14:19:49.296Z","runId":5,"type":"table_cleaned","table":"suppliers","tableRunId":75,"method":"TRUNCATE","affectedRows":null,"postCount":0}
{"timestamp":"2026-06-08T14:19:49.296Z","runId":5,"level":"debug","phase":"clean","tableName":"suppliers","tableRunId":75,"action":"fk_checks_restored"}
{"timestamp":"2026-06-08T14:19:49.296Z","runId":5,"level":"info","phase":"table_start","tableName":"suppliers","tableRunId":75,"mode":"INSERT","keyStrategy":"preserve","dedupeKeys":[]}
{"timestamp":"2026-06-08T14:19:49.308Z","runId":5,"level":"info","phase":"fetch","tableName":"suppliers","tableRunId":75,"sourceRows":618,"dateFilter":null}
{"timestamp":"2026-06-08T14:19:49.331Z","runId":5,"level":"debug","phase":"write","tableName":"suppliers","tableRunId":75,"status":"start","batchSize":618}
{"timestamp":"2026-06-08T14:19:49.352Z","runId":5,"level":"debug","phase":"write","tableName":"suppliers","tableRunId":75,"status":"end","inserted":618,"updated":0,"skipped":0,"durationMs":21}
{"timestamp":"2026-06-08T14:19:49.360Z","runId":5,"level":"info","phase":"table_finalize","tableName":"suppliers","tableRunId":75,"status":"success","inserted":618,"updated":0,"skipped":0,"errors":0,"durationMs":60}
{"timestamp":"2026-06-08T14:19:49.360Z","runId":5,"level":"debug","phase":"table_loop","action":"processing","tableName":"work_done","mappingTableKeys":["BANKS","CNOTE","STOCK","PRICING","ACCCLASS"]}
{"timestamp":"2026-06-08T14:19:49.360Z","runId":5,"level":"debug","phase":"table_loop","action":"mapping_resolved","tableName":"work_done","hasMappingEntry":true,"mappingTarget":"WORK_DONE"}
{"timestamp":"2026-06-08T14:19:49.360Z","runId":5,"level":"debug","phase":"mapping_debug","tableName":"work_done","mappedSource":"WORKDONE","firebirdTableCount":189,"sampleFirebirdTables":["ACCCLASS","ACCDEPARTMENT","ACCOUNTLINKS","ACCOUNTS","ACCOUNT_OPENING"]}
{"timestamp":"2026-06-08T14:19:49.449Z","runId":5,"level":"debug","phase":"clean_decision","tableName":"work_done","cleanBefore":true,"dryRun":false,"mode":"INSERT"}
{"timestamp":"2026-06-08T14:19:49.450Z","runId":5,"type":"table_cleaning_started","table":"work_done","tableRunId":76}
{"timestamp":"2026-06-08T14:19:49.450Z","runId":5,"level":"info","phase":"clean","tableName":"work_done","tableRunId":76,"status":"start"}
{"timestamp":"2026-06-08T14:19:49.450Z","runId":5,"level":"debug","phase":"clean","tableName":"work_done","tableRunId":76,"action":"fk_checks_disabled"}
{"timestamp":"2026-06-08T14:19:49.488Z","runId":5,"level":"info","phase":"clean","tableName":"work_done","tableRunId":76,"status":"success","method":"TRUNCATE","affectedRows":null,"postCount":0,"durationMs":38}
{"timestamp":"2026-06-08T14:19:49.492Z","runId":5,"type":"table_cleaned","table":"work_done","tableRunId":76,"method":"TRUNCATE","affectedRows":null,"postCount":0}
{"timestamp":"2026-06-08T14:19:49.493Z","runId":5,"level":"debug","phase":"clean","tableName":"work_done","tableRunId":76,"action":"fk_checks_restored"}
{"timestamp":"2026-06-08T14:19:49.493Z","runId":5,"level":"info","phase":"table_start","tableName":"work_done","tableRunId":76,"mode":"INSERT","keyStrategy":"preserve","dedupeKeys":[]}
{"timestamp":"2026-06-08T14:19:49.533Z","runId":5,"level":"info","phase":"fetch","tableName":"work_done","tableRunId":76,"sourceRows":49260,"dateFilter":null}
{"timestamp":"2026-06-08T14:19:49.719Z","runId":5,"level":"debug","phase":"write","tableName":"work_done","tableRunId":76,"status":"start","batchSize":1000}
{"timestamp":"2026-06-08T14:19:49.758Z","runId":5,"level":"debug","phase":"write","tableName":"work_done","tableRunId":76,"status":"end","inserted":923,"updated":0,"skipped":77,"durationMs":39}
{"timestamp":"2026-06-08T14:19:49.963Z","runId":5,"level":"debug","phase":"write","tableName":"work_done","tableRunId":76,"status":"start","batchSize":1000}
{"timestamp":"2026-06-08T14:19:49.992Z","runId":5,"level":"debug","phase":"write","tableName":"work_done","tableRunId":76,"status":"end","inserted":412,"updated":0,"skipped":588,"durationMs":29}
{"timestamp":"2026-06-08T14:19:50.189Z","runId":5,"level":"debug","phase":"write","tableName":"work_done","tableRunId":76,"status":"start","batchSize":1000}
{"timestamp":"2026-06-08T14:19:50.228Z","runId":5,"level":"debug","phase":"write","tableName":"work_done","tableRunId":76,"status":"end","inserted":252,"updated":0,"skipped":748,"durationMs":39}
{"timestamp":"2026-06-08T14:19:50.405Z","runId":5,"level":"debug","phase":"write","tableName":"work_done","tableRunId":76,"status":"start","batchSize":1000}
{"timestamp":"2026-06-08T14:19:50.427Z","runId":5,"level":"debug","phase":"write","tableName":"work_done","tableRunId":76,"status":"end","inserted":229,"updated":0,"skipped":771,"durationMs":22}
{"timestamp":"2026-06-08T14:19:50.627Z","runId":5,"level":"debug","phase":"write","tableName":"work_done","tableRunId":76,"status":"start","batchSize":1000}
{"timestamp":"2026-06-08T14:19:50.651Z","runId":5,"level":"debug","phase":"write","tableName":"work_done","tableRunId":76,"status":"end","inserted":210,"updated":0,"skipped":790,"durationMs":24}
{"timestamp":"2026-06-08T14:19:50.847Z","runId":5,"level":"debug","phase":"write","tableName":"work_done","tableRunId":76,"status":"start","batchSize":1000}
{"timestamp":"2026-06-08T14:19:50.867Z","runId":5,"level":"debug","phase":"write","tableName":"work_done","tableRunId":76,"status":"end","inserted":207,"updated":0,"skipped":793,"durationMs":20}
{"timestamp":"2026-06-08T14:19:51.073Z","runId":5,"level":"debug","phase":"write","tableName":"work_done","tableRunId":76,"status":"start","batchSize":1000}
{"timestamp":"2026-06-08T14:19:51.093Z","runId":5,"level":"debug","phase":"write","tableName":"work_done","tableRunId":76,"status":"end","inserted":202,"updated":0,"skipped":798,"durationMs":20}
{"timestamp":"2026-06-08T14:19:51.301Z","runId":5,"level":"debug","phase":"write","tableName":"work_done","tableRunId":76,"status":"start","batchSize":1000}
{"timestamp":"2026-06-08T14:19:51.323Z","runId":5,"level":"debug","phase":"write","tableName":"work_done","tableRunId":76,"status":"end","inserted":206,"updated":0,"skipped":794,"durationMs":22}
{"timestamp":"2026-06-08T14:19:51.535Z","runId":5,"level":"debug","phase":"write","tableName":"work_done","tableRunId":76,"status":"start","batchSize":1000}
{"timestamp":"2026-06-08T14:19:51.556Z","runId":5,"level":"debug","phase":"write","tableName":"work_done","tableRunId":76,"status":"end","inserted":180,"updated":0,"skipped":820,"durationMs":21}
{"timestamp":"2026-06-08T14:19:51.766Z","runId":5,"level":"debug","phase":"write","tableName":"work_done","tableRunId":76,"status":"start","batchSize":1000}
{"timestamp":"2026-06-08T14:19:51.787Z","runId":5,"level":"debug","phase":"write","tableName":"work_done","tableRunId":76,"status":"end","inserted":203,"updated":0,"skipped":797,"durationMs":21}
{"timestamp":"2026-06-08T14:19:51.996Z","runId":5,"level":"debug","phase":"write","tableName":"work_done","tableRunId":76,"status":"start","batchSize":1000}
{"timestamp":"2026-06-08T14:19:52.028Z","runId":5,"level":"debug","phase":"write","tableName":"work_done","tableRunId":76,"status":"end","inserted":176,"updated":0,"skipped":824,"durationMs":32}
{"timestamp":"2026-06-08T14:19:52.237Z","runId":5,"level":"debug","phase":"write","tableName":"work_done","tableRunId":76,"status":"start","batchSize":1000}
{"timestamp":"2026-06-08T14:19:52.256Z","runId":5,"level":"debug","phase":"write","tableName":"work_done","tableRunId":76,"status":"end","inserted":236,"updated":0,"skipped":764,"durationMs":19}
{"timestamp":"2026-06-08T14:19:52.476Z","runId":5,"level":"debug","phase":"write","tableName":"work_done","tableRunId":76,"status":"start","batchSize":1000}
{"timestamp":"2026-06-08T14:19:52.496Z","runId":5,"level":"debug","phase":"write","tableName":"work_done","tableRunId":76,"status":"end","inserted":176,"updated":0,"skipped":824,"durationMs":20}
{"timestamp":"2026-06-08T14:19:52.713Z","runId":5,"level":"debug","phase":"write","tableName":"work_done","tableRunId":76,"status":"start","batchSize":1000}
{"timestamp":"2026-06-08T14:19:52.731Z","runId":5,"level":"debug","phase":"write","tableName":"work_done","tableRunId":76,"status":"end","inserted":195,"updated":0,"skipped":805,"durationMs":18}
{"timestamp":"2026-06-08T14:19:52.944Z","runId":5,"level":"debug","phase":"write","tableName":"work_done","tableRunId":76,"status":"start","batchSize":1000}
{"timestamp":"2026-06-08T14:19:52.963Z","runId":5,"level":"debug","phase":"write","tableName":"work_done","tableRunId":76,"status":"end","inserted":245,"updated":0,"skipped":755,"durationMs":19}
{"timestamp":"2026-06-08T14:19:53.186Z","runId":5,"level":"debug","phase":"write","tableName":"work_done","tableRunId":76,"status":"start","batchSize":1000}
{"timestamp":"2026-06-08T14:19:53.204Z","runId":5,"level":"debug","phase":"write","tableName":"work_done","tableRunId":76,"status":"end","inserted":308,"updated":0,"skipped":692,"durationMs":18}
{"timestamp":"2026-06-08T14:19:53.419Z","runId":5,"level":"debug","phase":"write","tableName":"work_done","tableRunId":76,"status":"start","batchSize":1000}
{"timestamp":"2026-06-08T14:19:53.437Z","runId":5,"level":"debug","phase":"write","tableName":"work_done","tableRunId":76,"status":"end","inserted":201,"updated":0,"skipped":799,"durationMs":18}
{"timestamp":"2026-06-08T14:19:53.647Z","runId":5,"level":"debug","phase":"write","tableName":"work_done","tableRunId":76,"status":"start","batchSize":1000}
{"timestamp":"2026-06-08T14:19:53.664Z","runId":5,"level":"debug","phase":"write","tableName":"work_done","tableRunId":76,"status":"end","inserted":144,"updated":0,"skipped":856,"durationMs":17}
{"timestamp":"2026-06-08T14:19:53.880Z","runId":5,"level":"debug","phase":"write","tableName":"work_done","tableRunId":76,"status":"start","batchSize":1000}
{"timestamp":"2026-06-08T14:19:53.898Z","runId":5,"level":"debug","phase":"write","tableName":"work_done","tableRunId":76,"status":"end","inserted":166,"updated":0,"skipped":834,"durationMs":18}
{"timestamp":"2026-06-08T14:19:54.120Z","runId":5,"level":"debug","phase":"write","tableName":"work_done","tableRunId":76,"status":"start","batchSize":1000}
{"timestamp":"2026-06-08T14:19:54.139Z","runId":5,"level":"debug","phase":"write","tableName":"work_done","tableRunId":76,"status":"end","inserted":108,"updated":0,"skipped":892,"durationMs":19}
{"timestamp":"2026-06-08T14:19:54.360Z","runId":5,"level":"debug","phase":"write","tableName":"work_done","tableRunId":76,"status":"start","batchSize":1000}
{"timestamp":"2026-06-08T14:19:54.379Z","runId":5,"level":"debug","phase":"write","tableName":"work_done","tableRunId":76,"status":"end","inserted":129,"updated":0,"skipped":871,"durationMs":19}
{"timestamp":"2026-06-08T14:19:54.604Z","runId":5,"level":"debug","phase":"write","tableName":"work_done","tableRunId":76,"status":"start","batchSize":1000}
{"timestamp":"2026-06-08T14:19:54.620Z","runId":5,"level":"debug","phase":"write","tableName":"work_done","tableRunId":76,"status":"end","inserted":65,"updated":0,"skipped":935,"durationMs":16}
{"timestamp":"2026-06-08T14:19:54.856Z","runId":5,"level":"debug","phase":"write","tableName":"work_done","tableRunId":76,"status":"start","batchSize":1000}
{"timestamp":"2026-06-08T14:19:54.876Z","runId":5,"level":"debug","phase":"write","tableName":"work_done","tableRunId":76,"status":"end","inserted":76,"updated":0,"skipped":924,"durationMs":20}
{"timestamp":"2026-06-08T14:19:55.092Z","runId":5,"level":"debug","phase":"write","tableName":"work_done","tableRunId":76,"status":"start","batchSize":1000}
{"timestamp":"2026-06-08T14:19:55.110Z","runId":5,"level":"debug","phase":"write","tableName":"work_done","tableRunId":76,"status":"end","inserted":90,"updated":0,"skipped":910,"durationMs":18}
{"timestamp":"2026-06-08T14:19:55.344Z","runId":5,"level":"debug","phase":"write","tableName":"work_done","tableRunId":76,"status":"start","batchSize":1000}
{"timestamp":"2026-06-08T14:19:55.366Z","runId":5,"level":"debug","phase":"write","tableName":"work_done","tableRunId":76,"status":"end","inserted":115,"updated":0,"skipped":885,"durationMs":22}
{"timestamp":"2026-06-08T14:19:55.605Z","runId":5,"level":"debug","phase":"write","tableName":"work_done","tableRunId":76,"status":"start","batchSize":1000}
{"timestamp":"2026-06-08T14:19:55.625Z","runId":5,"level":"debug","phase":"write","tableName":"work_done","tableRunId":76,"status":"end","inserted":53,"updated":0,"skipped":947,"durationMs":20}
{"timestamp":"2026-06-08T14:19:55.857Z","runId":5,"level":"debug","phase":"write","tableName":"work_done","tableRunId":76,"status":"start","batchSize":1000}
{"timestamp":"2026-06-08T14:19:55.874Z","runId":5,"level":"debug","phase":"write","tableName":"work_done","tableRunId":76,"status":"end","inserted":84,"updated":0,"skipped":916,"durationMs":17}
{"timestamp":"2026-06-08T14:19:56.109Z","runId":5,"level":"debug","phase":"write","tableName":"work_done","tableRunId":76,"status":"start","batchSize":1000}
{"timestamp":"2026-06-08T14:19:56.132Z","runId":5,"level":"debug","phase":"write","tableName":"work_done","tableRunId":76,"status":"end","inserted":33,"updated":0,"skipped":967,"durationMs":23}
{"timestamp":"2026-06-08T14:19:56.368Z","runId":5,"level":"debug","phase":"write","tableName":"work_done","tableRunId":76,"status":"start","batchSize":1000}
{"timestamp":"2026-06-08T14:19:56.385Z","runId":5,"level":"debug","phase":"write","tableName":"work_done","tableRunId":76,"status":"end","inserted":91,"updated":0,"skipped":909,"durationMs":17}
{"timestamp":"2026-06-08T14:19:56.626Z","runId":5,"level":"debug","phase":"write","tableName":"work_done","tableRunId":76,"status":"start","batchSize":1000}
{"timestamp":"2026-06-08T14:19:56.643Z","runId":5,"level":"debug","phase":"write","tableName":"work_done","tableRunId":76,"status":"end","inserted":52,"updated":0,"skipped":948,"durationMs":17}
{"timestamp":"2026-06-08T14:19:56.892Z","runId":5,"level":"debug","phase":"write","tableName":"work_done","tableRunId":76,"status":"start","batchSize":1000}
{"timestamp":"2026-06-08T14:19:56.911Z","runId":5,"level":"debug","phase":"write","tableName":"work_done","tableRunId":76,"status":"end","inserted":37,"updated":0,"skipped":963,"durationMs":19}
{"timestamp":"2026-06-08T14:19:57.150Z","runId":5,"level":"debug","phase":"write","tableName":"work_done","tableRunId":76,"status":"start","batchSize":1000}
{"timestamp":"2026-06-08T14:19:57.170Z","runId":5,"level":"debug","phase":"write","tableName":"work_done","tableRunId":76,"status":"end","inserted":116,"updated":0,"skipped":884,"durationMs":19}
{"timestamp":"2026-06-08T14:19:57.406Z","runId":5,"level":"debug","phase":"write","tableName":"work_done","tableRunId":76,"status":"start","batchSize":1000}
{"timestamp":"2026-06-08T14:19:57.425Z","runId":5,"level":"debug","phase":"write","tableName":"work_done","tableRunId":76,"status":"end","inserted":34,"updated":0,"skipped":966,"durationMs":19}
{"timestamp":"2026-06-08T14:19:57.605Z","runId":5,"level":"debug","phase":"write","tableName":"work_done","tableRunId":76,"status":"start","batchSize":1000}
{"timestamp":"2026-06-08T14:19:57.622Z","runId":5,"level":"debug","phase":"write","tableName":"work_done","tableRunId":76,"status":"end","inserted":92,"updated":0,"skipped":908,"durationMs":17}
{"timestamp":"2026-06-08T14:19:57.862Z","runId":5,"level":"debug","phase":"write","tableName":"work_done","tableRunId":76,"status":"start","batchSize":1000}
{"timestamp":"2026-06-08T14:19:57.878Z","runId":5,"level":"debug","phase":"write","tableName":"work_done","tableRunId":76,"status":"end","inserted":21,"updated":0,"skipped":979,"durationMs":16}
{"timestamp":"2026-06-08T14:19:58.119Z","runId":5,"level":"debug","phase":"write","tableName":"work_done","tableRunId":76,"status":"start","batchSize":1000}
{"timestamp":"2026-06-08T14:19:58.136Z","runId":5,"level":"debug","phase":"write","tableName":"work_done","tableRunId":76,"status":"end","inserted":83,"updated":0,"skipped":917,"durationMs":17}
{"timestamp":"2026-06-08T14:19:58.375Z","runId":5,"level":"debug","phase":"write","tableName":"work_done","tableRunId":76,"status":"start","batchSize":1000}
{"timestamp":"2026-06-08T14:19:58.392Z","runId":5,"level":"debug","phase":"write","tableName":"work_done","tableRunId":76,"status":"end","inserted":30,"updated":0,"skipped":970,"durationMs":17}
{"timestamp":"2026-06-08T14:19:58.643Z","runId":5,"level":"debug","phase":"write","tableName":"work_done","tableRunId":76,"status":"start","batchSize":1000}
{"timestamp":"2026-06-08T14:19:58.662Z","runId":5,"level":"debug","phase":"write","tableName":"work_done","tableRunId":76,"status":"end","inserted":39,"updated":0,"skipped":961,"durationMs":19}
{"timestamp":"2026-06-08T14:19:58.917Z","runId":5,"level":"debug","phase":"write","tableName":"work_done","tableRunId":76,"status":"start","batchSize":1000}
{"timestamp":"2026-06-08T14:19:58.936Z","runId":5,"level":"debug","phase":"write","tableName":"work_done","tableRunId":76,"status":"end","inserted":23,"updated":0,"skipped":977,"durationMs":19}
{"timestamp":"2026-06-08T14:19:59.174Z","runId":5,"level":"debug","phase":"write","tableName":"work_done","tableRunId":76,"status":"start","batchSize":1000}
{"timestamp":"2026-06-08T14:19:59.192Z","runId":5,"level":"debug","phase":"write","tableName":"work_done","tableRunId":76,"status":"end","inserted":36,"updated":0,"skipped":964,"durationMs":18}
{"timestamp":"2026-06-08T14:19:59.441Z","runId":5,"level":"debug","phase":"write","tableName":"work_done","tableRunId":76,"status":"start","batchSize":1000}
{"timestamp":"2026-06-08T14:19:59.457Z","runId":5,"level":"debug","phase":"write","tableName":"work_done","tableRunId":76,"status":"end","inserted":11,"updated":0,"skipped":989,"durationMs":16}
{"timestamp":"2026-06-08T14:19:59.730Z","runId":5,"level":"debug","phase":"write","tableName":"work_done","tableRunId":76,"status":"start","batchSize":1000}
{"timestamp":"2026-06-08T14:19:59.747Z","runId":5,"level":"debug","phase":"write","tableName":"work_done","tableRunId":76,"status":"end","inserted":33,"updated":0,"skipped":967,"durationMs":17}
{"timestamp":"2026-06-08T14:19:59.978Z","runId":5,"level":"debug","phase":"write","tableName":"work_done","tableRunId":76,"status":"start","batchSize":1000}
{"timestamp":"2026-06-08T14:19:59.995Z","runId":5,"level":"debug","phase":"write","tableName":"work_done","tableRunId":76,"status":"end","inserted":46,"updated":0,"skipped":954,"durationMs":17}
{"timestamp":"2026-06-08T14:20:00.250Z","runId":5,"level":"debug","phase":"write","tableName":"work_done","tableRunId":76,"status":"start","batchSize":1000}
{"timestamp":"2026-06-08T14:20:00.269Z","runId":5,"level":"debug","phase":"write","tableName":"work_done","tableRunId":76,"status":"end","inserted":25,"updated":0,"skipped":975,"durationMs":19}
{"timestamp":"2026-06-08T14:20:00.518Z","runId":5,"level":"debug","phase":"write","tableName":"work_done","tableRunId":76,"status":"start","batchSize":1000}
{"timestamp":"2026-06-08T14:20:00.535Z","runId":5,"level":"debug","phase":"write","tableName":"work_done","tableRunId":76,"status":"end","inserted":43,"updated":0,"skipped":957,"durationMs":17}
{"timestamp":"2026-06-08T14:20:00.782Z","runId":5,"level":"debug","phase":"write","tableName":"work_done","tableRunId":76,"status":"start","batchSize":1000}
{"timestamp":"2026-06-08T14:20:00.798Z","runId":5,"level":"debug","phase":"write","tableName":"work_done","tableRunId":76,"status":"end","inserted":23,"updated":0,"skipped":977,"durationMs":16}
{"timestamp":"2026-06-08T14:20:01.053Z","runId":5,"level":"debug","phase":"write","tableName":"work_done","tableRunId":76,"status":"start","batchSize":1000}
{"timestamp":"2026-06-08T14:20:01.074Z","runId":5,"level":"debug","phase":"write","tableName":"work_done","tableRunId":76,"status":"end","inserted":96,"updated":0,"skipped":904,"durationMs":21}
{"timestamp":"2026-06-08T14:20:01.334Z","runId":5,"level":"debug","phase":"write","tableName":"work_done","tableRunId":76,"status":"start","batchSize":1000}
{"timestamp":"2026-06-08T14:20:01.351Z","runId":5,"level":"debug","phase":"write","tableName":"work_done","tableRunId":76,"status":"end","inserted":54,"updated":0,"skipped":946,"durationMs":17}
{"timestamp":"2026-06-08T14:20:01.609Z","runId":5,"level":"debug","phase":"write","tableName":"work_done","tableRunId":76,"status":"start","batchSize":1000}
{"timestamp":"2026-06-08T14:20:01.630Z","runId":5,"level":"debug","phase":"write","tableName":"work_done","tableRunId":76,"status":"end","inserted":43,"updated":0,"skipped":957,"durationMs":21}
{"timestamp":"2026-06-08T14:20:01.868Z","runId":5,"level":"debug","phase":"write","tableName":"work_done","tableRunId":76,"status":"start","batchSize":260}
{"timestamp":"2026-06-08T14:20:01.875Z","runId":5,"level":"debug","phase":"write","tableName":"work_done","tableRunId":76,"status":"end","inserted":7,"updated":0,"skipped":253,"durationMs":7}
{"timestamp":"2026-06-08T14:20:01.889Z","runId":5,"level":"info","phase":"table_finalize","tableName":"work_done","tableRunId":76,"status":"success","inserted":6659,"updated":0,"skipped":42601,"errors":0,"durationMs":12389}
{"timestamp":"2026-06-08T14:20:01.889Z","runId":5,"level":"debug","phase":"table_loop","action":"processing","tableName":"wip_status","mappingTableKeys":["BANKS","CNOTE","STOCK","PRICING","ACCCLASS"]}
{"timestamp":"2026-06-08T14:20:01.889Z","runId":5,"level":"debug","phase":"table_loop","action":"mapping_resolved","tableName":"wip_status","hasMappingEntry":true,"mappingTarget":"WIP_STATUS"}
{"timestamp":"2026-06-08T14:20:01.890Z","runId":5,"level":"debug","phase":"mapping_debug","tableName":"wip_status","mappedSource":"WIPSTATUS","firebirdTableCount":189,"sampleFirebirdTables":["ACCCLASS","ACCDEPARTMENT","ACCOUNTLINKS","ACCOUNTS","ACCOUNT_OPENING"]}
{"timestamp":"2026-06-08T14:20:02.565Z","runId":5,"level":"info","phase":"preflight","action":"firebird_config_check","host":"localhost","port":3050,"database":"C:\\Autoneer\\data\\AUTONEER.FDB","user":"SYSDBA","passwordSet":true,"passwordLength":9,"passwordSource":"state","useDefaultSysdbaMasterkey":true,"rawPasswordSet":true,"rawPasswordLength":9}
{"timestamp":"2026-06-08T14:20:02.618Z","runId":5,"level":"info","phase":"preflight","attempt":1,"status":"ok"}
{"timestamp":"2026-06-08T14:20:02.618Z","runId":5,"level":"debug","phase":"keepalive","status":"ok"}
{"timestamp":"2026-06-08T14:20:02.808Z","runId":5,"level":"debug","phase":"clean_decision","tableName":"wip_status","cleanBefore":true,"dryRun":false,"mode":"INSERT"}
{"timestamp":"2026-06-08T14:20:02.808Z","runId":5,"type":"table_cleaning_started","table":"wip_status","tableRunId":77}
{"timestamp":"2026-06-08T14:20:02.808Z","runId":5,"level":"info","phase":"clean","tableName":"wip_status","tableRunId":77,"status":"start"}
{"timestamp":"2026-06-08T14:20:02.808Z","runId":5,"level":"debug","phase":"clean","tableName":"wip_status","tableRunId":77,"action":"fk_checks_disabled"}
{"timestamp":"2026-06-08T14:20:02.834Z","runId":5,"level":"info","phase":"clean","tableName":"wip_status","tableRunId":77,"status":"success","method":"TRUNCATE","affectedRows":null,"postCount":0,"durationMs":26}
{"timestamp":"2026-06-08T14:20:02.840Z","runId":5,"type":"table_cleaned","table":"wip_status","tableRunId":77,"method":"TRUNCATE","affectedRows":null,"postCount":0}
{"timestamp":"2026-06-08T14:20:02.841Z","runId":5,"level":"debug","phase":"clean","tableName":"wip_status","tableRunId":77,"action":"fk_checks_restored"}
{"timestamp":"2026-06-08T14:20:02.841Z","runId":5,"level":"info","phase":"table_start","tableName":"wip_status","tableRunId":77,"mode":"INSERT","keyStrategy":"preserve","dedupeKeys":[]}
{"timestamp":"2026-06-08T14:20:02.855Z","runId":5,"level":"info","phase":"fetch","tableName":"wip_status","tableRunId":77,"sourceRows":10,"dateFilter":null}
{"timestamp":"2026-06-08T14:20:02.859Z","runId":5,"level":"debug","phase":"write","tableName":"wip_status","tableRunId":77,"status":"start","batchSize":10}
{"timestamp":"2026-06-08T14:20:02.862Z","runId":5,"level":"debug","phase":"write","tableName":"wip_status","tableRunId":77,"status":"end","inserted":10,"updated":0,"skipped":0,"durationMs":3}
{"timestamp":"2026-06-08T14:20:02.872Z","runId":5,"level":"info","phase":"table_finalize","tableName":"wip_status","tableRunId":77,"status":"success","inserted":10,"updated":0,"skipped":0,"errors":0,"durationMs":26}
{"timestamp":"2026-06-08T14:20:02.872Z","runId":5,"level":"debug","phase":"table_loop","action":"processing","tableName":"spares_used","mappingTableKeys":["BANKS","CNOTE","STOCK","PRICING","ACCCLASS"]}
{"timestamp":"2026-06-08T14:20:02.872Z","runId":5,"level":"debug","phase":"table_loop","action":"mapping_resolved","tableName":"spares_used","hasMappingEntry":true,"mappingTarget":"SPARES_USED"}
{"timestamp":"2026-06-08T14:20:02.872Z","runId":5,"level":"debug","phase":"mapping_debug","tableName":"spares_used","mappedSource":"SPARES_USED","firebirdTableCount":189,"sampleFirebirdTables":["ACCCLASS","ACCDEPARTMENT","ACCOUNTLINKS","ACCOUNTS","ACCOUNT_OPENING"]}
{"timestamp":"2026-06-08T14:20:02.958Z","runId":5,"level":"debug","phase":"clean_decision","tableName":"spares_used","cleanBefore":true,"dryRun":false,"mode":"INSERT"}
{"timestamp":"2026-06-08T14:20:02.958Z","runId":5,"type":"table_cleaning_started","table":"spares_used","tableRunId":78}
{"timestamp":"2026-06-08T14:20:02.958Z","runId":5,"level":"info","phase":"clean","tableName":"spares_used","tableRunId":78,"status":"start"}
{"timestamp":"2026-06-08T14:20:02.959Z","runId":5,"level":"debug","phase":"clean","tableName":"spares_used","tableRunId":78,"action":"fk_checks_disabled"}
{"timestamp":"2026-06-08T14:20:03.005Z","runId":5,"level":"info","phase":"clean","tableName":"spares_used","tableRunId":78,"status":"success","method":"TRUNCATE","affectedRows":null,"postCount":0,"durationMs":47}
{"timestamp":"2026-06-08T14:20:03.011Z","runId":5,"type":"table_cleaned","table":"spares_used","tableRunId":78,"method":"TRUNCATE","affectedRows":null,"postCount":0}
{"timestamp":"2026-06-08T14:20:03.012Z","runId":5,"level":"debug","phase":"clean","tableName":"spares_used","tableRunId":78,"action":"fk_checks_restored"}
{"timestamp":"2026-06-08T14:20:03.012Z","runId":5,"level":"info","phase":"table_start","tableName":"spares_used","tableRunId":78,"mode":"INSERT","keyStrategy":"preserve","dedupeKeys":[]}
{"timestamp":"2026-06-08T14:20:03.075Z","runId":5,"level":"info","phase":"fetch","tableName":"spares_used","tableRunId":78,"sourceRows":102968,"dateFilter":null}
{"timestamp":"2026-06-08T14:20:03.753Z","runId":5,"level":"debug","phase":"write","tableName":"spares_used","tableRunId":78,"status":"start","batchSize":1000}
{"timestamp":"2026-06-08T14:20:03.833Z","runId":5,"level":"debug","phase":"write","tableName":"spares_used","tableRunId":78,"status":"end","inserted":1000,"updated":0,"skipped":0,"durationMs":80}
{"timestamp":"2026-06-08T14:20:04.508Z","runId":5,"level":"debug","phase":"write","tableName":"spares_used","tableRunId":78,"status":"start","batchSize":1000}
{"timestamp":"2026-06-08T14:20:04.564Z","runId":5,"level":"debug","phase":"write","tableName":"spares_used","tableRunId":78,"status":"end","inserted":1000,"updated":0,"skipped":0,"durationMs":56}
{"timestamp":"2026-06-08T14:20:05.264Z","runId":5,"level":"debug","phase":"write","tableName":"spares_used","tableRunId":78,"status":"start","batchSize":1000}
{"timestamp":"2026-06-08T14:20:05.295Z","runId":5,"level":"debug","phase":"write","tableName":"spares_used","tableRunId":78,"status":"end","inserted":1000,"updated":0,"skipped":0,"durationMs":31}
{"timestamp":"2026-06-08T14:20:05.991Z","runId":5,"level":"debug","phase":"write","tableName":"spares_used","tableRunId":78,"status":"start","batchSize":1000}
{"timestamp":"2026-06-08T14:20:06.050Z","runId":5,"level":"debug","phase":"write","tableName":"spares_used","tableRunId":78,"status":"end","inserted":1000,"updated":0,"skipped":0,"durationMs":59}
{"timestamp":"2026-06-08T14:20:06.782Z","runId":5,"level":"debug","phase":"write","tableName":"spares_used","tableRunId":78,"status":"start","batchSize":1000}
{"timestamp":"2026-06-08T14:20:06.817Z","runId":5,"level":"debug","phase":"write","tableName":"spares_used","tableRunId":78,"status":"end","inserted":1000,"updated":0,"skipped":0,"durationMs":35}
{"timestamp":"2026-06-08T14:20:07.488Z","runId":5,"level":"debug","phase":"write","tableName":"spares_used","tableRunId":78,"status":"start","batchSize":1000}
{"timestamp":"2026-06-08T14:20:07.515Z","runId":5,"level":"debug","phase":"write","tableName":"spares_used","tableRunId":78,"status":"end","inserted":1000,"updated":0,"skipped":0,"durationMs":27}
{"timestamp":"2026-06-08T14:20:08.183Z","runId":5,"level":"debug","phase":"write","tableName":"spares_used","tableRunId":78,"status":"start","batchSize":1000}
{"timestamp":"2026-06-08T14:20:08.215Z","runId":5,"level":"debug","phase":"write","tableName":"spares_used","tableRunId":78,"status":"end","inserted":1000,"updated":0,"skipped":0,"durationMs":32}
{"timestamp":"2026-06-08T14:20:08.922Z","runId":5,"level":"debug","phase":"write","tableName":"spares_used","tableRunId":78,"status":"start","batchSize":1000}
{"timestamp":"2026-06-08T14:20:08.958Z","runId":5,"level":"debug","phase":"write","tableName":"spares_used","tableRunId":78,"status":"end","inserted":1000,"updated":0,"skipped":0,"durationMs":36}
{"timestamp":"2026-06-08T14:20:09.680Z","runId":5,"level":"debug","phase":"write","tableName":"spares_used","tableRunId":78,"status":"start","batchSize":1000}
{"timestamp":"2026-06-08T14:20:09.722Z","runId":5,"level":"debug","phase":"write","tableName":"spares_used","tableRunId":78,"status":"end","inserted":1000,"updated":0,"skipped":0,"durationMs":42}
{"timestamp":"2026-06-08T14:20:10.459Z","runId":5,"level":"debug","phase":"write","tableName":"spares_used","tableRunId":78,"status":"start","batchSize":1000}
{"timestamp":"2026-06-08T14:20:10.494Z","runId":5,"level":"debug","phase":"write","tableName":"spares_used","tableRunId":78,"status":"end","inserted":1000,"updated":0,"skipped":0,"durationMs":35}
{"timestamp":"2026-06-08T14:20:11.244Z","runId":5,"level":"debug","phase":"write","tableName":"spares_used","tableRunId":78,"status":"start","batchSize":1000}
{"timestamp":"2026-06-08T14:20:11.280Z","runId":5,"level":"debug","phase":"write","tableName":"spares_used","tableRunId":78,"status":"end","inserted":1000,"updated":0,"skipped":0,"durationMs":35}
{"timestamp":"2026-06-08T14:20:12.023Z","runId":5,"level":"debug","phase":"write","tableName":"spares_used","tableRunId":78,"status":"start","batchSize":1000}
{"timestamp":"2026-06-08T14:20:12.054Z","runId":5,"level":"debug","phase":"write","tableName":"spares_used","tableRunId":78,"status":"end","inserted":1000,"updated":0,"skipped":0,"durationMs":31}
{"timestamp":"2026-06-08T14:20:12.755Z","runId":5,"level":"debug","phase":"write","tableName":"spares_used","tableRunId":78,"status":"start","batchSize":1000}
{"timestamp":"2026-06-08T14:20:12.787Z","runId":5,"level":"debug","phase":"write","tableName":"spares_used","tableRunId":78,"status":"end","inserted":1000,"updated":0,"skipped":0,"durationMs":32}
{"timestamp":"2026-06-08T14:20:13.513Z","runId":5,"level":"debug","phase":"write","tableName":"spares_used","tableRunId":78,"status":"start","batchSize":1000}
{"timestamp":"2026-06-08T14:20:13.554Z","runId":5,"level":"debug","phase":"write","tableName":"spares_used","tableRunId":78,"status":"end","inserted":1000,"updated":0,"skipped":0,"durationMs":41}
{"timestamp":"2026-06-08T14:20:14.282Z","runId":5,"level":"debug","phase":"write","tableName":"spares_used","tableRunId":78,"status":"start","batchSize":1000}
{"timestamp":"2026-06-08T14:20:14.312Z","runId":5,"level":"debug","phase":"write","tableName":"spares_used","tableRunId":78,"status":"end","inserted":1000,"updated":0,"skipped":0,"durationMs":30}
{"timestamp":"2026-06-08T14:20:15.038Z","runId":5,"level":"debug","phase":"write","tableName":"spares_used","tableRunId":78,"status":"start","batchSize":1000}
{"timestamp":"2026-06-08T14:20:15.093Z","runId":5,"level":"debug","phase":"write","tableName":"spares_used","tableRunId":78,"status":"end","inserted":1000,"updated":0,"skipped":0,"durationMs":55}
{"timestamp":"2026-06-08T14:20:15.805Z","runId":5,"level":"debug","phase":"write","tableName":"spares_used","tableRunId":78,"status":"start","batchSize":1000}
{"timestamp":"2026-06-08T14:20:15.836Z","runId":5,"level":"debug","phase":"write","tableName":"spares_used","tableRunId":78,"status":"end","inserted":1000,"updated":0,"skipped":0,"durationMs":31}
{"timestamp":"2026-06-08T14:20:16.601Z","runId":5,"level":"debug","phase":"write","tableName":"spares_used","tableRunId":78,"status":"start","batchSize":1000}
{"timestamp":"2026-06-08T14:20:16.651Z","runId":5,"level":"debug","phase":"write","tableName":"spares_used","tableRunId":78,"status":"end","inserted":1000,"updated":0,"skipped":0,"durationMs":50}
{"timestamp":"2026-06-08T14:20:17.420Z","runId":5,"level":"debug","phase":"write","tableName":"spares_used","tableRunId":78,"status":"start","batchSize":1000}
{"timestamp":"2026-06-08T14:20:17.455Z","runId":5,"level":"debug","phase":"write","tableName":"spares_used","tableRunId":78,"status":"end","inserted":1000,"updated":0,"skipped":0,"durationMs":35}
{"timestamp":"2026-06-08T14:20:18.192Z","runId":5,"level":"debug","phase":"write","tableName":"spares_used","tableRunId":78,"status":"start","batchSize":1000}
{"timestamp":"2026-06-08T14:20:18.226Z","runId":5,"level":"debug","phase":"write","tableName":"spares_used","tableRunId":78,"status":"end","inserted":1000,"updated":0,"skipped":0,"durationMs":34}
{"timestamp":"2026-06-08T14:20:18.965Z","runId":5,"level":"debug","phase":"write","tableName":"spares_used","tableRunId":78,"status":"start","batchSize":1000}
{"timestamp":"2026-06-08T14:20:19.004Z","runId":5,"level":"debug","phase":"write","tableName":"spares_used","tableRunId":78,"status":"end","inserted":1000,"updated":0,"skipped":0,"durationMs":38}
{"timestamp":"2026-06-08T14:20:19.747Z","runId":5,"level":"debug","phase":"write","tableName":"spares_used","tableRunId":78,"status":"start","batchSize":1000}
{"timestamp":"2026-06-08T14:20:19.803Z","runId":5,"level":"debug","phase":"write","tableName":"spares_used","tableRunId":78,"status":"end","inserted":1000,"updated":0,"skipped":0,"durationMs":56}
{"timestamp":"2026-06-08T14:20:20.530Z","runId":5,"level":"debug","phase":"write","tableName":"spares_used","tableRunId":78,"status":"start","batchSize":1000}
{"timestamp":"2026-06-08T14:20:20.593Z","runId":5,"level":"debug","phase":"write","tableName":"spares_used","tableRunId":78,"status":"end","inserted":1000,"updated":0,"skipped":0,"durationMs":63}
{"timestamp":"2026-06-08T14:20:21.333Z","runId":5,"level":"debug","phase":"write","tableName":"spares_used","tableRunId":78,"status":"start","batchSize":1000}
{"timestamp":"2026-06-08T14:20:21.456Z","runId":5,"level":"debug","phase":"write","tableName":"spares_used","tableRunId":78,"status":"end","inserted":1000,"updated":0,"skipped":0,"durationMs":123}
{"timestamp":"2026-06-08T14:20:22.192Z","runId":5,"level":"debug","phase":"write","tableName":"spares_used","tableRunId":78,"status":"start","batchSize":1000}
{"timestamp":"2026-06-08T14:20:22.235Z","runId":5,"level":"debug","phase":"write","tableName":"spares_used","tableRunId":78,"status":"end","inserted":1000,"updated":0,"skipped":0,"durationMs":43}
{"timestamp":"2026-06-08T14:20:22.580Z","runId":5,"level":"info","phase":"preflight","action":"firebird_config_check","host":"localhost","port":3050,"database":"C:\\Autoneer\\data\\AUTONEER.FDB","user":"SYSDBA","passwordSet":true,"passwordLength":9,"passwordSource":"state","useDefaultSysdbaMasterkey":true,"rawPasswordSet":true,"rawPasswordLength":9}
{"timestamp":"2026-06-08T14:20:22.660Z","runId":5,"level":"info","phase":"preflight","attempt":1,"status":"ok"}
{"timestamp":"2026-06-08T14:20:22.660Z","runId":5,"level":"debug","phase":"keepalive","status":"ok"}
{"timestamp":"2026-06-08T14:20:23.039Z","runId":5,"level":"debug","phase":"write","tableName":"spares_used","tableRunId":78,"status":"start","batchSize":1000}
{"timestamp":"2026-06-08T14:20:23.080Z","runId":5,"level":"debug","phase":"write","tableName":"spares_used","tableRunId":78,"status":"end","inserted":1000,"updated":0,"skipped":0,"durationMs":41}
{"timestamp":"2026-06-08T14:20:23.787Z","runId":5,"level":"debug","phase":"write","tableName":"spares_used","tableRunId":78,"status":"start","batchSize":1000}
{"timestamp":"2026-06-08T14:20:23.849Z","runId":5,"level":"debug","phase":"write","tableName":"spares_used","tableRunId":78,"status":"end","inserted":1000,"updated":0,"skipped":0,"durationMs":62}
{"timestamp":"2026-06-08T14:20:24.600Z","runId":5,"level":"debug","phase":"write","tableName":"spares_used","tableRunId":78,"status":"start","batchSize":1000}
{"timestamp":"2026-06-08T14:20:24.646Z","runId":5,"level":"debug","phase":"write","tableName":"spares_used","tableRunId":78,"status":"end","inserted":1000,"updated":0,"skipped":0,"durationMs":46}
{"timestamp":"2026-06-08T14:20:25.414Z","runId":5,"level":"debug","phase":"write","tableName":"spares_used","tableRunId":78,"status":"start","batchSize":1000}
{"timestamp":"2026-06-08T14:20:25.448Z","runId":5,"level":"debug","phase":"write","tableName":"spares_used","tableRunId":78,"status":"end","inserted":1000,"updated":0,"skipped":0,"durationMs":34}
{"timestamp":"2026-06-08T14:20:26.216Z","runId":5,"level":"debug","phase":"write","tableName":"spares_used","tableRunId":78,"status":"start","batchSize":1000}
{"timestamp":"2026-06-08T14:20:26.249Z","runId":5,"level":"debug","phase":"write","tableName":"spares_used","tableRunId":78,"status":"end","inserted":1000,"updated":0,"skipped":0,"durationMs":33}
{"timestamp":"2026-06-08T14:20:27.010Z","runId":5,"level":"debug","phase":"write","tableName":"spares_used","tableRunId":78,"status":"start","batchSize":1000}
{"timestamp":"2026-06-08T14:20:27.045Z","runId":5,"level":"debug","phase":"write","tableName":"spares_used","tableRunId":78,"status":"end","inserted":1000,"updated":0,"skipped":0,"durationMs":35}
{"timestamp":"2026-06-08T14:20:27.800Z","runId":5,"level":"debug","phase":"write","tableName":"spares_used","tableRunId":78,"status":"start","batchSize":1000}
{"timestamp":"2026-06-08T14:20:27.852Z","runId":5,"level":"debug","phase":"write","tableName":"spares_used","tableRunId":78,"status":"end","inserted":1000,"updated":0,"skipped":0,"durationMs":52}
{"timestamp":"2026-06-08T14:20:28.608Z","runId":5,"level":"debug","phase":"write","tableName":"spares_used","tableRunId":78,"status":"start","batchSize":1000}
{"timestamp":"2026-06-08T14:20:28.644Z","runId":5,"level":"debug","phase":"write","tableName":"spares_used","tableRunId":78,"status":"end","inserted":1000,"updated":0,"skipped":0,"durationMs":36}
{"timestamp":"2026-06-08T14:20:29.414Z","runId":5,"level":"debug","phase":"write","tableName":"spares_used","tableRunId":78,"status":"start","batchSize":1000}
{"timestamp":"2026-06-08T14:20:29.467Z","runId":5,"level":"debug","phase":"write","tableName":"spares_used","tableRunId":78,"status":"end","inserted":1000,"updated":0,"skipped":0,"durationMs":53}
{"timestamp":"2026-06-08T14:20:30.239Z","runId":5,"level":"debug","phase":"write","tableName":"spares_used","tableRunId":78,"status":"start","batchSize":1000}
{"timestamp":"2026-06-08T14:20:30.270Z","runId":5,"level":"debug","phase":"write","tableName":"spares_used","tableRunId":78,"status":"end","inserted":1000,"updated":0,"skipped":0,"durationMs":31}
{"timestamp":"2026-06-08T14:20:31.045Z","runId":5,"level":"debug","phase":"write","tableName":"spares_used","tableRunId":78,"status":"start","batchSize":1000}
{"timestamp":"2026-06-08T14:20:31.073Z","runId":5,"level":"debug","phase":"write","tableName":"spares_used","tableRunId":78,"status":"end","inserted":1000,"updated":0,"skipped":0,"durationMs":28}
{"timestamp":"2026-06-08T14:20:31.835Z","runId":5,"level":"debug","phase":"write","tableName":"spares_used","tableRunId":78,"status":"start","batchSize":1000}
{"timestamp":"2026-06-08T14:20:31.878Z","runId":5,"level":"debug","phase":"write","tableName":"spares_used","tableRunId":78,"status":"end","inserted":1000,"updated":0,"skipped":0,"durationMs":43}
{"timestamp":"2026-06-08T14:20:32.606Z","runId":5,"level":"debug","phase":"write","tableName":"spares_used","tableRunId":78,"status":"start","batchSize":1000}
{"timestamp":"2026-06-08T14:20:32.663Z","runId":5,"level":"debug","phase":"write","tableName":"spares_used","tableRunId":78,"status":"end","inserted":1000,"updated":0,"skipped":0,"durationMs":57}
{"timestamp":"2026-06-08T14:20:33.446Z","runId":5,"level":"debug","phase":"write","tableName":"spares_used","tableRunId":78,"status":"start","batchSize":1000}
{"timestamp":"2026-06-08T14:20:33.481Z","runId":5,"level":"debug","phase":"write","tableName":"spares_used","tableRunId":78,"status":"end","inserted":1000,"updated":0,"skipped":0,"durationMs":35}
{"timestamp":"2026-06-08T14:20:34.278Z","runId":5,"level":"debug","phase":"write","tableName":"spares_used","tableRunId":78,"status":"start","batchSize":1000}
{"timestamp":"2026-06-08T14:20:34.316Z","runId":5,"level":"debug","phase":"write","tableName":"spares_used","tableRunId":78,"status":"end","inserted":1000,"updated":0,"skipped":0,"durationMs":38}
{"timestamp":"2026-06-08T14:20:35.093Z","runId":5,"level":"debug","phase":"write","tableName":"spares_used","tableRunId":78,"status":"start","batchSize":1000}
{"timestamp":"2026-06-08T14:20:35.124Z","runId":5,"level":"debug","phase":"write","tableName":"spares_used","tableRunId":78,"status":"end","inserted":1000,"updated":0,"skipped":0,"durationMs":31}
{"timestamp":"2026-06-08T14:20:35.904Z","runId":5,"level":"debug","phase":"write","tableName":"spares_used","tableRunId":78,"status":"start","batchSize":1000}
{"timestamp":"2026-06-08T14:20:35.954Z","runId":5,"level":"debug","phase":"write","tableName":"spares_used","tableRunId":78,"status":"end","inserted":1000,"updated":0,"skipped":0,"durationMs":50}
{"timestamp":"2026-06-08T14:20:36.731Z","runId":5,"level":"debug","phase":"write","tableName":"spares_used","tableRunId":78,"status":"start","batchSize":1000}
{"timestamp":"2026-06-08T14:20:36.761Z","runId":5,"level":"debug","phase":"write","tableName":"spares_used","tableRunId":78,"status":"end","inserted":1000,"updated":0,"skipped":0,"durationMs":30}
{"timestamp":"2026-06-08T14:20:37.545Z","runId":5,"level":"debug","phase":"write","tableName":"spares_used","tableRunId":78,"status":"start","batchSize":1000}
{"timestamp":"2026-06-08T14:20:37.581Z","runId":5,"level":"debug","phase":"write","tableName":"spares_used","tableRunId":78,"status":"end","inserted":1000,"updated":0,"skipped":0,"durationMs":36}
{"timestamp":"2026-06-08T14:20:38.368Z","runId":5,"level":"debug","phase":"write","tableName":"spares_used","tableRunId":78,"status":"start","batchSize":1000}
{"timestamp":"2026-06-08T14:20:38.399Z","runId":5,"level":"debug","phase":"write","tableName":"spares_used","tableRunId":78,"status":"end","inserted":1000,"updated":0,"skipped":0,"durationMs":31}
{"timestamp":"2026-06-08T14:20:39.196Z","runId":5,"level":"debug","phase":"write","tableName":"spares_used","tableRunId":78,"status":"start","batchSize":1000}
{"timestamp":"2026-06-08T14:20:39.269Z","runId":5,"level":"debug","phase":"write","tableName":"spares_used","tableRunId":78,"status":"end","inserted":1000,"updated":0,"skipped":0,"durationMs":73}
{"timestamp":"2026-06-08T14:20:40.050Z","runId":5,"level":"debug","phase":"write","tableName":"spares_used","tableRunId":78,"status":"start","batchSize":1000}
{"timestamp":"2026-06-08T14:20:40.085Z","runId":5,"level":"debug","phase":"write","tableName":"spares_used","tableRunId":78,"status":"end","inserted":1000,"updated":0,"skipped":0,"durationMs":35}
{"timestamp":"2026-06-08T14:20:40.857Z","runId":5,"level":"debug","phase":"write","tableName":"spares_used","tableRunId":78,"status":"start","batchSize":1000}
{"timestamp":"2026-06-08T14:20:40.889Z","runId":5,"level":"debug","phase":"write","tableName":"spares_used","tableRunId":78,"status":"end","inserted":999,"updated":0,"skipped":1,"durationMs":32}
{"timestamp":"2026-06-08T14:20:41.688Z","runId":5,"level":"debug","phase":"write","tableName":"spares_used","tableRunId":78,"status":"start","batchSize":1000}
{"timestamp":"2026-06-08T14:20:41.718Z","runId":5,"level":"debug","phase":"write","tableName":"spares_used","tableRunId":78,"status":"end","inserted":1000,"updated":0,"skipped":0,"durationMs":30}
{"timestamp":"2026-06-08T14:20:42.518Z","runId":5,"level":"debug","phase":"write","tableName":"spares_used","tableRunId":78,"status":"start","batchSize":1000}
{"timestamp":"2026-06-08T14:20:42.554Z","runId":5,"level":"debug","phase":"write","tableName":"spares_used","tableRunId":78,"status":"end","inserted":1000,"updated":0,"skipped":0,"durationMs":36}
{"timestamp":"2026-06-08T14:20:42.580Z","runId":5,"level":"info","phase":"preflight","action":"firebird_config_check","host":"localhost","port":3050,"database":"C:\\Autoneer\\data\\AUTONEER.FDB","user":"SYSDBA","passwordSet":true,"passwordLength":9,"passwordSource":"state","useDefaultSysdbaMasterkey":true,"rawPasswordSet":true,"rawPasswordLength":9}
{"timestamp":"2026-06-08T14:20:42.651Z","runId":5,"level":"info","phase":"preflight","attempt":1,"status":"ok"}
{"timestamp":"2026-06-08T14:20:42.651Z","runId":5,"level":"debug","phase":"keepalive","status":"ok"}
{"timestamp":"2026-06-08T14:20:43.315Z","runId":5,"level":"debug","phase":"write","tableName":"spares_used","tableRunId":78,"status":"start","batchSize":1000}
{"timestamp":"2026-06-08T14:20:43.366Z","runId":5,"level":"debug","phase":"write","tableName":"spares_used","tableRunId":78,"status":"end","inserted":1000,"updated":0,"skipped":0,"durationMs":51}
{"timestamp":"2026-06-08T14:20:44.099Z","runId":5,"level":"debug","phase":"write","tableName":"spares_used","tableRunId":78,"status":"start","batchSize":1000}
{"timestamp":"2026-06-08T14:20:44.131Z","runId":5,"level":"debug","phase":"write","tableName":"spares_used","tableRunId":78,"status":"end","inserted":1000,"updated":0,"skipped":0,"durationMs":32}
{"timestamp":"2026-06-08T14:20:44.924Z","runId":5,"level":"debug","phase":"write","tableName":"spares_used","tableRunId":78,"status":"start","batchSize":1000}
{"timestamp":"2026-06-08T14:20:44.961Z","runId":5,"level":"debug","phase":"write","tableName":"spares_used","tableRunId":78,"status":"end","inserted":1000,"updated":0,"skipped":0,"durationMs":37}
{"timestamp":"2026-06-08T14:20:45.767Z","runId":5,"level":"debug","phase":"write","tableName":"spares_used","tableRunId":78,"status":"start","batchSize":1000}
{"timestamp":"2026-06-08T14:20:45.801Z","runId":5,"level":"debug","phase":"write","tableName":"spares_used","tableRunId":78,"status":"end","inserted":1000,"updated":0,"skipped":0,"durationMs":34}
{"timestamp":"2026-06-08T14:20:46.597Z","runId":5,"level":"debug","phase":"write","tableName":"spares_used","tableRunId":78,"status":"start","batchSize":1000}
{"timestamp":"2026-06-08T14:20:46.649Z","runId":5,"level":"debug","phase":"write","tableName":"spares_used","tableRunId":78,"status":"end","inserted":1000,"updated":0,"skipped":0,"durationMs":52}
{"timestamp":"2026-06-08T14:20:47.444Z","runId":5,"level":"debug","phase":"write","tableName":"spares_used","tableRunId":78,"status":"start","batchSize":1000}
{"timestamp":"2026-06-08T14:20:47.478Z","runId":5,"level":"debug","phase":"write","tableName":"spares_used","tableRunId":78,"status":"end","inserted":1000,"updated":0,"skipped":0,"durationMs":34}
{"timestamp":"2026-06-08T14:20:48.238Z","runId":5,"level":"debug","phase":"write","tableName":"spares_used","tableRunId":78,"status":"start","batchSize":1000}
{"timestamp":"2026-06-08T14:20:48.270Z","runId":5,"level":"debug","phase":"write","tableName":"spares_used","tableRunId":78,"status":"end","inserted":1000,"updated":0,"skipped":0,"durationMs":32}
{"timestamp":"2026-06-08T14:20:49.081Z","runId":5,"level":"debug","phase":"write","tableName":"spares_used","tableRunId":78,"status":"start","batchSize":1000}
{"timestamp":"2026-06-08T14:20:49.114Z","runId":5,"level":"debug","phase":"write","tableName":"spares_used","tableRunId":78,"status":"end","inserted":1000,"updated":0,"skipped":0,"durationMs":33}
{"timestamp":"2026-06-08T14:20:49.959Z","runId":5,"level":"debug","phase":"write","tableName":"spares_used","tableRunId":78,"status":"start","batchSize":1000}
{"timestamp":"2026-06-08T14:20:50.012Z","runId":5,"level":"debug","phase":"write","tableName":"spares_used","tableRunId":78,"status":"end","inserted":1000,"updated":0,"skipped":0,"durationMs":53}
{"timestamp":"2026-06-08T14:20:50.841Z","runId":5,"level":"debug","phase":"write","tableName":"spares_used","tableRunId":78,"status":"start","batchSize":1000}
{"timestamp":"2026-06-08T14:20:50.883Z","runId":5,"level":"debug","phase":"write","tableName":"spares_used","tableRunId":78,"status":"end","inserted":1000,"updated":0,"skipped":0,"durationMs":42}
{"timestamp":"2026-06-08T14:20:51.703Z","runId":5,"level":"debug","phase":"write","tableName":"spares_used","tableRunId":78,"status":"start","batchSize":1000}
{"timestamp":"2026-06-08T14:20:51.739Z","runId":5,"level":"debug","phase":"write","tableName":"spares_used","tableRunId":78,"status":"end","inserted":1000,"updated":0,"skipped":0,"durationMs":36}
{"timestamp":"2026-06-08T14:20:52.550Z","runId":5,"level":"debug","phase":"write","tableName":"spares_used","tableRunId":78,"status":"start","batchSize":1000}
{"timestamp":"2026-06-08T14:20:52.583Z","runId":5,"level":"debug","phase":"write","tableName":"spares_used","tableRunId":78,"status":"end","inserted":1000,"updated":0,"skipped":0,"durationMs":33}
{"timestamp":"2026-06-08T14:20:53.372Z","runId":5,"level":"debug","phase":"write","tableName":"spares_used","tableRunId":78,"status":"start","batchSize":1000}
{"timestamp":"2026-06-08T14:20:53.433Z","runId":5,"level":"debug","phase":"write","tableName":"spares_used","tableRunId":78,"status":"end","inserted":1000,"updated":0,"skipped":0,"durationMs":61}
{"timestamp":"2026-06-08T14:20:54.250Z","runId":5,"level":"debug","phase":"write","tableName":"spares_used","tableRunId":78,"status":"start","batchSize":1000}
{"timestamp":"2026-06-08T14:20:54.299Z","runId":5,"level":"debug","phase":"write","tableName":"spares_used","tableRunId":78,"status":"end","inserted":1000,"updated":0,"skipped":0,"durationMs":49}
{"timestamp":"2026-06-08T14:20:55.121Z","runId":5,"level":"debug","phase":"write","tableName":"spares_used","tableRunId":78,"status":"start","batchSize":1000}
{"timestamp":"2026-06-08T14:20:55.156Z","runId":5,"level":"debug","phase":"write","tableName":"spares_used","tableRunId":78,"status":"end","inserted":1000,"updated":0,"skipped":0,"durationMs":35}
{"timestamp":"2026-06-08T14:20:55.969Z","runId":5,"level":"debug","phase":"write","tableName":"spares_used","tableRunId":78,"status":"start","batchSize":1000}
{"timestamp":"2026-06-08T14:20:56.000Z","runId":5,"level":"debug","phase":"write","tableName":"spares_used","tableRunId":78,"status":"end","inserted":1000,"updated":0,"skipped":0,"durationMs":31}
{"timestamp":"2026-06-08T14:20:56.830Z","runId":5,"level":"debug","phase":"write","tableName":"spares_used","tableRunId":78,"status":"start","batchSize":1000}
{"timestamp":"2026-06-08T14:20:56.867Z","runId":5,"level":"debug","phase":"write","tableName":"spares_used","tableRunId":78,"status":"end","inserted":1000,"updated":0,"skipped":0,"durationMs":37}
{"timestamp":"2026-06-08T14:20:57.698Z","runId":5,"level":"debug","phase":"write","tableName":"spares_used","tableRunId":78,"status":"start","batchSize":1000}
{"timestamp":"2026-06-08T14:20:57.728Z","runId":5,"level":"debug","phase":"write","tableName":"spares_used","tableRunId":78,"status":"end","inserted":1000,"updated":0,"skipped":0,"durationMs":30}
{"timestamp":"2026-06-08T14:20:58.554Z","runId":5,"level":"debug","phase":"write","tableName":"spares_used","tableRunId":78,"status":"start","batchSize":1000}
{"timestamp":"2026-06-08T14:20:58.607Z","runId":5,"level":"debug","phase":"write","tableName":"spares_used","tableRunId":78,"status":"end","inserted":1000,"updated":0,"skipped":0,"durationMs":53}
{"timestamp":"2026-06-08T14:20:59.430Z","runId":5,"level":"debug","phase":"write","tableName":"spares_used","tableRunId":78,"status":"start","batchSize":1000}
{"timestamp":"2026-06-08T14:20:59.465Z","runId":5,"level":"debug","phase":"write","tableName":"spares_used","tableRunId":78,"status":"end","inserted":1000,"updated":0,"skipped":0,"durationMs":35}
{"timestamp":"2026-06-08T14:21:00.304Z","runId":5,"level":"debug","phase":"write","tableName":"spares_used","tableRunId":78,"status":"start","batchSize":1000}
{"timestamp":"2026-06-08T14:21:00.343Z","runId":5,"level":"debug","phase":"write","tableName":"spares_used","tableRunId":78,"status":"end","inserted":1000,"updated":0,"skipped":0,"durationMs":39}
{"timestamp":"2026-06-08T14:21:01.160Z","runId":5,"level":"debug","phase":"write","tableName":"spares_used","tableRunId":78,"status":"start","batchSize":1000}
{"timestamp":"2026-06-08T14:21:01.193Z","runId":5,"level":"debug","phase":"write","tableName":"spares_used","tableRunId":78,"status":"end","inserted":1000,"updated":0,"skipped":0,"durationMs":33}
{"timestamp":"2026-06-08T14:21:02.019Z","runId":5,"level":"debug","phase":"write","tableName":"spares_used","tableRunId":78,"status":"start","batchSize":1000}
{"timestamp":"2026-06-08T14:21:02.075Z","runId":5,"level":"debug","phase":"write","tableName":"spares_used","tableRunId":78,"status":"end","inserted":1000,"updated":0,"skipped":0,"durationMs":56}
{"timestamp":"2026-06-08T14:21:02.595Z","runId":5,"level":"info","phase":"preflight","action":"firebird_config_check","host":"localhost","port":3050,"database":"C:\\Autoneer\\data\\AUTONEER.FDB","user":"SYSDBA","passwordSet":true,"passwordLength":9,"passwordSource":"state","useDefaultSysdbaMasterkey":true,"rawPasswordSet":true,"rawPasswordLength":9}
{"timestamp":"2026-06-08T14:21:02.671Z","runId":5,"level":"info","phase":"preflight","attempt":1,"status":"ok"}
{"timestamp":"2026-06-08T14:21:02.671Z","runId":5,"level":"debug","phase":"keepalive","status":"ok"}
{"timestamp":"2026-06-08T14:21:02.858Z","runId":5,"level":"debug","phase":"write","tableName":"spares_used","tableRunId":78,"status":"start","batchSize":1000}
{"timestamp":"2026-06-08T14:21:02.909Z","runId":5,"level":"debug","phase":"write","tableName":"spares_used","tableRunId":78,"status":"end","inserted":1000,"updated":0,"skipped":0,"durationMs":51}
{"timestamp":"2026-06-08T14:21:03.716Z","runId":5,"level":"debug","phase":"write","tableName":"spares_used","tableRunId":78,"status":"start","batchSize":1000}
{"timestamp":"2026-06-08T14:21:03.751Z","runId":5,"level":"debug","phase":"write","tableName":"spares_used","tableRunId":78,"status":"end","inserted":1000,"updated":0,"skipped":0,"durationMs":35}
{"timestamp":"2026-06-08T14:21:04.405Z","runId":5,"level":"debug","phase":"write","tableName":"spares_used","tableRunId":78,"status":"start","batchSize":1000}
{"timestamp":"2026-06-08T14:21:04.435Z","runId":5,"level":"debug","phase":"write","tableName":"spares_used","tableRunId":78,"status":"end","inserted":1000,"updated":0,"skipped":0,"durationMs":30}
{"timestamp":"2026-06-08T14:21:05.263Z","runId":5,"level":"debug","phase":"write","tableName":"spares_used","tableRunId":78,"status":"start","batchSize":1000}
{"timestamp":"2026-06-08T14:21:05.297Z","runId":5,"level":"debug","phase":"write","tableName":"spares_used","tableRunId":78,"status":"end","inserted":1000,"updated":0,"skipped":0,"durationMs":34}
{"timestamp":"2026-06-08T14:21:06.143Z","runId":5,"level":"debug","phase":"write","tableName":"spares_used","tableRunId":78,"status":"start","batchSize":1000}
{"timestamp":"2026-06-08T14:21:06.191Z","runId":5,"level":"debug","phase":"write","tableName":"spares_used","tableRunId":78,"status":"end","inserted":1000,"updated":0,"skipped":0,"durationMs":48}
{"timestamp":"2026-06-08T14:21:07.040Z","runId":5,"level":"debug","phase":"write","tableName":"spares_used","tableRunId":78,"status":"start","batchSize":1000}
{"timestamp":"2026-06-08T14:21:07.076Z","runId":5,"level":"debug","phase":"write","tableName":"spares_used","tableRunId":78,"status":"end","inserted":1000,"updated":0,"skipped":0,"durationMs":36}
{"timestamp":"2026-06-08T14:21:07.926Z","runId":5,"level":"debug","phase":"write","tableName":"spares_used","tableRunId":78,"status":"start","batchSize":1000}
{"timestamp":"2026-06-08T14:21:07.959Z","runId":5,"level":"debug","phase":"write","tableName":"spares_used","tableRunId":78,"status":"end","inserted":1000,"updated":0,"skipped":0,"durationMs":33}
{"timestamp":"2026-06-08T14:21:08.815Z","runId":5,"level":"debug","phase":"write","tableName":"spares_used","tableRunId":78,"status":"start","batchSize":1000}
{"timestamp":"2026-06-08T14:21:08.855Z","runId":5,"level":"debug","phase":"write","tableName":"spares_used","tableRunId":78,"status":"end","inserted":1000,"updated":0,"skipped":0,"durationMs":40}
{"timestamp":"2026-06-08T14:21:09.739Z","runId":5,"level":"debug","phase":"write","tableName":"spares_used","tableRunId":78,"status":"start","batchSize":1000}
{"timestamp":"2026-06-08T14:21:09.789Z","runId":5,"level":"debug","phase":"write","tableName":"spares_used","tableRunId":78,"status":"end","inserted":1000,"updated":0,"skipped":0,"durationMs":50}
{"timestamp":"2026-06-08T14:21:10.432Z","runId":5,"level":"debug","phase":"write","tableName":"spares_used","tableRunId":78,"status":"start","batchSize":1000}
{"timestamp":"2026-06-08T14:21:10.472Z","runId":5,"level":"debug","phase":"write","tableName":"spares_used","tableRunId":78,"status":"end","inserted":1000,"updated":0,"skipped":0,"durationMs":40}
{"timestamp":"2026-06-08T14:21:11.324Z","runId":5,"level":"debug","phase":"write","tableName":"spares_used","tableRunId":78,"status":"start","batchSize":1000}
{"timestamp":"2026-06-08T14:21:11.356Z","runId":5,"level":"debug","phase":"write","tableName":"spares_used","tableRunId":78,"status":"end","inserted":1000,"updated":0,"skipped":0,"durationMs":32}
{"timestamp":"2026-06-08T14:21:12.200Z","runId":5,"level":"debug","phase":"write","tableName":"spares_used","tableRunId":78,"status":"start","batchSize":1000}
{"timestamp":"2026-06-08T14:21:12.228Z","runId":5,"level":"debug","phase":"write","tableName":"spares_used","tableRunId":78,"status":"end","inserted":1000,"updated":0,"skipped":0,"durationMs":28}
{"timestamp":"2026-06-08T14:21:13.081Z","runId":5,"level":"debug","phase":"write","tableName":"spares_used","tableRunId":78,"status":"start","batchSize":1000}
{"timestamp":"2026-06-08T14:21:13.112Z","runId":5,"level":"debug","phase":"write","tableName":"spares_used","tableRunId":78,"status":"end","inserted":1000,"updated":0,"skipped":0,"durationMs":31}
{"timestamp":"2026-06-08T14:21:13.966Z","runId":5,"level":"debug","phase":"write","tableName":"spares_used","tableRunId":78,"status":"start","batchSize":1000}
{"timestamp":"2026-06-08T14:21:14.016Z","runId":5,"level":"debug","phase":"write","tableName":"spares_used","tableRunId":78,"status":"end","inserted":1000,"updated":0,"skipped":0,"durationMs":50}
{"timestamp":"2026-06-08T14:21:14.875Z","runId":5,"level":"debug","phase":"write","tableName":"spares_used","tableRunId":78,"status":"start","batchSize":1000}
{"timestamp":"2026-06-08T14:21:14.909Z","runId":5,"level":"debug","phase":"write","tableName":"spares_used","tableRunId":78,"status":"end","inserted":1000,"updated":0,"skipped":0,"durationMs":34}
{"timestamp":"2026-06-08T14:21:15.770Z","runId":5,"level":"debug","phase":"write","tableName":"spares_used","tableRunId":78,"status":"start","batchSize":1000}
{"timestamp":"2026-06-08T14:21:15.806Z","runId":5,"level":"debug","phase":"write","tableName":"spares_used","tableRunId":78,"status":"end","inserted":1000,"updated":0,"skipped":0,"durationMs":36}
{"timestamp":"2026-06-08T14:21:16.671Z","runId":5,"level":"debug","phase":"write","tableName":"spares_used","tableRunId":78,"status":"start","batchSize":1000}
{"timestamp":"2026-06-08T14:21:16.702Z","runId":5,"level":"debug","phase":"write","tableName":"spares_used","tableRunId":78,"status":"end","inserted":1000,"updated":0,"skipped":0,"durationMs":31}
{"timestamp":"2026-06-08T14:21:17.559Z","runId":5,"level":"debug","phase":"write","tableName":"spares_used","tableRunId":78,"status":"start","batchSize":1000}
{"timestamp":"2026-06-08T14:21:17.591Z","runId":5,"level":"debug","phase":"write","tableName":"spares_used","tableRunId":78,"status":"end","inserted":1000,"updated":0,"skipped":0,"durationMs":32}
{"timestamp":"2026-06-08T14:21:18.459Z","runId":5,"level":"debug","phase":"write","tableName":"spares_used","tableRunId":78,"status":"start","batchSize":1000}
{"timestamp":"2026-06-08T14:21:18.516Z","runId":5,"level":"debug","phase":"write","tableName":"spares_used","tableRunId":78,"status":"end","inserted":1000,"updated":0,"skipped":0,"durationMs":57}
{"timestamp":"2026-06-08T14:21:19.375Z","runId":5,"level":"debug","phase":"write","tableName":"spares_used","tableRunId":78,"status":"start","batchSize":1000}
{"timestamp":"2026-06-08T14:21:19.407Z","runId":5,"level":"debug","phase":"write","tableName":"spares_used","tableRunId":78,"status":"end","inserted":1000,"updated":0,"skipped":0,"durationMs":32}
{"timestamp":"2026-06-08T14:21:20.290Z","runId":5,"level":"debug","phase":"write","tableName":"spares_used","tableRunId":78,"status":"start","batchSize":1000}
{"timestamp":"2026-06-08T14:21:20.323Z","runId":5,"level":"debug","phase":"write","tableName":"spares_used","tableRunId":78,"status":"end","inserted":1000,"updated":0,"skipped":0,"durationMs":33}
{"timestamp":"2026-06-08T14:21:21.192Z","runId":5,"level":"debug","phase":"write","tableName":"spares_used","tableRunId":78,"status":"start","batchSize":1000}
{"timestamp":"2026-06-08T14:21:21.227Z","runId":5,"level":"debug","phase":"write","tableName":"spares_used","tableRunId":78,"status":"end","inserted":1000,"updated":0,"skipped":0,"durationMs":35}
{"timestamp":"2026-06-08T14:21:22.090Z","runId":5,"level":"debug","phase":"write","tableName":"spares_used","tableRunId":78,"status":"start","batchSize":1000}
{"timestamp":"2026-06-08T14:21:22.148Z","runId":5,"level":"debug","phase":"write","tableName":"spares_used","tableRunId":78,"status":"end","inserted":1000,"updated":0,"skipped":0,"durationMs":58}
{"timestamp":"2026-06-08T14:21:22.608Z","runId":5,"level":"info","phase":"preflight","action":"firebird_config_check","host":"localhost","port":3050,"database":"C:\\Autoneer\\data\\AUTONEER.FDB","user":"SYSDBA","passwordSet":true,"passwordLength":9,"passwordSource":"state","useDefaultSysdbaMasterkey":true,"rawPasswordSet":true,"rawPasswordLength":9}
{"timestamp":"2026-06-08T14:21:22.681Z","runId":5,"level":"info","phase":"preflight","attempt":1,"status":"ok"}
{"timestamp":"2026-06-08T14:21:22.681Z","runId":5,"level":"debug","phase":"keepalive","status":"ok"}
{"timestamp":"2026-06-08T14:21:22.981Z","runId":5,"level":"debug","phase":"write","tableName":"spares_used","tableRunId":78,"status":"start","batchSize":1000}
{"timestamp":"2026-06-08T14:21:23.019Z","runId":5,"level":"debug","phase":"write","tableName":"spares_used","tableRunId":78,"status":"end","inserted":1000,"updated":0,"skipped":0,"durationMs":38}
{"timestamp":"2026-06-08T14:21:23.850Z","runId":5,"level":"debug","phase":"write","tableName":"spares_used","tableRunId":78,"status":"start","batchSize":1000}
{"timestamp":"2026-06-08T14:21:23.885Z","runId":5,"level":"debug","phase":"write","tableName":"spares_used","tableRunId":78,"status":"end","inserted":1000,"updated":0,"skipped":0,"durationMs":35}
{"timestamp":"2026-06-08T14:21:24.759Z","runId":5,"level":"debug","phase":"write","tableName":"spares_used","tableRunId":78,"status":"start","batchSize":1000}
{"timestamp":"2026-06-08T14:21:24.789Z","runId":5,"level":"debug","phase":"write","tableName":"spares_used","tableRunId":78,"status":"end","inserted":1000,"updated":0,"skipped":0,"durationMs":30}
{"timestamp":"2026-06-08T14:21:25.661Z","runId":5,"level":"debug","phase":"write","tableName":"spares_used","tableRunId":78,"status":"start","batchSize":1000}
{"timestamp":"2026-06-08T14:21:25.690Z","runId":5,"level":"debug","phase":"write","tableName":"spares_used","tableRunId":78,"status":"end","inserted":1000,"updated":0,"skipped":0,"durationMs":29}
{"timestamp":"2026-06-08T14:21:26.570Z","runId":5,"level":"debug","phase":"write","tableName":"spares_used","tableRunId":78,"status":"start","batchSize":1000}
{"timestamp":"2026-06-08T14:21:26.612Z","runId":5,"level":"debug","phase":"write","tableName":"spares_used","tableRunId":78,"status":"end","inserted":1000,"updated":0,"skipped":0,"durationMs":42}
{"timestamp":"2026-06-08T14:21:27.492Z","runId":5,"level":"debug","phase":"write","tableName":"spares_used","tableRunId":78,"status":"start","batchSize":1000}
{"timestamp":"2026-06-08T14:21:27.522Z","runId":5,"level":"debug","phase":"write","tableName":"spares_used","tableRunId":78,"status":"end","inserted":1000,"updated":0,"skipped":0,"durationMs":30}
{"timestamp":"2026-06-08T14:21:28.411Z","runId":5,"level":"debug","phase":"write","tableName":"spares_used","tableRunId":78,"status":"start","batchSize":968}
{"timestamp":"2026-06-08T14:21:28.440Z","runId":5,"level":"debug","phase":"write","tableName":"spares_used","tableRunId":78,"status":"end","inserted":968,"updated":0,"skipped":0,"durationMs":29}
{"timestamp":"2026-06-08T14:21:28.446Z","runId":5,"level":"info","phase":"post_validation","tableName":"spares_used","tableRunId":78,"status":"start"}
{"timestamp":"2026-06-08T14:21:28.692Z","runId":5,"level":"info","phase":"post_migration_validation","table":"spares_used","validation":"checksum","checksums":[{"column":"quantity","firebird_sum":174394.81,"mysql_sum":174390.81,"variance":"0.0023%"},{"column":"cost_price","firebird_sum":37531351.46,"mysql_sum":37531219.46,"variance":"0.0004%"},{"column":"sales_price","firebird_sum":58614515.17,"mysql_sum":58614323.77,"variance":"0.0003%"}],"status":"passed"}
{"timestamp":"2026-06-08T14:21:28.692Z","runId":5,"level":"info","phase":"post_migration_validation","table":"spares_used","status":"passed","readRows":102968,"inserted":102967,"updated":0,"skipped":1,"errors":0,"unaccounted":0}
{"timestamp":"2026-06-08T14:21:28.997Z","runId":5,"level":"info","phase":"post_validation","tableName":"spares_used","tableRunId":78,"validation":"price_check","firebird_nonzero":102782,"mysql_total":102967,"mysql_zero":154,"mysql_nonzero":102781}
{"timestamp":"2026-06-08T14:21:28.998Z","runId":5,"level":"info","phase":"post_validation","tableName":"spares_used","tableRunId":78,"status":"passed"}
{"timestamp":"2026-06-08T14:21:29.006Z","runId":5,"level":"info","phase":"table_finalize","tableName":"spares_used","tableRunId":78,"status":"success","inserted":102967,"updated":0,"skipped":1,"errors":0,"durationMs":85986}
{"timestamp":"2026-06-08T14:21:29.006Z","runId":5,"level":"debug","phase":"table_loop","action":"processing","tableName":"credit_notes","mappingTableKeys":["BANKS","CNOTE","STOCK","PRICING","ACCCLASS"]}
{"timestamp":"2026-06-08T14:21:29.006Z","runId":5,"level":"debug","phase":"table_loop","action":"mapping_resolved","tableName":"credit_notes","hasMappingEntry":true,"mappingTarget":"CREDIT_NOTES"}
{"timestamp":"2026-06-08T14:21:29.006Z","runId":5,"level":"debug","phase":"mapping_debug","tableName":"credit_notes","mappedSource":"CNOTE","firebirdTableCount":189,"sampleFirebirdTables":["ACCCLASS","ACCDEPARTMENT","ACCOUNTLINKS","ACCOUNTS","ACCOUNT_OPENING"]}
{"timestamp":"2026-06-08T14:21:29.823Z","runId":5,"level":"debug","phase":"clean_decision","tableName":"credit_notes","cleanBefore":true,"dryRun":false,"mode":"INSERT"}
{"timestamp":"2026-06-08T14:21:29.824Z","runId":5,"type":"table_cleaning_started","table":"credit_notes","tableRunId":79}
{"timestamp":"2026-06-08T14:21:29.824Z","runId":5,"level":"info","phase":"clean","tableName":"credit_notes","tableRunId":79,"status":"start"}
{"timestamp":"2026-06-08T14:21:29.824Z","runId":5,"level":"debug","phase":"clean","tableName":"credit_notes","tableRunId":79,"action":"fk_checks_disabled"}
{"timestamp":"2026-06-08T14:21:29.859Z","runId":5,"level":"info","phase":"clean","tableName":"credit_notes","tableRunId":79,"status":"success","method":"TRUNCATE","affectedRows":null,"postCount":0,"durationMs":35}
{"timestamp":"2026-06-08T14:21:29.864Z","runId":5,"type":"table_cleaned","table":"credit_notes","tableRunId":79,"method":"TRUNCATE","affectedRows":null,"postCount":0}
{"timestamp":"2026-06-08T14:21:29.865Z","runId":5,"level":"debug","phase":"clean","tableName":"credit_notes","tableRunId":79,"action":"fk_checks_restored"}
{"timestamp":"2026-06-08T14:21:29.865Z","runId":5,"level":"info","phase":"table_start","tableName":"credit_notes","tableRunId":79,"mode":"INSERT","keyStrategy":"preserve","dedupeKeys":[]}
{"timestamp":"2026-06-08T14:21:29.881Z","runId":5,"level":"info","phase":"fetch","tableName":"credit_notes","tableRunId":79,"sourceRows":2278,"dateFilter":null}
{"timestamp":"2026-06-08T14:21:29.908Z","runId":5,"level":"debug","phase":"write","tableName":"credit_notes","tableRunId":79,"status":"start","batchSize":1000}
{"timestamp":"2026-06-08T14:21:29.939Z","runId":5,"level":"debug","phase":"write","tableName":"credit_notes","tableRunId":79,"status":"end","inserted":1000,"updated":0,"skipped":0,"durationMs":31}
{"timestamp":"2026-06-08T14:21:29.980Z","runId":5,"level":"debug","phase":"write","tableName":"credit_notes","tableRunId":79,"status":"start","batchSize":1000}
{"timestamp":"2026-06-08T14:21:30.012Z","runId":5,"level":"debug","phase":"write","tableName":"credit_notes","tableRunId":79,"status":"end","inserted":1000,"updated":0,"skipped":0,"durationMs":32}
{"timestamp":"2026-06-08T14:21:30.032Z","runId":5,"level":"debug","phase":"write","tableName":"credit_notes","tableRunId":79,"status":"start","batchSize":278}
{"timestamp":"2026-06-08T14:21:30.041Z","runId":5,"level":"debug","phase":"write","tableName":"credit_notes","tableRunId":79,"status":"end","inserted":278,"updated":0,"skipped":0,"durationMs":9}
{"timestamp":"2026-06-08T14:21:30.051Z","runId":5,"level":"info","phase":"table_finalize","tableName":"credit_notes","tableRunId":79,"status":"success","inserted":2278,"updated":0,"skipped":0,"errors":0,"durationMs":181}
{"timestamp":"2026-06-08T14:21:30.051Z","runId":5,"level":"debug","phase":"table_loop","action":"processing","tableName":"invoice_items","mappingTableKeys":["BANKS","CNOTE","STOCK","PRICING","ACCCLASS"]}
{"timestamp":"2026-06-08T14:21:30.051Z","runId":5,"level":"debug","phase":"table_loop","action":"mapping_resolved","tableName":"invoice_items","hasMappingEntry":true,"mappingTarget":"INVOICE_ITEMS"}
{"timestamp":"2026-06-08T14:21:30.051Z","runId":5,"level":"debug","phase":"mapping_debug","tableName":"invoice_items","mappedSource":"INVTOTAL","firebirdTableCount":189,"sampleFirebirdTables":["ACCCLASS","ACCDEPARTMENT","ACCOUNTLINKS","ACCOUNTS","ACCOUNT_OPENING"]}
{"timestamp":"2026-06-08T14:21:30.139Z","runId":5,"level":"debug","phase":"clean_decision","tableName":"invoice_items","cleanBefore":true,"dryRun":false,"mode":"INSERT"}
{"timestamp":"2026-06-08T14:21:30.139Z","runId":5,"type":"table_cleaning_started","table":"invoice_items","tableRunId":80}
{"timestamp":"2026-06-08T14:21:30.139Z","runId":5,"level":"info","phase":"clean","tableName":"invoice_items","tableRunId":80,"status":"start"}
{"timestamp":"2026-06-08T14:21:30.139Z","runId":5,"level":"debug","phase":"clean","tableName":"invoice_items","tableRunId":80,"action":"fk_checks_disabled"}
{"timestamp":"2026-06-08T14:21:30.186Z","runId":5,"level":"info","phase":"clean","tableName":"invoice_items","tableRunId":80,"status":"success","method":"TRUNCATE","affectedRows":null,"postCount":0,"durationMs":47}
{"timestamp":"2026-06-08T14:21:30.192Z","runId":5,"type":"table_cleaned","table":"invoice_items","tableRunId":80,"method":"TRUNCATE","affectedRows":null,"postCount":0}
{"timestamp":"2026-06-08T14:21:30.193Z","runId":5,"level":"debug","phase":"clean","tableName":"invoice_items","tableRunId":80,"action":"fk_checks_restored"}
{"timestamp":"2026-06-08T14:21:30.193Z","runId":5,"level":"info","phase":"table_start","tableName":"invoice_items","tableRunId":80,"mode":"INSERT","keyStrategy":"preserve","dedupeKeys":[]}
{"timestamp":"2026-06-08T14:21:30.236Z","runId":5,"level":"info","phase":"fetch","tableName":"invoice_items","tableRunId":80,"sourceRows":56419,"dateFilter":null}
{"timestamp":"2026-06-08T14:21:30.545Z","runId":5,"level":"debug","phase":"write","tableName":"invoice_items","tableRunId":80,"status":"start","batchSize":1000}
{"timestamp":"2026-06-08T14:21:30.589Z","runId":5,"level":"debug","phase":"write","tableName":"invoice_items","tableRunId":80,"status":"end","inserted":999,"updated":0,"skipped":1,"durationMs":44}
{"timestamp":"2026-06-08T14:21:30.912Z","runId":5,"level":"debug","phase":"write","tableName":"invoice_items","tableRunId":80,"status":"start","batchSize":1000}
{"timestamp":"2026-06-08T14:21:30.970Z","runId":5,"level":"debug","phase":"write","tableName":"invoice_items","tableRunId":80,"status":"end","inserted":991,"updated":0,"skipped":9,"durationMs":58}
{"timestamp":"2026-06-08T14:21:31.285Z","runId":5,"level":"debug","phase":"write","tableName":"invoice_items","tableRunId":80,"status":"start","batchSize":1000}
{"timestamp":"2026-06-08T14:21:31.308Z","runId":5,"level":"debug","phase":"write","tableName":"invoice_items","tableRunId":80,"status":"end","inserted":981,"updated":0,"skipped":19,"durationMs":23}
{"timestamp":"2026-06-08T14:21:31.630Z","runId":5,"level":"debug","phase":"write","tableName":"invoice_items","tableRunId":80,"status":"start","batchSize":1000}
{"timestamp":"2026-06-08T14:21:31.654Z","runId":5,"level":"debug","phase":"write","tableName":"invoice_items","tableRunId":80,"status":"end","inserted":994,"updated":0,"skipped":6,"durationMs":24}
{"timestamp":"2026-06-08T14:21:31.993Z","runId":5,"level":"debug","phase":"write","tableName":"invoice_items","tableRunId":80,"status":"start","batchSize":1000}
{"timestamp":"2026-06-08T14:21:32.020Z","runId":5,"level":"debug","phase":"write","tableName":"invoice_items","tableRunId":80,"status":"end","inserted":988,"updated":0,"skipped":12,"durationMs":27}
{"timestamp":"2026-06-08T14:21:32.347Z","runId":5,"level":"debug","phase":"write","tableName":"invoice_items","tableRunId":80,"status":"start","batchSize":1000}
{"timestamp":"2026-06-08T14:21:32.375Z","runId":5,"level":"debug","phase":"write","tableName":"invoice_items","tableRunId":80,"status":"end","inserted":981,"updated":0,"skipped":19,"durationMs":28}
{"timestamp":"2026-06-08T14:21:32.712Z","runId":5,"level":"debug","phase":"write","tableName":"invoice_items","tableRunId":80,"status":"start","batchSize":1000}
{"timestamp":"2026-06-08T14:21:32.737Z","runId":5,"level":"debug","phase":"write","tableName":"invoice_items","tableRunId":80,"status":"end","inserted":984,"updated":0,"skipped":16,"durationMs":25}
{"timestamp":"2026-06-08T14:21:33.082Z","runId":5,"level":"debug","phase":"write","tableName":"invoice_items","tableRunId":80,"status":"start","batchSize":1000}
{"timestamp":"2026-06-08T14:21:33.119Z","runId":5,"level":"debug","phase":"write","tableName":"invoice_items","tableRunId":80,"status":"end","inserted":989,"updated":0,"skipped":11,"durationMs":36}
{"timestamp":"2026-06-08T14:21:33.447Z","runId":5,"level":"debug","phase":"write","tableName":"invoice_items","tableRunId":80,"status":"start","batchSize":1000}
{"timestamp":"2026-06-08T14:21:33.473Z","runId":5,"level":"debug","phase":"write","tableName":"invoice_items","tableRunId":80,"status":"end","inserted":983,"updated":0,"skipped":17,"durationMs":26}
{"timestamp":"2026-06-08T14:21:33.826Z","runId":5,"level":"debug","phase":"write","tableName":"invoice_items","tableRunId":80,"status":"start","batchSize":1000}
{"timestamp":"2026-06-08T14:21:33.849Z","runId":5,"level":"debug","phase":"write","tableName":"invoice_items","tableRunId":80,"status":"end","inserted":454,"updated":0,"skipped":546,"durationMs":23}
{"timestamp":"2026-06-08T14:21:34.184Z","runId":5,"level":"debug","phase":"write","tableName":"invoice_items","tableRunId":80,"status":"start","batchSize":1000}
{"timestamp":"2026-06-08T14:21:34.204Z","runId":5,"level":"debug","phase":"write","tableName":"invoice_items","tableRunId":80,"status":"end","inserted":84,"updated":0,"skipped":916,"durationMs":20}
{"timestamp":"2026-06-08T14:21:34.540Z","runId":5,"level":"debug","phase":"write","tableName":"invoice_items","tableRunId":80,"status":"start","batchSize":1000}
{"timestamp":"2026-06-08T14:21:34.559Z","runId":5,"level":"debug","phase":"write","tableName":"invoice_items","tableRunId":80,"status":"end","inserted":83,"updated":0,"skipped":917,"durationMs":19}
{"timestamp":"2026-06-08T14:21:34.898Z","runId":5,"level":"debug","phase":"write","tableName":"invoice_items","tableRunId":80,"status":"start","batchSize":1000}
{"timestamp":"2026-06-08T14:21:34.919Z","runId":5,"level":"debug","phase":"write","tableName":"invoice_items","tableRunId":80,"status":"end","inserted":111,"updated":0,"skipped":889,"durationMs":21}
{"timestamp":"2026-06-08T14:21:35.271Z","runId":5,"level":"debug","phase":"write","tableName":"invoice_items","tableRunId":80,"status":"start","batchSize":1000}
{"timestamp":"2026-06-08T14:21:35.298Z","runId":5,"level":"debug","phase":"write","tableName":"invoice_items","tableRunId":80,"status":"end","inserted":993,"updated":0,"skipped":7,"durationMs":27}
{"timestamp":"2026-06-08T14:21:35.649Z","runId":5,"level":"debug","phase":"write","tableName":"invoice_items","tableRunId":80,"status":"start","batchSize":1000}
{"timestamp":"2026-06-08T14:21:35.678Z","runId":5,"level":"debug","phase":"write","tableName":"invoice_items","tableRunId":80,"status":"end","inserted":989,"updated":0,"skipped":11,"durationMs":29}
{"timestamp":"2026-06-08T14:21:36.042Z","runId":5,"level":"debug","phase":"write","tableName":"invoice_items","tableRunId":80,"status":"start","batchSize":1000}
{"timestamp":"2026-06-08T14:21:36.067Z","runId":5,"level":"debug","phase":"write","tableName":"invoice_items","tableRunId":80,"status":"end","inserted":997,"updated":0,"skipped":3,"durationMs":25}
{"timestamp":"2026-06-08T14:21:36.420Z","runId":5,"level":"debug","phase":"write","tableName":"invoice_items","tableRunId":80,"status":"start","batchSize":1000}
{"timestamp":"2026-06-08T14:21:36.459Z","runId":5,"level":"debug","phase":"write","tableName":"invoice_items","tableRunId":80,"status":"end","inserted":993,"updated":0,"skipped":7,"durationMs":40}
{"timestamp":"2026-06-08T14:21:36.809Z","runId":5,"level":"debug","phase":"write","tableName":"invoice_items","tableRunId":80,"status":"start","batchSize":1000}
{"timestamp":"2026-06-08T14:21:36.836Z","runId":5,"level":"debug","phase":"write","tableName":"invoice_items","tableRunId":80,"status":"end","inserted":994,"updated":0,"skipped":6,"durationMs":27}
{"timestamp":"2026-06-08T14:21:37.202Z","runId":5,"level":"debug","phase":"write","tableName":"invoice_items","tableRunId":80,"status":"start","batchSize":1000}
{"timestamp":"2026-06-08T14:21:37.241Z","runId":5,"level":"debug","phase":"write","tableName":"invoice_items","tableRunId":80,"status":"end","inserted":499,"updated":0,"skipped":501,"durationMs":39}
{"timestamp":"2026-06-08T14:21:37.594Z","runId":5,"level":"debug","phase":"write","tableName":"invoice_items","tableRunId":80,"status":"start","batchSize":1000}
{"timestamp":"2026-06-08T14:21:37.616Z","runId":5,"level":"debug","phase":"write","tableName":"invoice_items","tableRunId":80,"status":"end","inserted":72,"updated":0,"skipped":928,"durationMs":22}
{"timestamp":"2026-06-08T14:21:37.976Z","runId":5,"level":"debug","phase":"write","tableName":"invoice_items","tableRunId":80,"status":"start","batchSize":1000}
{"timestamp":"2026-06-08T14:21:37.997Z","runId":5,"level":"debug","phase":"write","tableName":"invoice_items","tableRunId":80,"status":"end","inserted":77,"updated":0,"skipped":923,"durationMs":21}
{"timestamp":"2026-06-08T14:21:38.340Z","runId":5,"level":"debug","phase":"write","tableName":"invoice_items","tableRunId":80,"status":"start","batchSize":1000}
{"timestamp":"2026-06-08T14:21:38.360Z","runId":5,"level":"debug","phase":"write","tableName":"invoice_items","tableRunId":80,"status":"end","inserted":83,"updated":0,"skipped":917,"durationMs":20}
{"timestamp":"2026-06-08T14:21:38.719Z","runId":5,"level":"debug","phase":"write","tableName":"invoice_items","tableRunId":80,"status":"start","batchSize":1000}
{"timestamp":"2026-06-08T14:21:38.738Z","runId":5,"level":"debug","phase":"write","tableName":"invoice_items","tableRunId":80,"status":"end","inserted":55,"updated":0,"skipped":945,"durationMs":19}
{"timestamp":"2026-06-08T14:21:39.094Z","runId":5,"level":"debug","phase":"write","tableName":"invoice_items","tableRunId":80,"status":"start","batchSize":1000}
{"timestamp":"2026-06-08T14:21:39.114Z","runId":5,"level":"debug","phase":"write","tableName":"invoice_items","tableRunId":80,"status":"end","inserted":49,"updated":0,"skipped":951,"durationMs":20}
{"timestamp":"2026-06-08T14:21:39.475Z","runId":5,"level":"debug","phase":"write","tableName":"invoice_items","tableRunId":80,"status":"start","batchSize":1000}
{"timestamp":"2026-06-08T14:21:39.498Z","runId":5,"level":"debug","phase":"write","tableName":"invoice_items","tableRunId":80,"status":"end","inserted":77,"updated":0,"skipped":923,"durationMs":23}
{"timestamp":"2026-06-08T14:21:39.868Z","runId":5,"level":"debug","phase":"write","tableName":"invoice_items","tableRunId":80,"status":"start","batchSize":1000}
{"timestamp":"2026-06-08T14:21:39.886Z","runId":5,"level":"debug","phase":"write","tableName":"invoice_items","tableRunId":80,"status":"end","inserted":90,"updated":0,"skipped":910,"durationMs":18}
{"timestamp":"2026-06-08T14:21:40.262Z","runId":5,"level":"debug","phase":"write","tableName":"invoice_items","tableRunId":80,"status":"start","batchSize":1000}
{"timestamp":"2026-06-08T14:21:40.281Z","runId":5,"level":"debug","phase":"write","tableName":"invoice_items","tableRunId":80,"status":"end","inserted":74,"updated":0,"skipped":926,"durationMs":19}
{"timestamp":"2026-06-08T14:21:40.656Z","runId":5,"level":"debug","phase":"write","tableName":"invoice_items","tableRunId":80,"status":"start","batchSize":1000}
{"timestamp":"2026-06-08T14:21:40.677Z","runId":5,"level":"debug","phase":"write","tableName":"invoice_items","tableRunId":80,"status":"end","inserted":434,"updated":0,"skipped":566,"durationMs":21}
{"timestamp":"2026-06-08T14:21:41.046Z","runId":5,"level":"debug","phase":"write","tableName":"invoice_items","tableRunId":80,"status":"start","batchSize":1000}
{"timestamp":"2026-06-08T14:21:41.071Z","runId":5,"level":"debug","phase":"write","tableName":"invoice_items","tableRunId":80,"status":"end","inserted":1000,"updated":0,"skipped":0,"durationMs":25}
{"timestamp":"2026-06-08T14:21:41.438Z","runId":5,"level":"debug","phase":"write","tableName":"invoice_items","tableRunId":80,"status":"start","batchSize":1000}
{"timestamp":"2026-06-08T14:21:41.467Z","runId":5,"level":"debug","phase":"write","tableName":"invoice_items","tableRunId":80,"status":"end","inserted":1000,"updated":0,"skipped":0,"durationMs":29}
{"timestamp":"2026-06-08T14:21:41.844Z","runId":5,"level":"debug","phase":"write","tableName":"invoice_items","tableRunId":80,"status":"start","batchSize":1000}
{"timestamp":"2026-06-08T14:21:41.887Z","runId":5,"level":"debug","phase":"write","tableName":"invoice_items","tableRunId":80,"status":"end","inserted":1000,"updated":0,"skipped":0,"durationMs":43}
{"timestamp":"2026-06-08T14:21:42.256Z","runId":5,"level":"debug","phase":"write","tableName":"invoice_items","tableRunId":80,"status":"start","batchSize":1000}
{"timestamp":"2026-06-08T14:21:42.281Z","runId":5,"level":"debug","phase":"write","tableName":"invoice_items","tableRunId":80,"status":"end","inserted":998,"updated":0,"skipped":2,"durationMs":25}
{"timestamp":"2026-06-08T14:21:42.610Z","runId":5,"level":"info","phase":"preflight","action":"firebird_config_check","host":"localhost","port":3050,"database":"C:\\Autoneer\\data\\AUTONEER.FDB","user":"SYSDBA","passwordSet":true,"passwordLength":9,"passwordSource":"state","useDefaultSysdbaMasterkey":true,"rawPasswordSet":true,"rawPasswordLength":9}
{"timestamp":"2026-06-08T14:21:42.642Z","runId":5,"level":"debug","phase":"write","tableName":"invoice_items","tableRunId":80,"status":"start","batchSize":1000}
{"timestamp":"2026-06-08T14:21:42.650Z","runId":5,"level":"info","phase":"preflight","attempt":1,"status":"ok"}
{"timestamp":"2026-06-08T14:21:42.650Z","runId":5,"level":"debug","phase":"keepalive","status":"ok"}
{"timestamp":"2026-06-08T14:21:42.671Z","runId":5,"level":"debug","phase":"write","tableName":"invoice_items","tableRunId":80,"status":"end","inserted":998,"updated":0,"skipped":2,"durationMs":29}
{"timestamp":"2026-06-08T14:21:43.037Z","runId":5,"level":"debug","phase":"write","tableName":"invoice_items","tableRunId":80,"status":"start","batchSize":1000}
{"timestamp":"2026-06-08T14:21:43.060Z","runId":5,"level":"debug","phase":"write","tableName":"invoice_items","tableRunId":80,"status":"end","inserted":771,"updated":0,"skipped":229,"durationMs":23}
{"timestamp":"2026-06-08T14:21:43.447Z","runId":5,"level":"debug","phase":"write","tableName":"invoice_items","tableRunId":80,"status":"start","batchSize":1000}
{"timestamp":"2026-06-08T14:21:43.471Z","runId":5,"level":"debug","phase":"write","tableName":"invoice_items","tableRunId":80,"status":"end","inserted":521,"updated":0,"skipped":479,"durationMs":24}
{"timestamp":"2026-06-08T14:21:43.836Z","runId":5,"level":"debug","phase":"write","tableName":"invoice_items","tableRunId":80,"status":"start","batchSize":1000}
{"timestamp":"2026-06-08T14:21:43.859Z","runId":5,"level":"debug","phase":"write","tableName":"invoice_items","tableRunId":80,"status":"end","inserted":225,"updated":0,"skipped":775,"durationMs":23}
{"timestamp":"2026-06-08T14:21:44.239Z","runId":5,"level":"debug","phase":"write","tableName":"invoice_items","tableRunId":80,"status":"start","batchSize":1000}
{"timestamp":"2026-06-08T14:21:44.262Z","runId":5,"level":"debug","phase":"write","tableName":"invoice_items","tableRunId":80,"status":"end","inserted":320,"updated":0,"skipped":680,"durationMs":23}
{"timestamp":"2026-06-08T14:21:44.649Z","runId":5,"level":"debug","phase":"write","tableName":"invoice_items","tableRunId":80,"status":"start","batchSize":1000}
{"timestamp":"2026-06-08T14:21:44.678Z","runId":5,"level":"debug","phase":"write","tableName":"invoice_items","tableRunId":80,"status":"end","inserted":960,"updated":0,"skipped":40,"durationMs":29}
{"timestamp":"2026-06-08T14:21:45.062Z","runId":5,"level":"debug","phase":"write","tableName":"invoice_items","tableRunId":80,"status":"start","batchSize":1000}
{"timestamp":"2026-06-08T14:21:45.110Z","runId":5,"level":"debug","phase":"write","tableName":"invoice_items","tableRunId":80,"status":"end","inserted":987,"updated":0,"skipped":13,"durationMs":48}
{"timestamp":"2026-06-08T14:21:45.510Z","runId":5,"level":"debug","phase":"write","tableName":"invoice_items","tableRunId":80,"status":"start","batchSize":1000}
{"timestamp":"2026-06-08T14:21:45.537Z","runId":5,"level":"debug","phase":"write","tableName":"invoice_items","tableRunId":80,"status":"end","inserted":980,"updated":0,"skipped":20,"durationMs":27}
{"timestamp":"2026-06-08T14:21:45.932Z","runId":5,"level":"debug","phase":"write","tableName":"invoice_items","tableRunId":80,"status":"start","batchSize":1000}
{"timestamp":"2026-06-08T14:21:45.960Z","runId":5,"level":"debug","phase":"write","tableName":"invoice_items","tableRunId":80,"status":"end","inserted":976,"updated":0,"skipped":24,"durationMs":28}
{"timestamp":"2026-06-08T14:21:46.344Z","runId":5,"level":"debug","phase":"write","tableName":"invoice_items","tableRunId":80,"status":"start","batchSize":1000}
{"timestamp":"2026-06-08T14:21:46.371Z","runId":5,"level":"debug","phase":"write","tableName":"invoice_items","tableRunId":80,"status":"end","inserted":952,"updated":0,"skipped":48,"durationMs":27}
{"timestamp":"2026-06-08T14:21:46.766Z","runId":5,"level":"debug","phase":"write","tableName":"invoice_items","tableRunId":80,"status":"start","batchSize":1000}
{"timestamp":"2026-06-08T14:21:46.795Z","runId":5,"level":"debug","phase":"write","tableName":"invoice_items","tableRunId":80,"status":"end","inserted":955,"updated":0,"skipped":45,"durationMs":29}
{"timestamp":"2026-06-08T14:21:47.179Z","runId":5,"level":"debug","phase":"write","tableName":"invoice_items","tableRunId":80,"status":"start","batchSize":1000}
{"timestamp":"2026-06-08T14:21:47.204Z","runId":5,"level":"debug","phase":"write","tableName":"invoice_items","tableRunId":80,"status":"end","inserted":951,"updated":0,"skipped":49,"durationMs":25}
{"timestamp":"2026-06-08T14:21:47.605Z","runId":5,"level":"debug","phase":"write","tableName":"invoice_items","tableRunId":80,"status":"start","batchSize":1000}
{"timestamp":"2026-06-08T14:21:47.663Z","runId":5,"level":"debug","phase":"write","tableName":"invoice_items","tableRunId":80,"status":"end","inserted":952,"updated":0,"skipped":48,"durationMs":58}
{"timestamp":"2026-06-08T14:21:48.062Z","runId":5,"level":"debug","phase":"write","tableName":"invoice_items","tableRunId":80,"status":"start","batchSize":1000}
{"timestamp":"2026-06-08T14:21:48.086Z","runId":5,"level":"debug","phase":"write","tableName":"invoice_items","tableRunId":80,"status":"end","inserted":930,"updated":0,"skipped":70,"durationMs":24}
{"timestamp":"2026-06-08T14:21:48.476Z","runId":5,"level":"debug","phase":"write","tableName":"invoice_items","tableRunId":80,"status":"start","batchSize":1000}
{"timestamp":"2026-06-08T14:21:48.508Z","runId":5,"level":"debug","phase":"write","tableName":"invoice_items","tableRunId":80,"status":"end","inserted":1000,"updated":0,"skipped":0,"durationMs":32}
{"timestamp":"2026-06-08T14:21:48.903Z","runId":5,"level":"debug","phase":"write","tableName":"invoice_items","tableRunId":80,"status":"start","batchSize":1000}
{"timestamp":"2026-06-08T14:21:48.934Z","runId":5,"level":"debug","phase":"write","tableName":"invoice_items","tableRunId":80,"status":"end","inserted":954,"updated":0,"skipped":46,"durationMs":31}
{"timestamp":"2026-06-08T14:21:49.322Z","runId":5,"level":"debug","phase":"write","tableName":"invoice_items","tableRunId":80,"status":"start","batchSize":1000}
{"timestamp":"2026-06-08T14:21:49.350Z","runId":5,"level":"debug","phase":"write","tableName":"invoice_items","tableRunId":80,"status":"end","inserted":974,"updated":0,"skipped":26,"durationMs":28}
{"timestamp":"2026-06-08T14:21:49.758Z","runId":5,"level":"debug","phase":"write","tableName":"invoice_items","tableRunId":80,"status":"start","batchSize":1000}
{"timestamp":"2026-06-08T14:21:49.784Z","runId":5,"level":"debug","phase":"write","tableName":"invoice_items","tableRunId":80,"status":"end","inserted":947,"updated":0,"skipped":53,"durationMs":26}
{"timestamp":"2026-06-08T14:21:50.191Z","runId":5,"level":"debug","phase":"write","tableName":"invoice_items","tableRunId":80,"status":"start","batchSize":1000}
{"timestamp":"2026-06-08T14:21:50.231Z","runId":5,"level":"debug","phase":"write","tableName":"invoice_items","tableRunId":80,"status":"end","inserted":938,"updated":0,"skipped":62,"durationMs":40}
{"timestamp":"2026-06-08T14:21:50.632Z","runId":5,"level":"debug","phase":"write","tableName":"invoice_items","tableRunId":80,"status":"start","batchSize":1000}
{"timestamp":"2026-06-08T14:21:50.660Z","runId":5,"level":"debug","phase":"write","tableName":"invoice_items","tableRunId":80,"status":"end","inserted":920,"updated":0,"skipped":80,"durationMs":28}
{"timestamp":"2026-06-08T14:21:51.053Z","runId":5,"level":"debug","phase":"write","tableName":"invoice_items","tableRunId":80,"status":"start","batchSize":1000}
{"timestamp":"2026-06-08T14:21:51.079Z","runId":5,"level":"debug","phase":"write","tableName":"invoice_items","tableRunId":80,"status":"end","inserted":946,"updated":0,"skipped":54,"durationMs":26}
{"timestamp":"2026-06-08T14:21:51.479Z","runId":5,"level":"debug","phase":"write","tableName":"invoice_items","tableRunId":80,"status":"start","batchSize":1000}
{"timestamp":"2026-06-08T14:21:51.506Z","runId":5,"level":"debug","phase":"write","tableName":"invoice_items","tableRunId":80,"status":"end","inserted":949,"updated":0,"skipped":51,"durationMs":27}
{"timestamp":"2026-06-08T14:21:51.916Z","runId":5,"level":"debug","phase":"write","tableName":"invoice_items","tableRunId":80,"status":"start","batchSize":1000}
{"timestamp":"2026-06-08T14:21:51.942Z","runId":5,"level":"debug","phase":"write","tableName":"invoice_items","tableRunId":80,"status":"end","inserted":1000,"updated":0,"skipped":0,"durationMs":26}
{"timestamp":"2026-06-08T14:21:52.347Z","runId":5,"level":"debug","phase":"write","tableName":"invoice_items","tableRunId":80,"status":"start","batchSize":1000}
{"timestamp":"2026-06-08T14:21:52.375Z","runId":5,"level":"debug","phase":"write","tableName":"invoice_items","tableRunId":80,"status":"end","inserted":973,"updated":0,"skipped":27,"durationMs":28}
{"timestamp":"2026-06-08T14:21:52.781Z","runId":5,"level":"debug","phase":"write","tableName":"invoice_items","tableRunId":80,"status":"start","batchSize":419}
{"timestamp":"2026-06-08T14:21:52.798Z","runId":5,"level":"debug","phase":"write","tableName":"invoice_items","tableRunId":80,"status":"end","inserted":358,"updated":0,"skipped":61,"durationMs":17}
{"timestamp":"2026-06-08T14:21:52.811Z","runId":5,"level":"info","phase":"table_finalize","tableName":"invoice_items","tableRunId":80,"status":"success","inserted":41533,"updated":0,"skipped":14886,"errors":0,"durationMs":22612}
{"timestamp":"2026-06-08T14:21:52.811Z","runId":5,"level":"debug","phase":"table_loop","action":"processing","tableName":"acc_department","mappingTableKeys":["BANKS","CNOTE","STOCK","PRICING","ACCCLASS"]}
{"timestamp":"2026-06-08T14:21:52.811Z","runId":5,"level":"debug","phase":"table_loop","action":"mapping_resolved","tableName":"acc_department","hasMappingEntry":true,"mappingTarget":"ACC_DEPARTMENT"}
{"timestamp":"2026-06-08T14:21:52.811Z","runId":5,"level":"debug","phase":"mapping_debug","tableName":"acc_department","mappedSource":"ACCDEPARTMENT","firebirdTableCount":189,"sampleFirebirdTables":["ACCCLASS","ACCDEPARTMENT","ACCOUNTLINKS","ACCOUNTS","ACCOUNT_OPENING"]}
{"timestamp":"2026-06-08T14:21:52.917Z","runId":5,"level":"debug","phase":"clean_decision","tableName":"acc_department","cleanBefore":true,"dryRun":false,"mode":"INSERT"}
{"timestamp":"2026-06-08T14:21:52.917Z","runId":5,"type":"table_cleaning_started","table":"acc_department","tableRunId":81}
{"timestamp":"2026-06-08T14:21:52.917Z","runId":5,"level":"info","phase":"clean","tableName":"acc_department","tableRunId":81,"status":"start"}
{"timestamp":"2026-06-08T14:21:52.918Z","runId":5,"level":"debug","phase":"clean","tableName":"acc_department","tableRunId":81,"action":"fk_checks_disabled"}
{"timestamp":"2026-06-08T14:21:52.947Z","runId":5,"level":"info","phase":"clean","tableName":"acc_department","tableRunId":81,"status":"success","method":"TRUNCATE","affectedRows":null,"postCount":0,"durationMs":30}
{"timestamp":"2026-06-08T14:21:52.953Z","runId":5,"type":"table_cleaned","table":"acc_department","tableRunId":81,"method":"TRUNCATE","affectedRows":null,"postCount":0}
{"timestamp":"2026-06-08T14:21:52.953Z","runId":5,"level":"debug","phase":"clean","tableName":"acc_department","tableRunId":81,"action":"fk_checks_restored"}
{"timestamp":"2026-06-08T14:21:52.953Z","runId":5,"level":"info","phase":"table_start","tableName":"acc_department","tableRunId":81,"mode":"INSERT","keyStrategy":"preserve","dedupeKeys":[]}
{"timestamp":"2026-06-08T14:21:52.968Z","runId":5,"level":"info","phase":"fetch","tableName":"acc_department","tableRunId":81,"sourceRows":16,"dateFilter":null}
{"timestamp":"2026-06-08T14:21:52.972Z","runId":5,"level":"debug","phase":"write","tableName":"acc_department","tableRunId":81,"status":"start","batchSize":16}
{"timestamp":"2026-06-08T14:21:52.977Z","runId":5,"level":"debug","phase":"write","tableName":"acc_department","tableRunId":81,"status":"end","inserted":16,"updated":0,"skipped":0,"durationMs":5}
{"timestamp":"2026-06-08T14:21:52.989Z","runId":5,"level":"info","phase":"table_finalize","tableName":"acc_department","tableRunId":81,"status":"success","inserted":16,"updated":0,"skipped":0,"errors":0,"durationMs":30}
{"timestamp":"2026-06-08T14:21:52.990Z","runId":5,"level":"debug","phase":"table_loop","action":"processing","tableName":"labour_pricing","mappingTableKeys":["BANKS","CNOTE","STOCK","PRICING","ACCCLASS"]}
{"timestamp":"2026-06-08T14:21:52.990Z","runId":5,"level":"debug","phase":"table_loop","action":"mapping_resolved","tableName":"labour_pricing","hasMappingEntry":true,"mappingTarget":"LABOUR_PRICING"}
{"timestamp":"2026-06-08T14:21:52.990Z","runId":5,"level":"debug","phase":"mapping_debug","tableName":"labour_pricing","mappedSource":"PRICING","firebirdTableCount":189,"sampleFirebirdTables":["ACCCLASS","ACCDEPARTMENT","ACCOUNTLINKS","ACCOUNTS","ACCOUNT_OPENING"]}
{"timestamp":"2026-06-08T14:21:53.088Z","runId":5,"level":"debug","phase":"clean_decision","tableName":"labour_pricing","cleanBefore":true,"dryRun":false,"mode":"INSERT"}
{"timestamp":"2026-06-08T14:21:53.088Z","runId":5,"type":"table_cleaning_started","table":"labour_pricing","tableRunId":82}
{"timestamp":"2026-06-08T14:21:53.088Z","runId":5,"level":"info","phase":"clean","tableName":"labour_pricing","tableRunId":82,"status":"start"}
{"timestamp":"2026-06-08T14:21:53.089Z","runId":5,"level":"debug","phase":"clean","tableName":"labour_pricing","tableRunId":82,"action":"fk_checks_disabled"}
{"timestamp":"2026-06-08T14:21:53.131Z","runId":5,"level":"info","phase":"clean","tableName":"labour_pricing","tableRunId":82,"status":"success","method":"TRUNCATE","affectedRows":null,"postCount":0,"durationMs":43}
{"timestamp":"2026-06-08T14:21:53.137Z","runId":5,"type":"table_cleaned","table":"labour_pricing","tableRunId":82,"method":"TRUNCATE","affectedRows":null,"postCount":0}
{"timestamp":"2026-06-08T14:21:53.137Z","runId":5,"level":"debug","phase":"clean","tableName":"labour_pricing","tableRunId":82,"action":"fk_checks_restored"}
{"timestamp":"2026-06-08T14:21:53.137Z","runId":5,"level":"info","phase":"table_start","tableName":"labour_pricing","tableRunId":82,"mode":"INSERT","keyStrategy":"preserve","dedupeKeys":[]}
{"timestamp":"2026-06-08T14:21:53.154Z","runId":5,"level":"info","phase":"fetch","tableName":"labour_pricing","tableRunId":82,"sourceRows":6052,"dateFilter":null}
{"timestamp":"2026-06-08T14:21:53.179Z","runId":5,"level":"debug","phase":"write","tableName":"labour_pricing","tableRunId":82,"status":"start","batchSize":1000}
{"timestamp":"2026-06-08T14:21:53.221Z","runId":5,"level":"debug","phase":"write","tableName":"labour_pricing","tableRunId":82,"status":"end","inserted":1000,"updated":0,"skipped":0,"durationMs":42}
{"timestamp":"2026-06-08T14:21:53.286Z","runId":5,"level":"debug","phase":"write","tableName":"labour_pricing","tableRunId":82,"status":"start","batchSize":1000}
{"timestamp":"2026-06-08T14:21:53.311Z","runId":5,"level":"debug","phase":"write","tableName":"labour_pricing","tableRunId":82,"status":"end","inserted":1000,"updated":0,"skipped":0,"durationMs":25}
{"timestamp":"2026-06-08T14:21:53.341Z","runId":5,"level":"debug","phase":"write","tableName":"labour_pricing","tableRunId":82,"status":"start","batchSize":1000}
{"timestamp":"2026-06-08T14:21:53.362Z","runId":5,"level":"debug","phase":"write","tableName":"labour_pricing","tableRunId":82,"status":"end","inserted":1000,"updated":0,"skipped":0,"durationMs":21}
{"timestamp":"2026-06-08T14:21:53.398Z","runId":5,"level":"debug","phase":"write","tableName":"labour_pricing","tableRunId":82,"status":"start","batchSize":1000}
{"timestamp":"2026-06-08T14:21:53.426Z","runId":5,"level":"debug","phase":"write","tableName":"labour_pricing","tableRunId":82,"status":"end","inserted":1000,"updated":0,"skipped":0,"durationMs":28}
{"timestamp":"2026-06-08T14:21:53.462Z","runId":5,"level":"debug","phase":"write","tableName":"labour_pricing","tableRunId":82,"status":"start","batchSize":1000}
{"timestamp":"2026-06-08T14:21:53.485Z","runId":5,"level":"debug","phase":"write","tableName":"labour_pricing","tableRunId":82,"status":"end","inserted":1000,"updated":0,"skipped":0,"durationMs":23}
{"timestamp":"2026-06-08T14:21:53.519Z","runId":5,"level":"debug","phase":"write","tableName":"labour_pricing","tableRunId":82,"status":"start","batchSize":1000}
{"timestamp":"2026-06-08T14:21:53.534Z","runId":5,"level":"debug","phase":"write","tableName":"labour_pricing","tableRunId":82,"status":"end","inserted":1000,"updated":0,"skipped":0,"durationMs":15}
{"timestamp":"2026-06-08T14:21:53.559Z","runId":5,"level":"debug","phase":"write","tableName":"labour_pricing","tableRunId":82,"status":"start","batchSize":52}
{"timestamp":"2026-06-08T14:21:53.564Z","runId":5,"level":"debug","phase":"write","tableName":"labour_pricing","tableRunId":82,"status":"end","inserted":52,"updated":0,"skipped":0,"durationMs":5}
{"timestamp":"2026-06-08T14:21:53.576Z","runId":5,"level":"info","phase":"table_finalize","tableName":"labour_pricing","tableRunId":82,"status":"success","inserted":6052,"updated":0,"skipped":0,"errors":0,"durationMs":433}
{"timestamp":"2026-06-08T14:21:53.576Z","runId":5,"level":"debug","phase":"table_loop","action":"processing","tableName":"invoice_general","mappingTableKeys":["BANKS","CNOTE","STOCK","PRICING","ACCCLASS"]}
{"timestamp":"2026-06-08T14:21:53.576Z","runId":5,"level":"debug","phase":"table_loop","action":"mapping_resolved","tableName":"invoice_general","hasMappingEntry":true,"mappingTarget":"INVOICE_GENERAL"}
{"timestamp":"2026-06-08T14:21:53.576Z","runId":5,"level":"debug","phase":"mapping_debug","tableName":"invoice_general","mappedSource":"INVOICEGENERAL","firebirdTableCount":189,"sampleFirebirdTables":["ACCCLASS","ACCDEPARTMENT","ACCOUNTLINKS","ACCOUNTS","ACCOUNT_OPENING"]}
{"timestamp":"2026-06-08T14:21:53.673Z","runId":5,"level":"debug","phase":"clean_decision","tableName":"invoice_general","cleanBefore":true,"dryRun":false,"mode":"INSERT"}
{"timestamp":"2026-06-08T14:21:53.673Z","runId":5,"type":"table_cleaning_started","table":"invoice_general","tableRunId":83}
{"timestamp":"2026-06-08T14:21:53.674Z","runId":5,"level":"info","phase":"clean","tableName":"invoice_general","tableRunId":83,"status":"start"}
{"timestamp":"2026-06-08T14:21:53.674Z","runId":5,"level":"debug","phase":"clean","tableName":"invoice_general","tableRunId":83,"action":"fk_checks_disabled"}
{"timestamp":"2026-06-08T14:21:53.705Z","runId":5,"level":"info","phase":"clean","tableName":"invoice_general","tableRunId":83,"status":"success","method":"TRUNCATE","affectedRows":null,"postCount":0,"durationMs":31}
{"timestamp":"2026-06-08T14:21:53.712Z","runId":5,"type":"table_cleaned","table":"invoice_general","tableRunId":83,"method":"TRUNCATE","affectedRows":null,"postCount":0}
{"timestamp":"2026-06-08T14:21:53.712Z","runId":5,"level":"debug","phase":"clean","tableName":"invoice_general","tableRunId":83,"action":"fk_checks_restored"}
{"timestamp":"2026-06-08T14:21:53.712Z","runId":5,"level":"info","phase":"table_start","tableName":"invoice_general","tableRunId":83,"mode":"INSERT","keyStrategy":"preserve","dedupeKeys":[]}
{"timestamp":"2026-06-08T14:21:53.727Z","runId":5,"level":"info","phase":"fetch","tableName":"invoice_general","tableRunId":83,"sourceRows":7478,"dateFilter":null}
{"timestamp":"2026-06-08T14:21:53.769Z","runId":5,"level":"debug","phase":"write","tableName":"invoice_general","tableRunId":83,"status":"start","batchSize":1000}
{"timestamp":"2026-06-08T14:21:53.800Z","runId":5,"level":"debug","phase":"write","tableName":"invoice_general","tableRunId":83,"status":"end","inserted":1000,"updated":0,"skipped":0,"durationMs":31}
{"timestamp":"2026-06-08T14:21:53.844Z","runId":5,"level":"debug","phase":"write","tableName":"invoice_general","tableRunId":83,"status":"start","batchSize":1000}
{"timestamp":"2026-06-08T14:21:53.870Z","runId":5,"level":"debug","phase":"write","tableName":"invoice_general","tableRunId":83,"status":"end","inserted":1000,"updated":0,"skipped":0,"durationMs":26}
{"timestamp":"2026-06-08T14:21:53.920Z","runId":5,"level":"debug","phase":"write","tableName":"invoice_general","tableRunId":83,"status":"start","batchSize":1000}
{"timestamp":"2026-06-08T14:21:53.948Z","runId":5,"level":"debug","phase":"write","tableName":"invoice_general","tableRunId":83,"status":"end","inserted":1000,"updated":0,"skipped":0,"durationMs":28}
{"timestamp":"2026-06-08T14:21:53.999Z","runId":5,"level":"debug","phase":"write","tableName":"invoice_general","tableRunId":83,"status":"start","batchSize":1000}
{"timestamp":"2026-06-08T14:21:54.016Z","runId":5,"level":"debug","phase":"write","tableName":"invoice_general","tableRunId":83,"status":"end","inserted":1000,"updated":0,"skipped":0,"durationMs":17}
{"timestamp":"2026-06-08T14:21:54.072Z","runId":5,"level":"debug","phase":"write","tableName":"invoice_general","tableRunId":83,"status":"start","batchSize":1000}
{"timestamp":"2026-06-08T14:21:54.110Z","runId":5,"level":"debug","phase":"write","tableName":"invoice_general","tableRunId":83,"status":"end","inserted":1000,"updated":0,"skipped":0,"durationMs":38}
{"timestamp":"2026-06-08T14:21:54.165Z","runId":5,"level":"debug","phase":"write","tableName":"invoice_general","tableRunId":83,"status":"start","batchSize":1000}
{"timestamp":"2026-06-08T14:21:54.182Z","runId":5,"level":"debug","phase":"write","tableName":"invoice_general","tableRunId":83,"status":"end","inserted":1000,"updated":0,"skipped":0,"durationMs":17}
{"timestamp":"2026-06-08T14:21:54.243Z","runId":5,"level":"debug","phase":"write","tableName":"invoice_general","tableRunId":83,"status":"start","batchSize":1000}
{"timestamp":"2026-06-08T14:21:54.259Z","runId":5,"level":"debug","phase":"write","tableName":"invoice_general","tableRunId":83,"status":"end","inserted":1000,"updated":0,"skipped":0,"durationMs":16}
{"timestamp":"2026-06-08T14:21:54.310Z","runId":5,"level":"debug","phase":"write","tableName":"invoice_general","tableRunId":83,"status":"start","batchSize":478}
{"timestamp":"2026-06-08T14:21:54.321Z","runId":5,"level":"debug","phase":"write","tableName":"invoice_general","tableRunId":83,"status":"end","inserted":478,"updated":0,"skipped":0,"durationMs":11}
{"timestamp":"2026-06-08T14:21:54.338Z","runId":5,"level":"info","phase":"table_finalize","tableName":"invoice_general","tableRunId":83,"status":"success","inserted":7478,"updated":0,"skipped":0,"errors":0,"durationMs":617}
{"timestamp":"2026-06-08T14:21:54.338Z","runId":5,"level":"debug","phase":"table_loop","action":"processing","tableName":"invoices_supplier","mappingTableKeys":["BANKS","CNOTE","STOCK","PRICING","ACCCLASS"]}
{"timestamp":"2026-06-08T14:21:54.339Z","runId":5,"level":"debug","phase":"table_loop","action":"mapping_resolved","tableName":"invoices_supplier","hasMappingEntry":true,"mappingTarget":"INVOICES_SUPPLIER"}
{"timestamp":"2026-06-08T14:21:54.339Z","runId":5,"level":"debug","phase":"mapping_debug","tableName":"invoices_supplier","mappedSource":"INVOICESUPPLIER","firebirdTableCount":189,"sampleFirebirdTables":["ACCCLASS","ACCDEPARTMENT","ACCOUNTLINKS","ACCOUNTS","ACCOUNT_OPENING"]}
{"timestamp":"2026-06-08T14:21:54.456Z","runId":5,"level":"debug","phase":"clean_decision","tableName":"invoices_supplier","cleanBefore":true,"dryRun":false,"mode":"INSERT"}
{"timestamp":"2026-06-08T14:21:54.456Z","runId":5,"type":"table_cleaning_started","table":"invoices_supplier","tableRunId":84}
{"timestamp":"2026-06-08T14:21:54.456Z","runId":5,"level":"info","phase":"clean","tableName":"invoices_supplier","tableRunId":84,"status":"start"}
{"timestamp":"2026-06-08T14:21:54.457Z","runId":5,"level":"debug","phase":"clean","tableName":"invoices_supplier","tableRunId":84,"action":"fk_checks_disabled"}
{"timestamp":"2026-06-08T14:21:54.497Z","runId":5,"level":"info","phase":"clean","tableName":"invoices_supplier","tableRunId":84,"status":"success","method":"TRUNCATE","affectedRows":null,"postCount":0,"durationMs":41}
{"timestamp":"2026-06-08T14:21:54.503Z","runId":5,"type":"table_cleaned","table":"invoices_supplier","tableRunId":84,"method":"TRUNCATE","affectedRows":null,"postCount":0}
{"timestamp":"2026-06-08T14:21:54.504Z","runId":5,"level":"debug","phase":"clean","tableName":"invoices_supplier","tableRunId":84,"action":"fk_checks_restored"}
{"timestamp":"2026-06-08T14:21:54.504Z","runId":5,"level":"info","phase":"table_start","tableName":"invoices_supplier","tableRunId":84,"mode":"INSERT","keyStrategy":"preserve","dedupeKeys":[]}
{"timestamp":"2026-06-08T14:21:54.541Z","runId":5,"level":"info","phase":"fetch","tableName":"invoices_supplier","tableRunId":84,"sourceRows":43185,"dateFilter":null}
{"timestamp":"2026-06-08T14:21:54.563Z","runId":5,"level":"debug","phase":"write","tableName":"invoices_supplier","tableRunId":84,"status":"start","batchSize":1000}
{"timestamp":"2026-06-08T14:21:54.585Z","runId":5,"level":"debug","phase":"write","tableName":"invoices_supplier","tableRunId":84,"status":"end","inserted":1000,"updated":0,"skipped":0,"durationMs":22}
{"timestamp":"2026-06-08T14:21:54.621Z","runId":5,"level":"debug","phase":"write","tableName":"invoices_supplier","tableRunId":84,"status":"start","batchSize":1000}
{"timestamp":"2026-06-08T14:21:54.669Z","runId":5,"level":"debug","phase":"write","tableName":"invoices_supplier","tableRunId":84,"status":"end","inserted":1000,"updated":0,"skipped":0,"durationMs":48}
{"timestamp":"2026-06-08T14:21:54.716Z","runId":5,"level":"debug","phase":"write","tableName":"invoices_supplier","tableRunId":84,"status":"start","batchSize":1000}
{"timestamp":"2026-06-08T14:21:54.758Z","runId":5,"level":"debug","phase":"write","tableName":"invoices_supplier","tableRunId":84,"status":"end","inserted":1000,"updated":0,"skipped":0,"durationMs":42}
{"timestamp":"2026-06-08T14:21:54.799Z","runId":5,"level":"debug","phase":"write","tableName":"invoices_supplier","tableRunId":84,"status":"start","batchSize":1000}
{"timestamp":"2026-06-08T14:21:54.838Z","runId":5,"level":"debug","phase":"write","tableName":"invoices_supplier","tableRunId":84,"status":"end","inserted":1000,"updated":0,"skipped":0,"durationMs":39}
{"timestamp":"2026-06-08T14:21:54.881Z","runId":5,"level":"debug","phase":"write","tableName":"invoices_supplier","tableRunId":84,"status":"start","batchSize":1000}
{"timestamp":"2026-06-08T14:21:54.906Z","runId":5,"level":"debug","phase":"write","tableName":"invoices_supplier","tableRunId":84,"status":"end","inserted":1000,"updated":0,"skipped":0,"durationMs":25}
{"timestamp":"2026-06-08T14:21:54.947Z","runId":5,"level":"debug","phase":"write","tableName":"invoices_supplier","tableRunId":84,"status":"start","batchSize":1000}
{"timestamp":"2026-06-08T14:21:55.002Z","runId":5,"level":"debug","phase":"write","tableName":"invoices_supplier","tableRunId":84,"status":"end","inserted":1000,"updated":0,"skipped":0,"durationMs":55}
{"timestamp":"2026-06-08T14:21:55.043Z","runId":5,"level":"debug","phase":"write","tableName":"invoices_supplier","tableRunId":84,"status":"start","batchSize":1000}
{"timestamp":"2026-06-08T14:21:55.071Z","runId":5,"level":"debug","phase":"write","tableName":"invoices_supplier","tableRunId":84,"status":"end","inserted":1000,"updated":0,"skipped":0,"durationMs":28}
{"timestamp":"2026-06-08T14:21:55.122Z","runId":5,"level":"debug","phase":"write","tableName":"invoices_supplier","tableRunId":84,"status":"start","batchSize":1000}
{"timestamp":"2026-06-08T14:21:55.150Z","runId":5,"level":"debug","phase":"write","tableName":"invoices_supplier","tableRunId":84,"status":"end","inserted":1000,"updated":0,"skipped":0,"durationMs":28}
{"timestamp":"2026-06-08T14:21:55.195Z","runId":5,"level":"debug","phase":"write","tableName":"invoices_supplier","tableRunId":84,"status":"start","batchSize":1000}
{"timestamp":"2026-06-08T14:21:55.225Z","runId":5,"level":"debug","phase":"write","tableName":"invoices_supplier","tableRunId":84,"status":"end","inserted":1000,"updated":0,"skipped":0,"durationMs":30}
{"timestamp":"2026-06-08T14:21:55.281Z","runId":5,"level":"debug","phase":"write","tableName":"invoices_supplier","tableRunId":84,"status":"start","batchSize":1000}
{"timestamp":"2026-06-08T14:21:55.307Z","runId":5,"level":"debug","phase":"write","tableName":"invoices_supplier","tableRunId":84,"status":"end","inserted":1000,"updated":0,"skipped":0,"durationMs":26}
{"timestamp":"2026-06-08T14:21:55.361Z","runId":5,"level":"debug","phase":"write","tableName":"invoices_supplier","tableRunId":84,"status":"start","batchSize":1000}
{"timestamp":"2026-06-08T14:21:55.390Z","runId":5,"level":"debug","phase":"write","tableName":"invoices_supplier","tableRunId":84,"status":"end","inserted":1000,"updated":0,"skipped":0,"durationMs":29}
{"timestamp":"2026-06-08T14:21:55.453Z","runId":5,"level":"debug","phase":"write","tableName":"invoices_supplier","tableRunId":84,"status":"start","batchSize":1000}
{"timestamp":"2026-06-08T14:21:55.501Z","runId":5,"level":"debug","phase":"write","tableName":"invoices_supplier","tableRunId":84,"status":"end","inserted":1000,"updated":0,"skipped":0,"durationMs":48}
{"timestamp":"2026-06-08T14:21:55.548Z","runId":5,"level":"debug","phase":"write","tableName":"invoices_supplier","tableRunId":84,"status":"start","batchSize":1000}
{"timestamp":"2026-06-08T14:21:55.575Z","runId":5,"level":"debug","phase":"write","tableName":"invoices_supplier","tableRunId":84,"status":"end","inserted":1000,"updated":0,"skipped":0,"durationMs":27}
{"timestamp":"2026-06-08T14:21:55.629Z","runId":5,"level":"debug","phase":"write","tableName":"invoices_supplier","tableRunId":84,"status":"start","batchSize":1000}
{"timestamp":"2026-06-08T14:21:55.653Z","runId":5,"level":"debug","phase":"write","tableName":"invoices_supplier","tableRunId":84,"status":"end","inserted":1000,"updated":0,"skipped":0,"durationMs":24}
{"timestamp":"2026-06-08T14:21:55.705Z","runId":5,"level":"debug","phase":"write","tableName":"invoices_supplier","tableRunId":84,"status":"start","batchSize":1000}
{"timestamp":"2026-06-08T14:21:55.747Z","runId":5,"level":"debug","phase":"write","tableName":"invoices_supplier","tableRunId":84,"status":"end","inserted":1000,"updated":0,"skipped":0,"durationMs":42}
{"timestamp":"2026-06-08T14:21:55.798Z","runId":5,"level":"debug","phase":"write","tableName":"invoices_supplier","tableRunId":84,"status":"start","batchSize":1000}
{"timestamp":"2026-06-08T14:21:55.823Z","runId":5,"level":"debug","phase":"write","tableName":"invoices_supplier","tableRunId":84,"status":"end","inserted":1000,"updated":0,"skipped":0,"durationMs":25}
{"timestamp":"2026-06-08T14:21:55.876Z","runId":5,"level":"debug","phase":"write","tableName":"invoices_supplier","tableRunId":84,"status":"start","batchSize":1000}
{"timestamp":"2026-06-08T14:21:55.899Z","runId":5,"level":"debug","phase":"write","tableName":"invoices_supplier","tableRunId":84,"status":"end","inserted":1000,"updated":0,"skipped":0,"durationMs":23}
{"timestamp":"2026-06-08T14:21:55.954Z","runId":5,"level":"debug","phase":"write","tableName":"invoices_supplier","tableRunId":84,"status":"start","batchSize":1000}
{"timestamp":"2026-06-08T14:21:55.980Z","runId":5,"level":"debug","phase":"write","tableName":"invoices_supplier","tableRunId":84,"status":"end","inserted":1000,"updated":0,"skipped":0,"durationMs":26}
{"timestamp":"2026-06-08T14:21:56.032Z","runId":5,"level":"debug","phase":"write","tableName":"invoices_supplier","tableRunId":84,"status":"start","batchSize":1000}
{"timestamp":"2026-06-08T14:21:56.065Z","runId":5,"level":"debug","phase":"write","tableName":"invoices_supplier","tableRunId":84,"status":"end","inserted":1000,"updated":0,"skipped":0,"durationMs":33}
{"timestamp":"2026-06-08T14:21:56.123Z","runId":5,"level":"debug","phase":"write","tableName":"invoices_supplier","tableRunId":84,"status":"start","batchSize":1000}
{"timestamp":"2026-06-08T14:21:56.147Z","runId":5,"level":"debug","phase":"write","tableName":"invoices_supplier","tableRunId":84,"status":"end","inserted":1000,"updated":0,"skipped":0,"durationMs":24}
{"timestamp":"2026-06-08T14:21:56.206Z","runId":5,"level":"debug","phase":"write","tableName":"invoices_supplier","tableRunId":84,"status":"start","batchSize":1000}
{"timestamp":"2026-06-08T14:21:56.229Z","runId":5,"level":"debug","phase":"write","tableName":"invoices_supplier","tableRunId":84,"status":"end","inserted":1000,"updated":0,"skipped":0,"durationMs":23}
{"timestamp":"2026-06-08T14:21:56.293Z","runId":5,"level":"debug","phase":"write","tableName":"invoices_supplier","tableRunId":84,"status":"start","batchSize":1000}
{"timestamp":"2026-06-08T14:21:56.318Z","runId":5,"level":"debug","phase":"write","tableName":"invoices_supplier","tableRunId":84,"status":"end","inserted":1000,"updated":0,"skipped":0,"durationMs":25}
{"timestamp":"2026-06-08T14:21:56.379Z","runId":5,"level":"debug","phase":"write","tableName":"invoices_supplier","tableRunId":84,"status":"start","batchSize":1000}
{"timestamp":"2026-06-08T14:21:56.401Z","runId":5,"level":"debug","phase":"write","tableName":"invoices_supplier","tableRunId":84,"status":"end","inserted":1000,"updated":0,"skipped":0,"durationMs":22}
{"timestamp":"2026-06-08T14:21:56.460Z","runId":5,"level":"debug","phase":"write","tableName":"invoices_supplier","tableRunId":84,"status":"start","batchSize":1000}
{"timestamp":"2026-06-08T14:21:56.485Z","runId":5,"level":"debug","phase":"write","tableName":"invoices_supplier","tableRunId":84,"status":"end","inserted":1000,"updated":0,"skipped":0,"durationMs":25}
{"timestamp":"2026-06-08T14:21:56.551Z","runId":5,"level":"debug","phase":"write","tableName":"invoices_supplier","tableRunId":84,"status":"start","batchSize":1000}
{"timestamp":"2026-06-08T14:21:56.576Z","runId":5,"level":"debug","phase":"write","tableName":"invoices_supplier","tableRunId":84,"status":"end","inserted":1000,"updated":0,"skipped":0,"durationMs":25}
{"timestamp":"2026-06-08T14:21:56.643Z","runId":5,"level":"debug","phase":"write","tableName":"invoices_supplier","tableRunId":84,"status":"start","batchSize":1000}
{"timestamp":"2026-06-08T14:21:56.666Z","runId":5,"level":"debug","phase":"write","tableName":"invoices_supplier","tableRunId":84,"status":"end","inserted":1000,"updated":0,"skipped":0,"durationMs":23}
{"timestamp":"2026-06-08T14:21:56.737Z","runId":5,"level":"debug","phase":"write","tableName":"invoices_supplier","tableRunId":84,"status":"start","batchSize":1000}
{"timestamp":"2026-06-08T14:21:56.761Z","runId":5,"level":"debug","phase":"write","tableName":"invoices_supplier","tableRunId":84,"status":"end","inserted":1000,"updated":0,"skipped":0,"durationMs":24}
{"timestamp":"2026-06-08T14:21:56.835Z","runId":5,"level":"debug","phase":"write","tableName":"invoices_supplier","tableRunId":84,"status":"start","batchSize":1000}
{"timestamp":"2026-06-08T14:21:56.857Z","runId":5,"level":"debug","phase":"write","tableName":"invoices_supplier","tableRunId":84,"status":"end","inserted":1000,"updated":0,"skipped":0,"durationMs":22}
{"timestamp":"2026-06-08T14:21:56.936Z","runId":5,"level":"debug","phase":"write","tableName":"invoices_supplier","tableRunId":84,"status":"start","batchSize":1000}
{"timestamp":"2026-06-08T14:21:56.968Z","runId":5,"level":"debug","phase":"write","tableName":"invoices_supplier","tableRunId":84,"status":"end","inserted":1000,"updated":0,"skipped":0,"durationMs":32}
{"timestamp":"2026-06-08T14:21:57.043Z","runId":5,"level":"debug","phase":"write","tableName":"invoices_supplier","tableRunId":84,"status":"start","batchSize":1000}
{"timestamp":"2026-06-08T14:21:57.068Z","runId":5,"level":"debug","phase":"write","tableName":"invoices_supplier","tableRunId":84,"status":"end","inserted":1000,"updated":0,"skipped":0,"durationMs":25}
{"timestamp":"2026-06-08T14:21:57.144Z","runId":5,"level":"debug","phase":"write","tableName":"invoices_supplier","tableRunId":84,"status":"start","batchSize":1000}
{"timestamp":"2026-06-08T14:21:57.167Z","runId":5,"level":"debug","phase":"write","tableName":"invoices_supplier","tableRunId":84,"status":"end","inserted":1000,"updated":0,"skipped":0,"durationMs":23}
{"timestamp":"2026-06-08T14:21:57.247Z","runId":5,"level":"debug","phase":"write","tableName":"invoices_supplier","tableRunId":84,"status":"start","batchSize":1000}
{"timestamp":"2026-06-08T14:21:57.271Z","runId":5,"level":"debug","phase":"write","tableName":"invoices_supplier","tableRunId":84,"status":"end","inserted":1000,"updated":0,"skipped":0,"durationMs":24}
{"timestamp":"2026-06-08T14:21:57.355Z","runId":5,"level":"debug","phase":"write","tableName":"invoices_supplier","tableRunId":84,"status":"start","batchSize":1000}
{"timestamp":"2026-06-08T14:21:57.382Z","runId":5,"level":"debug","phase":"write","tableName":"invoices_supplier","tableRunId":84,"status":"end","inserted":1000,"updated":0,"skipped":0,"durationMs":27}
{"timestamp":"2026-06-08T14:21:57.457Z","runId":5,"level":"debug","phase":"write","tableName":"invoices_supplier","tableRunId":84,"status":"start","batchSize":1000}
{"timestamp":"2026-06-08T14:21:57.482Z","runId":5,"level":"debug","phase":"write","tableName":"invoices_supplier","tableRunId":84,"status":"end","inserted":1000,"updated":0,"skipped":0,"durationMs":25}
{"timestamp":"2026-06-08T14:21:57.548Z","runId":5,"level":"debug","phase":"write","tableName":"invoices_supplier","tableRunId":84,"status":"start","batchSize":1000}
{"timestamp":"2026-06-08T14:21:57.584Z","runId":5,"level":"debug","phase":"write","tableName":"invoices_supplier","tableRunId":84,"status":"end","inserted":1000,"updated":0,"skipped":0,"durationMs":36}
{"timestamp":"2026-06-08T14:21:57.660Z","runId":5,"level":"debug","phase":"write","tableName":"invoices_supplier","tableRunId":84,"status":"start","batchSize":1000}
{"timestamp":"2026-06-08T14:21:57.684Z","runId":5,"level":"debug","phase":"write","tableName":"invoices_supplier","tableRunId":84,"status":"end","inserted":1000,"updated":0,"skipped":0,"durationMs":24}
{"timestamp":"2026-06-08T14:21:57.778Z","runId":5,"level":"debug","phase":"write","tableName":"invoices_supplier","tableRunId":84,"status":"start","batchSize":1000}
{"timestamp":"2026-06-08T14:21:57.802Z","runId":5,"level":"debug","phase":"write","tableName":"invoices_supplier","tableRunId":84,"status":"end","inserted":1000,"updated":0,"skipped":0,"durationMs":24}
{"timestamp":"2026-06-08T14:21:57.896Z","runId":5,"level":"debug","phase":"write","tableName":"invoices_supplier","tableRunId":84,"status":"start","batchSize":1000}
{"timestamp":"2026-06-08T14:21:57.919Z","runId":5,"level":"debug","phase":"write","tableName":"invoices_supplier","tableRunId":84,"status":"end","inserted":1000,"updated":0,"skipped":0,"durationMs":23}
{"timestamp":"2026-06-08T14:21:58.009Z","runId":5,"level":"debug","phase":"write","tableName":"invoices_supplier","tableRunId":84,"status":"start","batchSize":1000}
{"timestamp":"2026-06-08T14:21:58.034Z","runId":5,"level":"debug","phase":"write","tableName":"invoices_supplier","tableRunId":84,"status":"end","inserted":1000,"updated":0,"skipped":0,"durationMs":25}
{"timestamp":"2026-06-08T14:21:58.131Z","runId":5,"level":"debug","phase":"write","tableName":"invoices_supplier","tableRunId":84,"status":"start","batchSize":1000}
{"timestamp":"2026-06-08T14:21:58.154Z","runId":5,"level":"debug","phase":"write","tableName":"invoices_supplier","tableRunId":84,"status":"end","inserted":1000,"updated":0,"skipped":0,"durationMs":23}
{"timestamp":"2026-06-08T14:21:58.248Z","runId":5,"level":"debug","phase":"write","tableName":"invoices_supplier","tableRunId":84,"status":"start","batchSize":1000}
{"timestamp":"2026-06-08T14:21:58.272Z","runId":5,"level":"debug","phase":"write","tableName":"invoices_supplier","tableRunId":84,"status":"end","inserted":1000,"updated":0,"skipped":0,"durationMs":24}
{"timestamp":"2026-06-08T14:21:58.368Z","runId":5,"level":"debug","phase":"write","tableName":"invoices_supplier","tableRunId":84,"status":"start","batchSize":1000}
{"timestamp":"2026-06-08T14:21:58.411Z","runId":5,"level":"debug","phase":"write","tableName":"invoices_supplier","tableRunId":84,"status":"end","inserted":1000,"updated":0,"skipped":0,"durationMs":43}
{"timestamp":"2026-06-08T14:21:58.509Z","runId":5,"level":"debug","phase":"write","tableName":"invoices_supplier","tableRunId":84,"status":"start","batchSize":1000}
{"timestamp":"2026-06-08T14:21:58.537Z","runId":5,"level":"debug","phase":"write","tableName":"invoices_supplier","tableRunId":84,"status":"end","inserted":1000,"updated":0,"skipped":0,"durationMs":28}
{"timestamp":"2026-06-08T14:21:58.613Z","runId":5,"level":"debug","phase":"write","tableName":"invoices_supplier","tableRunId":84,"status":"start","batchSize":185}
{"timestamp":"2026-06-08T14:21:58.626Z","runId":5,"level":"debug","phase":"write","tableName":"invoices_supplier","tableRunId":84,"status":"end","inserted":185,"updated":0,"skipped":0,"durationMs":13}
{"timestamp":"2026-06-08T14:21:58.637Z","runId":5,"level":"info","phase":"table_finalize","tableName":"invoices_supplier","tableRunId":84,"status":"success","inserted":43185,"updated":0,"skipped":0,"errors":0,"durationMs":4128}
{"timestamp":"2026-06-08T14:21:58.637Z","runId":5,"level":"debug","phase":"table_loop","action":"processing","tableName":"payments_suppliers","mappingTableKeys":["BANKS","CNOTE","STOCK","PRICING","ACCCLASS"]}
{"timestamp":"2026-06-08T14:21:58.637Z","runId":5,"level":"debug","phase":"table_loop","action":"mapping_resolved","tableName":"payments_suppliers","hasMappingEntry":true,"mappingTarget":"PAYMENTS_SUPPLIERS"}
{"timestamp":"2026-06-08T14:21:58.637Z","runId":5,"level":"debug","phase":"mapping_debug","tableName":"payments_suppliers","mappedSource":"PAYMENTSSUPP","firebirdTableCount":189,"sampleFirebirdTables":["ACCCLASS","ACCDEPARTMENT","ACCOUNTLINKS","ACCOUNTS","ACCOUNT_OPENING"]}
{"timestamp":"2026-06-08T14:21:58.731Z","runId":5,"level":"debug","phase":"clean_decision","tableName":"payments_suppliers","cleanBefore":true,"dryRun":false,"mode":"INSERT"}
{"timestamp":"2026-06-08T14:21:58.731Z","runId":5,"type":"table_cleaning_started","table":"payments_suppliers","tableRunId":85}
{"timestamp":"2026-06-08T14:21:58.732Z","runId":5,"level":"info","phase":"clean","tableName":"payments_suppliers","tableRunId":85,"status":"start"}
{"timestamp":"2026-06-08T14:21:58.732Z","runId":5,"level":"debug","phase":"clean","tableName":"payments_suppliers","tableRunId":85,"action":"fk_checks_disabled"}
{"timestamp":"2026-06-08T14:21:58.767Z","runId":5,"level":"info","phase":"clean","tableName":"payments_suppliers","tableRunId":85,"status":"success","method":"TRUNCATE","affectedRows":null,"postCount":0,"durationMs":35}
{"timestamp":"2026-06-08T14:21:58.774Z","runId":5,"type":"table_cleaned","table":"payments_suppliers","tableRunId":85,"method":"TRUNCATE","affectedRows":null,"postCount":0}
{"timestamp":"2026-06-08T14:21:58.774Z","runId":5,"level":"debug","phase":"clean","tableName":"payments_suppliers","tableRunId":85,"action":"fk_checks_restored"}
{"timestamp":"2026-06-08T14:21:58.774Z","runId":5,"level":"info","phase":"table_start","tableName":"payments_suppliers","tableRunId":85,"mode":"INSERT","keyStrategy":"preserve","dedupeKeys":[]}
{"timestamp":"2026-06-08T14:21:58.811Z","runId":5,"level":"info","phase":"fetch","tableName":"payments_suppliers","tableRunId":85,"sourceRows":43907,"dateFilter":null}
{"timestamp":"2026-06-08T14:21:58.933Z","runId":5,"level":"debug","phase":"write","tableName":"payments_suppliers","tableRunId":85,"status":"start","batchSize":1000}
{"timestamp":"2026-06-08T14:21:58.967Z","runId":5,"level":"debug","phase":"write","tableName":"payments_suppliers","tableRunId":85,"status":"end","inserted":1000,"updated":0,"skipped":0,"durationMs":34}
{"timestamp":"2026-06-08T14:21:59.112Z","runId":5,"level":"debug","phase":"write","tableName":"payments_suppliers","tableRunId":85,"status":"start","batchSize":1000}
{"timestamp":"2026-06-08T14:21:59.144Z","runId":5,"level":"debug","phase":"write","tableName":"payments_suppliers","tableRunId":85,"status":"end","inserted":1000,"updated":0,"skipped":0,"durationMs":32}
{"timestamp":"2026-06-08T14:21:59.291Z","runId":5,"level":"debug","phase":"write","tableName":"payments_suppliers","tableRunId":85,"status":"start","batchSize":1000}
{"timestamp":"2026-06-08T14:21:59.333Z","runId":5,"level":"debug","phase":"write","tableName":"payments_suppliers","tableRunId":85,"status":"end","inserted":1000,"updated":0,"skipped":0,"durationMs":42}
{"timestamp":"2026-06-08T14:21:59.471Z","runId":5,"level":"debug","phase":"write","tableName":"payments_suppliers","tableRunId":85,"status":"start","batchSize":1000}
{"timestamp":"2026-06-08T14:21:59.489Z","runId":5,"level":"debug","phase":"write","tableName":"payments_suppliers","tableRunId":85,"status":"end","inserted":1000,"updated":0,"skipped":0,"durationMs":18}
{"timestamp":"2026-06-08T14:21:59.639Z","runId":5,"level":"debug","phase":"write","tableName":"payments_suppliers","tableRunId":85,"status":"start","batchSize":1000}
{"timestamp":"2026-06-08T14:21:59.662Z","runId":5,"level":"debug","phase":"write","tableName":"payments_suppliers","tableRunId":85,"status":"end","inserted":1000,"updated":0,"skipped":0,"durationMs":23}
{"timestamp":"2026-06-08T14:21:59.810Z","runId":5,"level":"debug","phase":"write","tableName":"payments_suppliers","tableRunId":85,"status":"start","batchSize":1000}
{"timestamp":"2026-06-08T14:21:59.851Z","runId":5,"level":"debug","phase":"write","tableName":"payments_suppliers","tableRunId":85,"status":"end","inserted":1000,"updated":0,"skipped":0,"durationMs":41}
{"timestamp":"2026-06-08T14:22:00.036Z","runId":5,"level":"debug","phase":"write","tableName":"payments_suppliers","tableRunId":85,"status":"start","batchSize":1000}
{"timestamp":"2026-06-08T14:22:00.062Z","runId":5,"level":"debug","phase":"write","tableName":"payments_suppliers","tableRunId":85,"status":"end","inserted":1000,"updated":0,"skipped":0,"durationMs":26}
{"timestamp":"2026-06-08T14:22:00.221Z","runId":5,"level":"debug","phase":"write","tableName":"payments_suppliers","tableRunId":85,"status":"start","batchSize":1000}
{"timestamp":"2026-06-08T14:22:00.244Z","runId":5,"level":"debug","phase":"write","tableName":"payments_suppliers","tableRunId":85,"status":"end","inserted":1000,"updated":0,"skipped":0,"durationMs":23}
{"timestamp":"2026-06-08T14:22:00.399Z","runId":5,"level":"debug","phase":"write","tableName":"payments_suppliers","tableRunId":85,"status":"start","batchSize":1000}
{"timestamp":"2026-06-08T14:22:00.416Z","runId":5,"level":"debug","phase":"write","tableName":"payments_suppliers","tableRunId":85,"status":"end","inserted":1000,"updated":0,"skipped":0,"durationMs":17}
{"timestamp":"2026-06-08T14:22:00.571Z","runId":5,"level":"debug","phase":"write","tableName":"payments_suppliers","tableRunId":85,"status":"start","batchSize":1000}
{"timestamp":"2026-06-08T14:22:00.592Z","runId":5,"level":"debug","phase":"write","tableName":"payments_suppliers","tableRunId":85,"status":"end","inserted":1000,"updated":0,"skipped":0,"durationMs":21}
{"timestamp":"2026-06-08T14:22:00.757Z","runId":5,"level":"debug","phase":"write","tableName":"payments_suppliers","tableRunId":85,"status":"start","batchSize":1000}
{"timestamp":"2026-06-08T14:22:00.778Z","runId":5,"level":"debug","phase":"write","tableName":"payments_suppliers","tableRunId":85,"status":"end","inserted":1000,"updated":0,"skipped":0,"durationMs":21}
{"timestamp":"2026-06-08T14:22:00.940Z","runId":5,"level":"debug","phase":"write","tableName":"payments_suppliers","tableRunId":85,"status":"start","batchSize":1000}
{"timestamp":"2026-06-08T14:22:00.966Z","runId":5,"level":"debug","phase":"write","tableName":"payments_suppliers","tableRunId":85,"status":"end","inserted":1000,"updated":0,"skipped":0,"durationMs":26}
{"timestamp":"2026-06-08T14:22:01.122Z","runId":5,"level":"debug","phase":"write","tableName":"payments_suppliers","tableRunId":85,"status":"start","batchSize":1000}
{"timestamp":"2026-06-08T14:22:01.142Z","runId":5,"level":"debug","phase":"write","tableName":"payments_suppliers","tableRunId":85,"status":"end","inserted":1000,"updated":0,"skipped":0,"durationMs":20}
{"timestamp":"2026-06-08T14:22:01.301Z","runId":5,"level":"debug","phase":"write","tableName":"payments_suppliers","tableRunId":85,"status":"start","batchSize":1000}
{"timestamp":"2026-06-08T14:22:01.342Z","runId":5,"level":"debug","phase":"write","tableName":"payments_suppliers","tableRunId":85,"status":"end","inserted":1000,"updated":0,"skipped":0,"durationMs":41}
{"timestamp":"2026-06-08T14:22:01.502Z","runId":5,"level":"debug","phase":"write","tableName":"payments_suppliers","tableRunId":85,"status":"start","batchSize":1000}
{"timestamp":"2026-06-08T14:22:01.522Z","runId":5,"level":"debug","phase":"write","tableName":"payments_suppliers","tableRunId":85,"status":"end","inserted":1000,"updated":0,"skipped":0,"durationMs":20}
{"timestamp":"2026-06-08T14:22:01.682Z","runId":5,"level":"debug","phase":"write","tableName":"payments_suppliers","tableRunId":85,"status":"start","batchSize":1000}
{"timestamp":"2026-06-08T14:22:01.701Z","runId":5,"level":"debug","phase":"write","tableName":"payments_suppliers","tableRunId":85,"status":"end","inserted":1000,"updated":0,"skipped":0,"durationMs":19}
{"timestamp":"2026-06-08T14:22:01.863Z","runId":5,"level":"debug","phase":"write","tableName":"payments_suppliers","tableRunId":85,"status":"start","batchSize":1000}
{"timestamp":"2026-06-08T14:22:01.883Z","runId":5,"level":"debug","phase":"write","tableName":"payments_suppliers","tableRunId":85,"status":"end","inserted":1000,"updated":0,"skipped":0,"durationMs":20}
{"timestamp":"2026-06-08T14:22:02.052Z","runId":5,"level":"debug","phase":"write","tableName":"payments_suppliers","tableRunId":85,"status":"start","batchSize":1000}
{"timestamp":"2026-06-08T14:22:02.072Z","runId":5,"level":"debug","phase":"write","tableName":"payments_suppliers","tableRunId":85,"status":"end","inserted":1000,"updated":0,"skipped":0,"durationMs":20}
{"timestamp":"2026-06-08T14:22:02.244Z","runId":5,"level":"debug","phase":"write","tableName":"payments_suppliers","tableRunId":85,"status":"start","batchSize":1000}
{"timestamp":"2026-06-08T14:22:02.263Z","runId":5,"level":"debug","phase":"write","tableName":"payments_suppliers","tableRunId":85,"status":"end","inserted":1000,"updated":0,"skipped":0,"durationMs":19}
{"timestamp":"2026-06-08T14:22:02.432Z","runId":5,"level":"debug","phase":"write","tableName":"payments_suppliers","tableRunId":85,"status":"start","batchSize":1000}
{"timestamp":"2026-06-08T14:22:02.453Z","runId":5,"level":"debug","phase":"write","tableName":"payments_suppliers","tableRunId":85,"status":"end","inserted":1000,"updated":0,"skipped":0,"durationMs":21}
{"timestamp":"2026-06-08T14:22:02.600Z","runId":5,"level":"info","phase":"preflight","action":"firebird_config_check","host":"localhost","port":3050,"database":"C:\\Autoneer\\data\\AUTONEER.FDB","user":"SYSDBA","passwordSet":true,"passwordLength":9,"passwordSource":"state","useDefaultSysdbaMasterkey":true,"rawPasswordSet":true,"rawPasswordLength":9}
{"timestamp":"2026-06-08T14:22:02.633Z","runId":5,"level":"debug","phase":"write","tableName":"payments_suppliers","tableRunId":85,"status":"start","batchSize":1000}
{"timestamp":"2026-06-08T14:22:02.640Z","runId":5,"level":"info","phase":"preflight","attempt":1,"status":"ok"}
{"timestamp":"2026-06-08T14:22:02.640Z","runId":5,"level":"debug","phase":"keepalive","status":"ok"}
{"timestamp":"2026-06-08T14:22:02.677Z","runId":5,"level":"debug","phase":"write","tableName":"payments_suppliers","tableRunId":85,"status":"end","inserted":1000,"updated":0,"skipped":0,"durationMs":44}
{"timestamp":"2026-06-08T14:22:02.856Z","runId":5,"level":"debug","phase":"write","tableName":"payments_suppliers","tableRunId":85,"status":"start","batchSize":1000}
{"timestamp":"2026-06-08T14:22:02.880Z","runId":5,"level":"debug","phase":"write","tableName":"payments_suppliers","tableRunId":85,"status":"end","inserted":1000,"updated":0,"skipped":0,"durationMs":24}
{"timestamp":"2026-06-08T14:22:03.047Z","runId":5,"level":"debug","phase":"write","tableName":"payments_suppliers","tableRunId":85,"status":"start","batchSize":1000}
{"timestamp":"2026-06-08T14:22:03.072Z","runId":5,"level":"debug","phase":"write","tableName":"payments_suppliers","tableRunId":85,"status":"end","inserted":1000,"updated":0,"skipped":0,"durationMs":25}
{"timestamp":"2026-06-08T14:22:03.241Z","runId":5,"level":"debug","phase":"write","tableName":"payments_suppliers","tableRunId":85,"status":"start","batchSize":1000}
{"timestamp":"2026-06-08T14:22:03.265Z","runId":5,"level":"debug","phase":"write","tableName":"payments_suppliers","tableRunId":85,"status":"end","inserted":1000,"updated":0,"skipped":0,"durationMs":24}
{"timestamp":"2026-06-08T14:22:03.433Z","runId":5,"level":"debug","phase":"write","tableName":"payments_suppliers","tableRunId":85,"status":"start","batchSize":1000}
{"timestamp":"2026-06-08T14:22:03.454Z","runId":5,"level":"debug","phase":"write","tableName":"payments_suppliers","tableRunId":85,"status":"end","inserted":1000,"updated":0,"skipped":0,"durationMs":21}
{"timestamp":"2026-06-08T14:22:03.614Z","runId":5,"level":"debug","phase":"write","tableName":"payments_suppliers","tableRunId":85,"status":"start","batchSize":1000}
{"timestamp":"2026-06-08T14:22:03.637Z","runId":5,"level":"debug","phase":"write","tableName":"payments_suppliers","tableRunId":85,"status":"end","inserted":1000,"updated":0,"skipped":0,"durationMs":23}
{"timestamp":"2026-06-08T14:22:03.820Z","runId":5,"level":"debug","phase":"write","tableName":"payments_suppliers","tableRunId":85,"status":"start","batchSize":1000}
{"timestamp":"2026-06-08T14:22:03.844Z","runId":5,"level":"debug","phase":"write","tableName":"payments_suppliers","tableRunId":85,"status":"end","inserted":1000,"updated":0,"skipped":0,"durationMs":24}
{"timestamp":"2026-06-08T14:22:04.011Z","runId":5,"level":"debug","phase":"write","tableName":"payments_suppliers","tableRunId":85,"status":"start","batchSize":1000}
{"timestamp":"2026-06-08T14:22:04.034Z","runId":5,"level":"debug","phase":"write","tableName":"payments_suppliers","tableRunId":85,"status":"end","inserted":1000,"updated":0,"skipped":0,"durationMs":23}
{"timestamp":"2026-06-08T14:22:04.217Z","runId":5,"level":"debug","phase":"write","tableName":"payments_suppliers","tableRunId":85,"status":"start","batchSize":1000}
{"timestamp":"2026-06-08T14:22:04.255Z","runId":5,"level":"debug","phase":"write","tableName":"payments_suppliers","tableRunId":85,"status":"end","inserted":1000,"updated":0,"skipped":0,"durationMs":38}
{"timestamp":"2026-06-08T14:22:04.437Z","runId":5,"level":"debug","phase":"write","tableName":"payments_suppliers","tableRunId":85,"status":"start","batchSize":1000}
{"timestamp":"2026-06-08T14:22:04.460Z","runId":5,"level":"debug","phase":"write","tableName":"payments_suppliers","tableRunId":85,"status":"end","inserted":1000,"updated":0,"skipped":0,"durationMs":23}
{"timestamp":"2026-06-08T14:22:04.638Z","runId":5,"level":"debug","phase":"write","tableName":"payments_suppliers","tableRunId":85,"status":"start","batchSize":1000}
{"timestamp":"2026-06-08T14:22:04.662Z","runId":5,"level":"debug","phase":"write","tableName":"payments_suppliers","tableRunId":85,"status":"end","inserted":1000,"updated":0,"skipped":0,"durationMs":24}
{"timestamp":"2026-06-08T14:22:04.843Z","runId":5,"level":"debug","phase":"write","tableName":"payments_suppliers","tableRunId":85,"status":"start","batchSize":1000}
{"timestamp":"2026-06-08T14:22:04.865Z","runId":5,"level":"debug","phase":"write","tableName":"payments_suppliers","tableRunId":85,"status":"end","inserted":1000,"updated":0,"skipped":0,"durationMs":22}
{"timestamp":"2026-06-08T14:22:05.054Z","runId":5,"level":"debug","phase":"write","tableName":"payments_suppliers","tableRunId":85,"status":"start","batchSize":1000}
{"timestamp":"2026-06-08T14:22:05.078Z","runId":5,"level":"debug","phase":"write","tableName":"payments_suppliers","tableRunId":85,"status":"end","inserted":1000,"updated":0,"skipped":0,"durationMs":24}
{"timestamp":"2026-06-08T14:22:05.264Z","runId":5,"level":"debug","phase":"write","tableName":"payments_suppliers","tableRunId":85,"status":"start","batchSize":1000}
{"timestamp":"2026-06-08T14:22:05.288Z","runId":5,"level":"debug","phase":"write","tableName":"payments_suppliers","tableRunId":85,"status":"end","inserted":1000,"updated":0,"skipped":0,"durationMs":24}
{"timestamp":"2026-06-08T14:22:05.460Z","runId":5,"level":"debug","phase":"write","tableName":"payments_suppliers","tableRunId":85,"status":"start","batchSize":1000}
{"timestamp":"2026-06-08T14:22:05.489Z","runId":5,"level":"debug","phase":"write","tableName":"payments_suppliers","tableRunId":85,"status":"end","inserted":1000,"updated":0,"skipped":0,"durationMs":29}
{"timestamp":"2026-06-08T14:22:05.678Z","runId":5,"level":"debug","phase":"write","tableName":"payments_suppliers","tableRunId":85,"status":"start","batchSize":1000}
{"timestamp":"2026-06-08T14:22:05.725Z","runId":5,"level":"debug","phase":"write","tableName":"payments_suppliers","tableRunId":85,"status":"end","inserted":1000,"updated":0,"skipped":0,"durationMs":47}
{"timestamp":"2026-06-08T14:22:05.917Z","runId":5,"level":"debug","phase":"write","tableName":"payments_suppliers","tableRunId":85,"status":"start","batchSize":1000}
{"timestamp":"2026-06-08T14:22:05.939Z","runId":5,"level":"debug","phase":"write","tableName":"payments_suppliers","tableRunId":85,"status":"end","inserted":1000,"updated":0,"skipped":0,"durationMs":22}
{"timestamp":"2026-06-08T14:22:06.128Z","runId":5,"level":"debug","phase":"write","tableName":"payments_suppliers","tableRunId":85,"status":"start","batchSize":1000}
{"timestamp":"2026-06-08T14:22:06.151Z","runId":5,"level":"debug","phase":"write","tableName":"payments_suppliers","tableRunId":85,"status":"end","inserted":1000,"updated":0,"skipped":0,"durationMs":23}
{"timestamp":"2026-06-08T14:22:06.339Z","runId":5,"level":"debug","phase":"write","tableName":"payments_suppliers","tableRunId":85,"status":"start","batchSize":1000}
{"timestamp":"2026-06-08T14:22:06.363Z","runId":5,"level":"debug","phase":"write","tableName":"payments_suppliers","tableRunId":85,"status":"end","inserted":1000,"updated":0,"skipped":0,"durationMs":24}
{"timestamp":"2026-06-08T14:22:06.552Z","runId":5,"level":"debug","phase":"write","tableName":"payments_suppliers","tableRunId":85,"status":"start","batchSize":1000}
{"timestamp":"2026-06-08T14:22:06.571Z","runId":5,"level":"debug","phase":"write","tableName":"payments_suppliers","tableRunId":85,"status":"end","inserted":1000,"updated":0,"skipped":0,"durationMs":19}
{"timestamp":"2026-06-08T14:22:06.763Z","runId":5,"level":"debug","phase":"write","tableName":"payments_suppliers","tableRunId":85,"status":"start","batchSize":1000}
{"timestamp":"2026-06-08T14:22:06.784Z","runId":5,"level":"debug","phase":"write","tableName":"payments_suppliers","tableRunId":85,"status":"end","inserted":1000,"updated":0,"skipped":0,"durationMs":21}
{"timestamp":"2026-06-08T14:22:06.971Z","runId":5,"level":"debug","phase":"write","tableName":"payments_suppliers","tableRunId":85,"status":"start","batchSize":1000}
{"timestamp":"2026-06-08T14:22:06.991Z","runId":5,"level":"debug","phase":"write","tableName":"payments_suppliers","tableRunId":85,"status":"end","inserted":1000,"updated":0,"skipped":0,"durationMs":20}
{"timestamp":"2026-06-08T14:22:07.183Z","runId":5,"level":"debug","phase":"write","tableName":"payments_suppliers","tableRunId":85,"status":"start","batchSize":1000}
{"timestamp":"2026-06-08T14:22:07.205Z","runId":5,"level":"debug","phase":"write","tableName":"payments_suppliers","tableRunId":85,"status":"end","inserted":1000,"updated":0,"skipped":0,"durationMs":22}
{"timestamp":"2026-06-08T14:22:07.395Z","runId":5,"level":"debug","phase":"write","tableName":"payments_suppliers","tableRunId":85,"status":"start","batchSize":907}
{"timestamp":"2026-06-08T14:22:07.436Z","runId":5,"level":"debug","phase":"write","tableName":"payments_suppliers","tableRunId":85,"status":"end","inserted":907,"updated":0,"skipped":0,"durationMs":41}
{"timestamp":"2026-06-08T14:22:07.450Z","runId":5,"level":"info","phase":"table_finalize","tableName":"payments_suppliers","tableRunId":85,"status":"success","inserted":43907,"updated":0,"skipped":0,"errors":0,"durationMs":8669}
{"timestamp":"2026-06-08T14:22:07.450Z","runId":5,"level":"debug","phase":"table_loop","action":"processing","tableName":"credit_notes_supplier","mappingTableKeys":["BANKS","CNOTE","STOCK","PRICING","ACCCLASS"]}
{"timestamp":"2026-06-08T14:22:07.450Z","runId":5,"level":"debug","phase":"table_loop","action":"mapping_resolved","tableName":"credit_notes_supplier","hasMappingEntry":true,"mappingTarget":"CREDIT_NOTES_SUPPLIER"}
{"timestamp":"2026-06-08T14:22:07.450Z","runId":5,"level":"debug","phase":"mapping_debug","tableName":"credit_notes_supplier","mappedSource":"CNOTESUPP","firebirdTableCount":189,"sampleFirebirdTables":["ACCCLASS","ACCDEPARTMENT","ACCOUNTLINKS","ACCOUNTS","ACCOUNT_OPENING"]}
{"timestamp":"2026-06-08T14:22:08.113Z","runId":5,"level":"debug","phase":"clean_decision","tableName":"credit_notes_supplier","cleanBefore":true,"dryRun":false,"mode":"INSERT"}
{"timestamp":"2026-06-08T14:22:08.113Z","runId":5,"type":"table_cleaning_started","table":"credit_notes_supplier","tableRunId":86}
{"timestamp":"2026-06-08T14:22:08.113Z","runId":5,"level":"info","phase":"clean","tableName":"credit_notes_supplier","tableRunId":86,"status":"start"}
{"timestamp":"2026-06-08T14:22:08.114Z","runId":5,"level":"debug","phase":"clean","tableName":"credit_notes_supplier","tableRunId":86,"action":"fk_checks_disabled"}
{"timestamp":"2026-06-08T14:22:08.138Z","runId":5,"level":"info","phase":"clean","tableName":"credit_notes_supplier","tableRunId":86,"status":"success","method":"TRUNCATE","affectedRows":null,"postCount":0,"durationMs":25}
{"timestamp":"2026-06-08T14:22:08.144Z","runId":5,"type":"table_cleaned","table":"credit_notes_supplier","tableRunId":86,"method":"TRUNCATE","affectedRows":null,"postCount":0}
{"timestamp":"2026-06-08T14:22:08.144Z","runId":5,"level":"debug","phase":"clean","tableName":"credit_notes_supplier","tableRunId":86,"action":"fk_checks_restored"}
{"timestamp":"2026-06-08T14:22:08.144Z","runId":5,"level":"info","phase":"table_start","tableName":"credit_notes_supplier","tableRunId":86,"mode":"INSERT","keyStrategy":"preserve","dedupeKeys":[]}
{"timestamp":"2026-06-08T14:22:08.161Z","runId":5,"level":"info","phase":"fetch","tableName":"credit_notes_supplier","tableRunId":86,"sourceRows":61,"dateFilter":null}
{"timestamp":"2026-06-08T14:22:08.167Z","runId":5,"level":"debug","phase":"write","tableName":"credit_notes_supplier","tableRunId":86,"status":"start","batchSize":61}
{"timestamp":"2026-06-08T14:22:08.172Z","runId":5,"level":"debug","phase":"write","tableName":"credit_notes_supplier","tableRunId":86,"status":"end","inserted":61,"updated":0,"skipped":0,"durationMs":5}
{"timestamp":"2026-06-08T14:22:08.186Z","runId":5,"level":"info","phase":"table_finalize","tableName":"credit_notes_supplier","tableRunId":86,"status":"success","inserted":61,"updated":0,"skipped":0,"errors":0,"durationMs":35}
{"timestamp":"2026-06-08T14:22:08.186Z","runId":5,"level":"info","phase":"post_migration_gl_validation","status":"start"}
{"timestamp":"2026-06-08T14:22:08.194Z","runId":5,"level":"info","phase":"post_migration_gl_validation","check":"E","name":"GL Account Types Canonical","passed":true,"errorCount":0,"errors":[]}
{"timestamp":"2026-06-08T14:22:08.195Z","runId":5,"level":"info","phase":"post_migration_gl_validation","check":"F","name":"All Accounts Typed","passed":true,"errorCount":0,"errors":[]}
{"timestamp":"2026-06-08T14:22:08.195Z","runId":5,"level":"info","phase":"post_migration_gl_validation","check":"A","name":"Account Type Mismatches","passed":true,"errorCount":0,"errors":[]}
{"timestamp":"2026-06-08T14:22:08.195Z","runId":5,"level":"info","phase":"post_migration_gl_validation","check":"B","name":"Posting Line Type Alignment","passed":true,"errorCount":0,"errors":[]}
{"timestamp":"2026-06-08T14:22:08.195Z","runId":5,"level":"info","phase":"post_migration_gl_validation","check":"C","name":"Orphan / Invalid Postings","passed":true,"errorCount":0,"errors":[]}
{"timestamp":"2026-06-08T14:22:08.195Z","runId":5,"level":"info","phase":"post_migration_gl_validation","check":"D","name":"COS Integrity","passed":true,"errorCount":0,"errors":[]}
{"timestamp":"2026-06-08T14:22:08.195Z","runId":5,"level":"info","phase":"post_migration_gl_validation","status":"passed"}
{"timestamp":"2026-06-08T14:22:08.198Z","runId":5,"level":"info","phase":"run_finalize","status":"success"}
