{"timestamp":"2026-01-20T07:13:16.297Z","runId":94,"level":"info","phase":"run_start","dryRun":false,"batchSize":500,"fkChecks":true,"tables":[{"table":"spares_used","mode":"INSERT","keyStrategy":"rekey","dedupeKeys":["spares_id"],"onDuplicate":"SKIP","clean":true}]}
{"timestamp":"2026-01-20T07:13:16.347Z","runId":94,"level":"info","phase":"preflight","attempt":1,"status":"ok"}
{"timestamp":"2026-01-20T07:13:16.347Z","runId":94,"level":"debug","phase":"preflight","durationMs":49}
{"timestamp":"2026-01-20T07:13:16.348Z","runId":94,"level":"info","phase":"preflight","action":"nullability_validation","status":"start"}
{"timestamp":"2026-01-20T07:13:16.350Z","runId":94,"level":"info","phase":"preflight","action":"nullability_validation","status":"passed"}
{"timestamp":"2026-01-20T07:13:16.374Z","runId":94,"level":"info","phase":"progress","status":"client_connected"}
{"timestamp":"2026-01-20T07:13:16.436Z","runId":94,"level":"info","phase":"plan_migrate","table":"spares_used","keyStrategy":"rekey","message":"Set dedupe keys to natural composite: job_number, lnr"}
{"timestamp":"2026-01-20T07:13:16.439Z","runId":94,"level":"info","phase":"preflight","action":"foreign_key_checks_disabled","original_state":true}
{"timestamp":"2026-01-20T07:13:16.538Z","runId":94,"level":"info","phase":"clean","tableName":"spares_used","tableRunId":118,"status":"start"}
{"timestamp":"2026-01-20T07:13:16.542Z","runId":94,"level":"info","phase":"clean","tableName":"spares_used","tableRunId":118,"status":"success","affectedRows":7,"durationMs":3}
{"timestamp":"2026-01-20T07:13:16.542Z","runId":94,"level":"info","phase":"table_start","tableName":"spares_used","tableRunId":118,"mode":"INSERT","keyStrategy":"rekey","dedupeKeys":["job_number","lnr"]}
{"timestamp":"2026-01-20T07:13:16.612Z","runId":94,"level":"info","phase":"fetch","tableName":"spares_used","tableRunId":118,"sourceRows":443}
{"timestamp":"2026-01-20T07:13:16.704Z","runId":94,"level":"debug","phase":"write","tableName":"spares_used","tableRunId":118,"status":"start","batchSize":443}
{"timestamp":"2026-01-20T07:13:16.707Z","runId":94,"level":"debug","phase":"deduplication","table":"spares_used","action":"row_skipped","dedupe_keys":["job_number","lnr"],"dedupe_values":[null,null],"reason":"duplicate_key"}
{"timestamp":"2026-01-20T07:13:16.708Z","runId":94,"level":"debug","phase":"deduplication","table":"spares_used","action":"row_skipped","dedupe_keys":["job_number","lnr"],"dedupe_values":[null,null],"reason":"duplicate_key"}
{"timestamp":"2026-01-20T07:13:16.708Z","runId":94,"level":"debug","phase":"deduplication","table":"spares_used","action":"row_skipped","dedupe_keys":["job_number","lnr"],"dedupe_values":[null,null],"reason":"duplicate_key"}
{"timestamp":"2026-01-20T07:13:16.708Z","runId":94,"level":"debug","phase":"deduplication","table":"spares_used","action":"row_skipped","dedupe_keys":["job_number","lnr"],"dedupe_values":[null,null],"reason":"duplicate_key"}
{"timestamp":"2026-01-20T07:13:16.709Z","runId":94,"level":"debug","phase":"deduplication","table":"spares_used","action":"row_skipped","dedupe_keys":["job_number","lnr"],"dedupe_values":[null,null],"reason":"duplicate_key"}
{"timestamp":"2026-01-20T07:13:16.709Z","runId":94,"level":"debug","phase":"deduplication","table":"spares_used","action":"row_skipped","dedupe_keys":["job_number","lnr"],"dedupe_values":[null,null],"reason":"duplicate_key"}
{"timestamp":"2026-01-20T07:13:16.709Z","runId":94,"level":"debug","phase":"deduplication","table":"spares_used","action":"row_skipped","dedupe_keys":["job_number","lnr"],"dedupe_values":[null,null],"reason":"duplicate_key"}
{"timestamp":"2026-01-20T07:13:16.709Z","runId":94,"level":"debug","phase":"deduplication","table":"spares_used","action":"row_skipped","dedupe_keys":["job_number","lnr"],"dedupe_values":[null,null],"reason":"duplicate_key"}
{"timestamp":"2026-01-20T07:13:16.710Z","runId":94,"level":"debug","phase":"deduplication","table":"spares_used","action":"row_skipped","dedupe_keys":["job_number","lnr"],"dedupe_values":[null,null],"reason":"duplicate_key"}
{"timestamp":"2026-01-20T07:13:16.710Z","runId":94,"level":"debug","phase":"deduplication","table":"spares_used","action":"row_skipped","dedupe_keys":["job_number","lnr"],"dedupe_values":[null,null],"reason":"duplicate_key"}
{"timestamp":"2026-01-20T07:13:16.710Z","runId":94,"level":"debug","phase":"deduplication","table":"spares_used","action":"row_skipped","dedupe_keys":["job_number","lnr"],"dedupe_values":[null,null],"reason":"duplicate_key"}
{"timestamp":"2026-01-20T07:13:16.710Z","runId":94,"level":"debug","phase":"deduplication","table":"spares_used","action":"row_skipped","dedupe_keys":["job_number","lnr"],"dedupe_values":[null,null],"reason":"duplicate_key"}
{"timestamp":"2026-01-20T07:13:16.711Z","runId":94,"level":"debug","phase":"deduplication","table":"spares_used","action":"row_skipped","dedupe_keys":["job_number","lnr"],"dedupe_values":[null,null],"reason":"duplicate_key"}
{"timestamp":"2026-01-20T07:13:16.711Z","runId":94,"level":"debug","phase":"deduplication","table":"spares_used","action":"row_skipped","dedupe_keys":["job_number","lnr"],"dedupe_values":[null,null],"reason":"duplicate_key"}
{"timestamp":"2026-01-20T07:13:16.711Z","runId":94,"level":"debug","phase":"deduplication","table":"spares_used","action":"row_skipped","dedupe_keys":["job_number","lnr"],"dedupe_values":[null,null],"reason":"duplicate_key"}
{"timestamp":"2026-01-20T07:13:16.711Z","runId":94,"level":"debug","phase":"deduplication","table":"spares_used","action":"row_skipped","dedupe_keys":["job_number","lnr"],"dedupe_values":[null,null],"reason":"duplicate_key"}
{"timestamp":"2026-01-20T07:13:16.711Z","runId":94,"level":"debug","phase":"deduplication","table":"spares_used","action":"row_skipped","dedupe_keys":["job_number","lnr"],"dedupe_values":[null,null],"reason":"duplicate_key"}
{"timestamp":"2026-01-20T07:13:16.712Z","runId":94,"level":"debug","phase":"deduplication","table":"spares_used","action":"row_skipped","dedupe_keys":["job_number","lnr"],"dedupe_values":[null,null],"reason":"duplicate_key"}
{"timestamp":"2026-01-20T07:13:16.712Z","runId":94,"level":"debug","phase":"deduplication","table":"spares_used","action":"row_skipped","dedupe_keys":["job_number","lnr"],"dedupe_values":[null,null],"reason":"duplicate_key"}
{"timestamp":"2026-01-20T07:13:16.712Z","runId":94,"level":"debug","phase":"deduplication","table":"spares_used","action":"row_skipped","dedupe_keys":["job_number","lnr"],"dedupe_values":[null,null],"reason":"duplicate_key"}
{"timestamp":"2026-01-20T07:13:16.712Z","runId":94,"level":"debug","phase":"deduplication","table":"spares_used","action":"row_skipped","dedupe_keys":["job_number","lnr"],"dedupe_values":[null,null],"reason":"duplicate_key"}
{"timestamp":"2026-01-20T07:13:16.713Z","runId":94,"level":"debug","phase":"deduplication","table":"spares_used","action":"row_skipped","dedupe_keys":["job_number","lnr"],"dedupe_values":[null,null],"reason":"duplicate_key"}
{"timestamp":"2026-01-20T07:13:16.713Z","runId":94,"level":"debug","phase":"deduplication","table":"spares_used","action":"row_skipped","dedupe_keys":["job_number","lnr"],"dedupe_values":[null,null],"reason":"duplicate_key"}
{"timestamp":"2026-01-20T07:13:16.713Z","runId":94,"level":"debug","phase":"deduplication","table":"spares_used","action":"row_skipped","dedupe_keys":["job_number","lnr"],"dedupe_values":[null,null],"reason":"duplicate_key"}
{"timestamp":"2026-01-20T07:13:16.713Z","runId":94,"level":"debug","phase":"deduplication","table":"spares_used","action":"row_skipped","dedupe_keys":["job_number","lnr"],"dedupe_values":[null,null],"reason":"duplicate_key"}
{"timestamp":"2026-01-20T07:13:16.713Z","runId":94,"level":"debug","phase":"deduplication","table":"spares_used","action":"row_skipped","dedupe_keys":["job_number","lnr"],"dedupe_values":[null,null],"reason":"duplicate_key"}
{"timestamp":"2026-01-20T07:13:16.713Z","runId":94,"level":"debug","phase":"deduplication","table":"spares_used","action":"row_skipped","dedupe_keys":["job_number","lnr"],"dedupe_values":[null,null],"reason":"duplicate_key"}
{"timestamp":"2026-01-20T07:13:16.714Z","runId":94,"level":"debug","phase":"deduplication","table":"spares_used","action":"row_skipped","dedupe_keys":["job_number","lnr"],"dedupe_values":[null,null],"reason":"duplicate_key"}
{"timestamp":"2026-01-20T07:13:16.714Z","runId":94,"level":"debug","phase":"deduplication","table":"spares_used","action":"row_skipped","dedupe_keys":["job_number","lnr"],"dedupe_values":[null,null],"reason":"duplicate_key"}
{"timestamp":"2026-01-20T07:13:16.714Z","runId":94,"level":"debug","phase":"deduplication","table":"spares_used","action":"row_skipped","dedupe_keys":["job_number","lnr"],"dedupe_values":[null,null],"reason":"duplicate_key"}
{"timestamp":"2026-01-20T07:13:16.714Z","runId":94,"level":"debug","phase":"deduplication","table":"spares_used","action":"row_skipped","dedupe_keys":["job_number","lnr"],"dedupe_values":[null,null],"reason":"duplicate_key"}
{"timestamp":"2026-01-20T07:13:16.714Z","runId":94,"level":"debug","phase":"deduplication","table":"spares_used","action":"row_skipped","dedupe_keys":["job_number","lnr"],"dedupe_values":[null,null],"reason":"duplicate_key"}
{"timestamp":"2026-01-20T07:13:16.715Z","runId":94,"level":"debug","phase":"deduplication","table":"spares_used","action":"row_skipped","dedupe_keys":["job_number","lnr"],"dedupe_values":[null,null],"reason":"duplicate_key"}
{"timestamp":"2026-01-20T07:13:16.715Z","runId":94,"level":"debug","phase":"deduplication","table":"spares_used","action":"row_skipped","dedupe_keys":["job_number","lnr"],"dedupe_values":[null,null],"reason":"duplicate_key"}
{"timestamp":"2026-01-20T07:13:16.715Z","runId":94,"level":"debug","phase":"deduplication","table":"spares_used","action":"row_skipped","dedupe_keys":["job_number","lnr"],"dedupe_values":[null,null],"reason":"duplicate_key"}
{"timestamp":"2026-01-20T07:13:16.715Z","runId":94,"level":"debug","phase":"deduplication","table":"spares_used","action":"row_skipped","dedupe_keys":["job_number","lnr"],"dedupe_values":[null,null],"reason":"duplicate_key"}
{"timestamp":"2026-01-20T07:13:16.715Z","runId":94,"level":"debug","phase":"deduplication","table":"spares_used","action":"row_skipped","dedupe_keys":["job_number","lnr"],"dedupe_values":[null,null],"reason":"duplicate_key"}
{"timestamp":"2026-01-20T07:13:16.715Z","runId":94,"level":"debug","phase":"deduplication","table":"spares_used","action":"row_skipped","dedupe_keys":["job_number","lnr"],"dedupe_values":[null,null],"reason":"duplicate_key"}
{"timestamp":"2026-01-20T07:13:16.716Z","runId":94,"level":"debug","phase":"deduplication","table":"spares_used","action":"row_skipped","dedupe_keys":["job_number","lnr"],"dedupe_values":[null,null],"reason":"duplicate_key"}
{"timestamp":"2026-01-20T07:13:16.716Z","runId":94,"level":"debug","phase":"deduplication","table":"spares_used","action":"row_skipped","dedupe_keys":["job_number","lnr"],"dedupe_values":[null,null],"reason":"duplicate_key"}
{"timestamp":"2026-01-20T07:13:16.716Z","runId":94,"level":"debug","phase":"deduplication","table":"spares_used","action":"row_skipped","dedupe_keys":["job_number","lnr"],"dedupe_values":[null,null],"reason":"duplicate_key"}
{"timestamp":"2026-01-20T07:13:16.716Z","runId":94,"level":"debug","phase":"deduplication","table":"spares_used","action":"row_skipped","dedupe_keys":["job_number","lnr"],"dedupe_values":[null,null],"reason":"duplicate_key"}
{"timestamp":"2026-01-20T07:13:16.716Z","runId":94,"level":"debug","phase":"deduplication","table":"spares_used","action":"row_skipped","dedupe_keys":["job_number","lnr"],"dedupe_values":[null,null],"reason":"duplicate_key"}
{"timestamp":"2026-01-20T07:13:16.717Z","runId":94,"level":"debug","phase":"deduplication","table":"spares_used","action":"row_skipped","dedupe_keys":["job_number","lnr"],"dedupe_values":[null,null],"reason":"duplicate_key"}
{"timestamp":"2026-01-20T07:13:16.717Z","runId":94,"level":"debug","phase":"deduplication","table":"spares_used","action":"row_skipped","dedupe_keys":["job_number","lnr"],"dedupe_values":[null,null],"reason":"duplicate_key"}
{"timestamp":"2026-01-20T07:13:16.717Z","runId":94,"level":"debug","phase":"deduplication","table":"spares_used","action":"row_skipped","dedupe_keys":["job_number","lnr"],"dedupe_values":[null,null],"reason":"duplicate_key"}
{"timestamp":"2026-01-20T07:13:16.717Z","runId":94,"level":"debug","phase":"deduplication","table":"spares_used","action":"row_skipped","dedupe_keys":["job_number","lnr"],"dedupe_values":[null,null],"reason":"duplicate_key"}
{"timestamp":"2026-01-20T07:13:16.718Z","runId":94,"level":"debug","phase":"deduplication","table":"spares_used","action":"row_skipped","dedupe_keys":["job_number","lnr"],"dedupe_values":[null,null],"reason":"duplicate_key"}
{"timestamp":"2026-01-20T07:13:16.718Z","runId":94,"level":"debug","phase":"deduplication","table":"spares_used","action":"row_skipped","dedupe_keys":["job_number","lnr"],"dedupe_values":[null,null],"reason":"duplicate_key"}
{"timestamp":"2026-01-20T07:13:16.718Z","runId":94,"level":"debug","phase":"deduplication","table":"spares_used","action":"row_skipped","dedupe_keys":["job_number","lnr"],"dedupe_values":[null,null],"reason":"duplicate_key"}
{"timestamp":"2026-01-20T07:13:16.718Z","runId":94,"level":"debug","phase":"deduplication","table":"spares_used","action":"row_skipped","dedupe_keys":["job_number","lnr"],"dedupe_values":[null,null],"reason":"duplicate_key"}
{"timestamp":"2026-01-20T07:13:16.719Z","runId":94,"level":"debug","phase":"deduplication","table":"spares_used","action":"row_skipped","dedupe_keys":["job_number","lnr"],"dedupe_values":[null,null],"reason":"duplicate_key"}
{"timestamp":"2026-01-20T07:13:16.719Z","runId":94,"level":"debug","phase":"deduplication","table":"spares_used","action":"row_skipped","dedupe_keys":["job_number","lnr"],"dedupe_values":[null,null],"reason":"duplicate_key"}
{"timestamp":"2026-01-20T07:13:16.719Z","runId":94,"level":"debug","phase":"deduplication","table":"spares_used","action":"row_skipped","dedupe_keys":["job_number","lnr"],"dedupe_values":[null,null],"reason":"duplicate_key"}
{"timestamp":"2026-01-20T07:13:16.719Z","runId":94,"level":"debug","phase":"deduplication","table":"spares_used","action":"row_skipped","dedupe_keys":["job_number","lnr"],"dedupe_values":[null,null],"reason":"duplicate_key"}
{"timestamp":"2026-01-20T07:13:16.719Z","runId":94,"level":"debug","phase":"deduplication","table":"spares_used","action":"row_skipped","dedupe_keys":["job_number","lnr"],"dedupe_values":[null,null],"reason":"duplicate_key"}
{"timestamp":"2026-01-20T07:13:16.719Z","runId":94,"level":"debug","phase":"deduplication","table":"spares_used","action":"row_skipped","dedupe_keys":["job_number","lnr"],"dedupe_values":[null,null],"reason":"duplicate_key"}
{"timestamp":"2026-01-20T07:13:16.719Z","runId":94,"level":"debug","phase":"deduplication","table":"spares_used","action":"row_skipped","dedupe_keys":["job_number","lnr"],"dedupe_values":[null,null],"reason":"duplicate_key"}
{"timestamp":"2026-01-20T07:13:16.720Z","runId":94,"level":"debug","phase":"deduplication","table":"spares_used","action":"row_skipped","dedupe_keys":["job_number","lnr"],"dedupe_values":[null,null],"reason":"duplicate_key"}
{"timestamp":"2026-01-20T07:13:16.720Z","runId":94,"level":"debug","phase":"deduplication","table":"spares_used","action":"row_skipped","dedupe_keys":["job_number","lnr"],"dedupe_values":[null,null],"reason":"duplicate_key"}
{"timestamp":"2026-01-20T07:13:16.720Z","runId":94,"level":"debug","phase":"deduplication","table":"spares_used","action":"row_skipped","dedupe_keys":["job_number","lnr"],"dedupe_values":[null,null],"reason":"duplicate_key"}
{"timestamp":"2026-01-20T07:13:16.720Z","runId":94,"level":"debug","phase":"deduplication","table":"spares_used","action":"row_skipped","dedupe_keys":["job_number","lnr"],"dedupe_values":[null,null],"reason":"duplicate_key"}
{"timestamp":"2026-01-20T07:13:16.720Z","runId":94,"level":"debug","phase":"deduplication","table":"spares_used","action":"row_skipped","dedupe_keys":["job_number","lnr"],"dedupe_values":[null,null],"reason":"duplicate_key"}
{"timestamp":"2026-01-20T07:13:16.720Z","runId":94,"level":"debug","phase":"deduplication","table":"spares_used","action":"row_skipped","dedupe_keys":["job_number","lnr"],"dedupe_values":[null,null],"reason":"duplicate_key"}
{"timestamp":"2026-01-20T07:13:16.721Z","runId":94,"level":"debug","phase":"deduplication","table":"spares_used","action":"row_skipped","dedupe_keys":["job_number","lnr"],"dedupe_values":[null,null],"reason":"duplicate_key"}
{"timestamp":"2026-01-20T07:13:16.721Z","runId":94,"level":"debug","phase":"deduplication","table":"spares_used","action":"row_skipped","dedupe_keys":["job_number","lnr"],"dedupe_values":[null,null],"reason":"duplicate_key"}
{"timestamp":"2026-01-20T07:13:16.721Z","runId":94,"level":"debug","phase":"deduplication","table":"spares_used","action":"row_skipped","dedupe_keys":["job_number","lnr"],"dedupe_values":[null,null],"reason":"duplicate_key"}
{"timestamp":"2026-01-20T07:13:16.721Z","runId":94,"level":"debug","phase":"deduplication","table":"spares_used","action":"row_skipped","dedupe_keys":["job_number","lnr"],"dedupe_values":[null,null],"reason":"duplicate_key"}
{"timestamp":"2026-01-20T07:13:16.721Z","runId":94,"level":"debug","phase":"deduplication","table":"spares_used","action":"row_skipped","dedupe_keys":["job_number","lnr"],"dedupe_values":[null,null],"reason":"duplicate_key"}
{"timestamp":"2026-01-20T07:13:16.721Z","runId":94,"level":"debug","phase":"deduplication","table":"spares_used","action":"row_skipped","dedupe_keys":["job_number","lnr"],"dedupe_values":[null,null],"reason":"duplicate_key"}
{"timestamp":"2026-01-20T07:13:16.721Z","runId":94,"level":"debug","phase":"deduplication","table":"spares_used","action":"row_skipped","dedupe_keys":["job_number","lnr"],"dedupe_values":[null,null],"reason":"duplicate_key"}
{"timestamp":"2026-01-20T07:13:16.721Z","runId":94,"level":"debug","phase":"deduplication","table":"spares_used","action":"row_skipped","dedupe_keys":["job_number","lnr"],"dedupe_values":[null,null],"reason":"duplicate_key"}
{"timestamp":"2026-01-20T07:13:16.722Z","runId":94,"level":"debug","phase":"deduplication","table":"spares_used","action":"row_skipped","dedupe_keys":["job_number","lnr"],"dedupe_values":[null,null],"reason":"duplicate_key"}
{"timestamp":"2026-01-20T07:13:16.722Z","runId":94,"level":"debug","phase":"deduplication","table":"spares_used","action":"row_skipped","dedupe_keys":["job_number","lnr"],"dedupe_values":[null,null],"reason":"duplicate_key"}
{"timestamp":"2026-01-20T07:13:16.722Z","runId":94,"level":"debug","phase":"deduplication","table":"spares_used","action":"row_skipped","dedupe_keys":["job_number","lnr"],"dedupe_values":[null,null],"reason":"duplicate_key"}
{"timestamp":"2026-01-20T07:13:16.722Z","runId":94,"level":"debug","phase":"deduplication","table":"spares_used","action":"row_skipped","dedupe_keys":["job_number","lnr"],"dedupe_values":[null,null],"reason":"duplicate_key"}
{"timestamp":"2026-01-20T07:13:16.723Z","runId":94,"level":"debug","phase":"deduplication","table":"spares_used","action":"row_skipped","dedupe_keys":["job_number","lnr"],"dedupe_values":[null,null],"reason":"duplicate_key"}
{"timestamp":"2026-01-20T07:13:16.723Z","runId":94,"level":"debug","phase":"deduplication","table":"spares_used","action":"row_skipped","dedupe_keys":["job_number","lnr"],"dedupe_values":[null,null],"reason":"duplicate_key"}
{"timestamp":"2026-01-20T07:13:16.723Z","runId":94,"level":"debug","phase":"deduplication","table":"spares_used","action":"row_skipped","dedupe_keys":["job_number","lnr"],"dedupe_values":[null,null],"reason":"duplicate_key"}
{"timestamp":"2026-01-20T07:13:16.723Z","runId":94,"level":"debug","phase":"deduplication","table":"spares_used","action":"row_skipped","dedupe_keys":["job_number","lnr"],"dedupe_values":[null,null],"reason":"duplicate_key"}
{"timestamp":"2026-01-20T07:13:16.723Z","runId":94,"level":"debug","phase":"deduplication","table":"spares_used","action":"row_skipped","dedupe_keys":["job_number","lnr"],"dedupe_values":[null,null],"reason":"duplicate_key"}
{"timestamp":"2026-01-20T07:13:16.723Z","runId":94,"level":"debug","phase":"deduplication","table":"spares_used","action":"row_skipped","dedupe_keys":["job_number","lnr"],"dedupe_values":[null,null],"reason":"duplicate_key"}
{"timestamp":"2026-01-20T07:13:16.723Z","runId":94,"level":"debug","phase":"deduplication","table":"spares_used","action":"row_skipped","dedupe_keys":["job_number","lnr"],"dedupe_values":[null,null],"reason":"duplicate_key"}
{"timestamp":"2026-01-20T07:13:16.723Z","runId":94,"level":"debug","phase":"deduplication","table":"spares_used","action":"row_skipped","dedupe_keys":["job_number","lnr"],"dedupe_values":[null,null],"reason":"duplicate_key"}
{"timestamp":"2026-01-20T07:13:16.724Z","runId":94,"level":"debug","phase":"deduplication","table":"spares_used","action":"row_skipped","dedupe_keys":["job_number","lnr"],"dedupe_values":[null,null],"reason":"duplicate_key"}
{"timestamp":"2026-01-20T07:13:16.724Z","runId":94,"level":"debug","phase":"deduplication","table":"spares_used","action":"row_skipped","dedupe_keys":["job_number","lnr"],"dedupe_values":[null,null],"reason":"duplicate_key"}
{"timestamp":"2026-01-20T07:13:16.724Z","runId":94,"level":"debug","phase":"deduplication","table":"spares_used","action":"row_skipped","dedupe_keys":["job_number","lnr"],"dedupe_values":[null,null],"reason":"duplicate_key"}
{"timestamp":"2026-01-20T07:13:16.724Z","runId":94,"level":"debug","phase":"deduplication","table":"spares_used","action":"row_skipped","dedupe_keys":["job_number","lnr"],"dedupe_values":[null,null],"reason":"duplicate_key"}
{"timestamp":"2026-01-20T07:13:16.724Z","runId":94,"level":"debug","phase":"deduplication","table":"spares_used","action":"row_skipped","dedupe_keys":["job_number","lnr"],"dedupe_values":[null,null],"reason":"duplicate_key"}
{"timestamp":"2026-01-20T07:13:16.724Z","runId":94,"level":"debug","phase":"deduplication","table":"spares_used","action":"row_skipped","dedupe_keys":["job_number","lnr"],"dedupe_values":[null,null],"reason":"duplicate_key"}
{"timestamp":"2026-01-20T07:13:16.724Z","runId":94,"level":"debug","phase":"deduplication","table":"spares_used","action":"row_skipped","dedupe_keys":["job_number","lnr"],"dedupe_values":[null,null],"reason":"duplicate_key"}
{"timestamp":"2026-01-20T07:13:16.724Z","runId":94,"level":"debug","phase":"deduplication","table":"spares_used","action":"row_skipped","dedupe_keys":["job_number","lnr"],"dedupe_values":[null,null],"reason":"duplicate_key"}
{"timestamp":"2026-01-20T07:13:16.725Z","runId":94,"level":"debug","phase":"deduplication","table":"spares_used","action":"row_skipped","dedupe_keys":["job_number","lnr"],"dedupe_values":[null,null],"reason":"duplicate_key"}
{"timestamp":"2026-01-20T07:13:16.725Z","runId":94,"level":"debug","phase":"deduplication","table":"spares_used","action":"row_skipped","dedupe_keys":["job_number","lnr"],"dedupe_values":[null,null],"reason":"duplicate_key"}
{"timestamp":"2026-01-20T07:13:16.725Z","runId":94,"level":"debug","phase":"deduplication","table":"spares_used","action":"row_skipped","dedupe_keys":["job_number","lnr"],"dedupe_values":[null,null],"reason":"duplicate_key"}
{"timestamp":"2026-01-20T07:13:16.725Z","runId":94,"level":"debug","phase":"deduplication","table":"spares_used","action":"row_skipped","dedupe_keys":["job_number","lnr"],"dedupe_values":[null,null],"reason":"duplicate_key"}
{"timestamp":"2026-01-20T07:13:16.725Z","runId":94,"level":"debug","phase":"deduplication","table":"spares_used","action":"row_skipped","dedupe_keys":["job_number","lnr"],"dedupe_values":[null,null],"reason":"duplicate_key"}
{"timestamp":"2026-01-20T07:13:16.725Z","runId":94,"level":"debug","phase":"deduplication","table":"spares_used","action":"row_skipped","dedupe_keys":["job_number","lnr"],"dedupe_values":[null,null],"reason":"duplicate_key"}
{"timestamp":"2026-01-20T07:13:16.725Z","runId":94,"level":"debug","phase":"deduplication","table":"spares_used","action":"row_skipped","dedupe_keys":["job_number","lnr"],"dedupe_values":[null,null],"reason":"duplicate_key"}
{"timestamp":"2026-01-20T07:13:16.726Z","runId":94,"level":"debug","phase":"deduplication","table":"spares_used","action":"row_skipped","dedupe_keys":["job_number","lnr"],"dedupe_values":[null,null],"reason":"duplicate_key"}
{"timestamp":"2026-01-20T07:13:16.726Z","runId":94,"level":"debug","phase":"deduplication","table":"spares_used","action":"row_skipped","dedupe_keys":["job_number","lnr"],"dedupe_values":[null,null],"reason":"duplicate_key"}
{"timestamp":"2026-01-20T07:13:16.726Z","runId":94,"level":"debug","phase":"deduplication","table":"spares_used","action":"row_skipped","dedupe_keys":["job_number","lnr"],"dedupe_values":[null,null],"reason":"duplicate_key"}
{"timestamp":"2026-01-20T07:13:16.726Z","runId":94,"level":"debug","phase":"deduplication","table":"spares_used","action":"row_skipped","dedupe_keys":["job_number","lnr"],"dedupe_values":[null,null],"reason":"duplicate_key"}
{"timestamp":"2026-01-20T07:13:16.726Z","runId":94,"level":"debug","phase":"deduplication","table":"spares_used","action":"row_skipped","dedupe_keys":["job_number","lnr"],"dedupe_values":[null,null],"reason":"duplicate_key"}
{"timestamp":"2026-01-20T07:13:16.726Z","runId":94,"level":"debug","phase":"deduplication","table":"spares_used","action":"row_skipped","dedupe_keys":["job_number","lnr"],"dedupe_values":[null,null],"reason":"duplicate_key"}
{"timestamp":"2026-01-20T07:13:16.727Z","runId":94,"level":"debug","phase":"deduplication","table":"spares_used","action":"row_skipped","dedupe_keys":["job_number","lnr"],"dedupe_values":[null,null],"reason":"duplicate_key"}
{"timestamp":"2026-01-20T07:13:16.727Z","runId":94,"level":"debug","phase":"deduplication","table":"spares_used","action":"row_skipped","dedupe_keys":["job_number","lnr"],"dedupe_values":[null,null],"reason":"duplicate_key"}
{"timestamp":"2026-01-20T07:13:16.727Z","runId":94,"level":"debug","phase":"deduplication","table":"spares_used","action":"row_skipped","dedupe_keys":["job_number","lnr"],"dedupe_values":[null,null],"reason":"duplicate_key"}
{"timestamp":"2026-01-20T07:13:16.727Z","runId":94,"level":"debug","phase":"deduplication","table":"spares_used","action":"row_skipped","dedupe_keys":["job_number","lnr"],"dedupe_values":[null,null],"reason":"duplicate_key"}
{"timestamp":"2026-01-20T07:13:16.727Z","runId":94,"level":"debug","phase":"deduplication","table":"spares_used","action":"row_skipped","dedupe_keys":["job_number","lnr"],"dedupe_values":[null,null],"reason":"duplicate_key"}
{"timestamp":"2026-01-20T07:13:16.727Z","runId":94,"level":"debug","phase":"deduplication","table":"spares_used","action":"row_skipped","dedupe_keys":["job_number","lnr"],"dedupe_values":[null,null],"reason":"duplicate_key"}
{"timestamp":"2026-01-20T07:13:16.728Z","runId":94,"level":"debug","phase":"deduplication","table":"spares_used","action":"row_skipped","dedupe_keys":["job_number","lnr"],"dedupe_values":[null,null],"reason":"duplicate_key"}
{"timestamp":"2026-01-20T07:13:16.728Z","runId":94,"level":"debug","phase":"deduplication","table":"spares_used","action":"row_skipped","dedupe_keys":["job_number","lnr"],"dedupe_values":[null,null],"reason":"duplicate_key"}
{"timestamp":"2026-01-20T07:13:16.728Z","runId":94,"level":"debug","phase":"deduplication","table":"spares_used","action":"row_skipped","dedupe_keys":["job_number","lnr"],"dedupe_values":[null,null],"reason":"duplicate_key"}
{"timestamp":"2026-01-20T07:13:16.728Z","runId":94,"level":"debug","phase":"deduplication","table":"spares_used","action":"row_skipped","dedupe_keys":["job_number","lnr"],"dedupe_values":[null,null],"reason":"duplicate_key"}
{"timestamp":"2026-01-20T07:13:16.728Z","runId":94,"level":"debug","phase":"deduplication","table":"spares_used","action":"row_skipped","dedupe_keys":["job_number","lnr"],"dedupe_values":[null,null],"reason":"duplicate_key"}
{"timestamp":"2026-01-20T07:13:16.728Z","runId":94,"level":"debug","phase":"deduplication","table":"spares_used","action":"row_skipped","dedupe_keys":["job_number","lnr"],"dedupe_values":[null,null],"reason":"duplicate_key"}
{"timestamp":"2026-01-20T07:13:16.729Z","runId":94,"level":"debug","phase":"deduplication","table":"spares_used","action":"row_skipped","dedupe_keys":["job_number","lnr"],"dedupe_values":[null,null],"reason":"duplicate_key"}
{"timestamp":"2026-01-20T07:13:16.729Z","runId":94,"level":"debug","phase":"deduplication","table":"spares_used","action":"row_skipped","dedupe_keys":["job_number","lnr"],"dedupe_values":[null,null],"reason":"duplicate_key"}
{"timestamp":"2026-01-20T07:13:16.729Z","runId":94,"level":"debug","phase":"deduplication","table":"spares_used","action":"row_skipped","dedupe_keys":["job_number","lnr"],"dedupe_values":[null,null],"reason":"duplicate_key"}
{"timestamp":"2026-01-20T07:13:16.729Z","runId":94,"level":"debug","phase":"deduplication","table":"spares_used","action":"row_skipped","dedupe_keys":["job_number","lnr"],"dedupe_values":[null,null],"reason":"duplicate_key"}
{"timestamp":"2026-01-20T07:13:16.729Z","runId":94,"level":"debug","phase":"deduplication","table":"spares_used","action":"row_skipped","dedupe_keys":["job_number","lnr"],"dedupe_values":[null,null],"reason":"duplicate_key"}
{"timestamp":"2026-01-20T07:13:16.729Z","runId":94,"level":"debug","phase":"deduplication","table":"spares_used","action":"row_skipped","dedupe_keys":["job_number","lnr"],"dedupe_values":[null,null],"reason":"duplicate_key"}
{"timestamp":"2026-01-20T07:13:16.729Z","runId":94,"level":"debug","phase":"deduplication","table":"spares_used","action":"row_skipped","dedupe_keys":["job_number","lnr"],"dedupe_values":[null,null],"reason":"duplicate_key"}
{"timestamp":"2026-01-20T07:13:16.729Z","runId":94,"level":"debug","phase":"deduplication","table":"spares_used","action":"row_skipped","dedupe_keys":["job_number","lnr"],"dedupe_values":[null,null],"reason":"duplicate_key"}
{"timestamp":"2026-01-20T07:13:16.730Z","runId":94,"level":"debug","phase":"deduplication","table":"spares_used","action":"row_skipped","dedupe_keys":["job_number","lnr"],"dedupe_values":[null,null],"reason":"duplicate_key"}
{"timestamp":"2026-01-20T07:13:16.730Z","runId":94,"level":"debug","phase":"deduplication","table":"spares_used","action":"row_skipped","dedupe_keys":["job_number","lnr"],"dedupe_values":[null,null],"reason":"duplicate_key"}
{"timestamp":"2026-01-20T07:13:16.730Z","runId":94,"level":"debug","phase":"deduplication","table":"spares_used","action":"row_skipped","dedupe_keys":["job_number","lnr"],"dedupe_values":[null,null],"reason":"duplicate_key"}
{"timestamp":"2026-01-20T07:13:16.730Z","runId":94,"level":"debug","phase":"deduplication","table":"spares_used","action":"row_skipped","dedupe_keys":["job_number","lnr"],"dedupe_values":[null,null],"reason":"duplicate_key"}
{"timestamp":"2026-01-20T07:13:16.730Z","runId":94,"level":"debug","phase":"deduplication","table":"spares_used","action":"row_skipped","dedupe_keys":["job_number","lnr"],"dedupe_values":[null,null],"reason":"duplicate_key"}
{"timestamp":"2026-01-20T07:13:16.730Z","runId":94,"level":"debug","phase":"deduplication","table":"spares_used","action":"row_skipped","dedupe_keys":["job_number","lnr"],"dedupe_values":[null,null],"reason":"duplicate_key"}
{"timestamp":"2026-01-20T07:13:16.731Z","runId":94,"level":"debug","phase":"deduplication","table":"spares_used","action":"row_skipped","dedupe_keys":["job_number","lnr"],"dedupe_values":[null,null],"reason":"duplicate_key"}
{"timestamp":"2026-01-20T07:13:16.731Z","runId":94,"level":"debug","phase":"deduplication","table":"spares_used","action":"row_skipped","dedupe_keys":["job_number","lnr"],"dedupe_values":[null,null],"reason":"duplicate_key"}
{"timestamp":"2026-01-20T07:13:16.731Z","runId":94,"level":"debug","phase":"deduplication","table":"spares_used","action":"row_skipped","dedupe_keys":["job_number","lnr"],"dedupe_values":[null,null],"reason":"duplicate_key"}
{"timestamp":"2026-01-20T07:13:16.731Z","runId":94,"level":"debug","phase":"deduplication","table":"spares_used","action":"row_skipped","dedupe_keys":["job_number","lnr"],"dedupe_values":[null,null],"reason":"duplicate_key"}
{"timestamp":"2026-01-20T07:13:16.731Z","runId":94,"level":"debug","phase":"deduplication","table":"spares_used","action":"row_skipped","dedupe_keys":["job_number","lnr"],"dedupe_values":[null,null],"reason":"duplicate_key"}
{"timestamp":"2026-01-20T07:13:16.731Z","runId":94,"level":"debug","phase":"deduplication","table":"spares_used","action":"row_skipped","dedupe_keys":["job_number","lnr"],"dedupe_values":[null,null],"reason":"duplicate_key"}
{"timestamp":"2026-01-20T07:13:16.731Z","runId":94,"level":"debug","phase":"deduplication","table":"spares_used","action":"row_skipped","dedupe_keys":["job_number","lnr"],"dedupe_values":[null,null],"reason":"duplicate_key"}
{"timestamp":"2026-01-20T07:13:16.732Z","runId":94,"level":"debug","phase":"deduplication","table":"spares_used","action":"row_skipped","dedupe_keys":["job_number","lnr"],"dedupe_values":[null,null],"reason":"duplicate_key"}
{"timestamp":"2026-01-20T07:13:16.732Z","runId":94,"level":"debug","phase":"deduplication","table":"spares_used","action":"row_skipped","dedupe_keys":["job_number","lnr"],"dedupe_values":[null,null],"reason":"duplicate_key"}
{"timestamp":"2026-01-20T07:13:16.732Z","runId":94,"level":"debug","phase":"deduplication","table":"spares_used","action":"row_skipped","dedupe_keys":["job_number","lnr"],"dedupe_values":[null,null],"reason":"duplicate_key"}
{"timestamp":"2026-01-20T07:13:16.732Z","runId":94,"level":"debug","phase":"deduplication","table":"spares_used","action":"row_skipped","dedupe_keys":["job_number","lnr"],"dedupe_values":[null,null],"reason":"duplicate_key"}
{"timestamp":"2026-01-20T07:13:16.732Z","runId":94,"level":"debug","phase":"deduplication","table":"spares_used","action":"row_skipped","dedupe_keys":["job_number","lnr"],"dedupe_values":[null,null],"reason":"duplicate_key"}
{"timestamp":"2026-01-20T07:13:16.732Z","runId":94,"level":"debug","phase":"deduplication","table":"spares_used","action":"row_skipped","dedupe_keys":["job_number","lnr"],"dedupe_values":[null,null],"reason":"duplicate_key"}
{"timestamp":"2026-01-20T07:13:16.732Z","runId":94,"level":"debug","phase":"deduplication","table":"spares_used","action":"row_skipped","dedupe_keys":["job_number","lnr"],"dedupe_values":[null,null],"reason":"duplicate_key"}
{"timestamp":"2026-01-20T07:13:16.733Z","runId":94,"level":"debug","phase":"deduplication","table":"spares_used","action":"row_skipped","dedupe_keys":["job_number","lnr"],"dedupe_values":[null,null],"reason":"duplicate_key"}
{"timestamp":"2026-01-20T07:13:16.733Z","runId":94,"level":"debug","phase":"deduplication","table":"spares_used","action":"row_skipped","dedupe_keys":["job_number","lnr"],"dedupe_values":[null,null],"reason":"duplicate_key"}
{"timestamp":"2026-01-20T07:13:16.733Z","runId":94,"level":"debug","phase":"deduplication","table":"spares_used","action":"row_skipped","dedupe_keys":["job_number","lnr"],"dedupe_values":[null,null],"reason":"duplicate_key"}
{"timestamp":"2026-01-20T07:13:16.733Z","runId":94,"level":"debug","phase":"deduplication","table":"spares_used","action":"row_skipped","dedupe_keys":["job_number","lnr"],"dedupe_values":[null,null],"reason":"duplicate_key"}
{"timestamp":"2026-01-20T07:13:16.733Z","runId":94,"level":"debug","phase":"deduplication","table":"spares_used","action":"row_skipped","dedupe_keys":["job_number","lnr"],"dedupe_values":[null,null],"reason":"duplicate_key"}
{"timestamp":"2026-01-20T07:13:16.733Z","runId":94,"level":"debug","phase":"deduplication","table":"spares_used","action":"row_skipped","dedupe_keys":["job_number","lnr"],"dedupe_values":[null,null],"reason":"duplicate_key"}
{"timestamp":"2026-01-20T07:13:16.734Z","runId":94,"level":"debug","phase":"deduplication","table":"spares_used","action":"row_skipped","dedupe_keys":["job_number","lnr"],"dedupe_values":[null,null],"reason":"duplicate_key"}
{"timestamp":"2026-01-20T07:13:16.734Z","runId":94,"level":"debug","phase":"deduplication","table":"spares_used","action":"row_skipped","dedupe_keys":["job_number","lnr"],"dedupe_values":[null,null],"reason":"duplicate_key"}
{"timestamp":"2026-01-20T07:13:16.734Z","runId":94,"level":"debug","phase":"deduplication","table":"spares_used","action":"row_skipped","dedupe_keys":["job_number","lnr"],"dedupe_values":[null,null],"reason":"duplicate_key"}
{"timestamp":"2026-01-20T07:13:16.734Z","runId":94,"level":"debug","phase":"deduplication","table":"spares_used","action":"row_skipped","dedupe_keys":["job_number","lnr"],"dedupe_values":[null,null],"reason":"duplicate_key"}
{"timestamp":"2026-01-20T07:13:16.734Z","runId":94,"level":"debug","phase":"deduplication","table":"spares_used","action":"row_skipped","dedupe_keys":["job_number","lnr"],"dedupe_values":[null,null],"reason":"duplicate_key"}
{"timestamp":"2026-01-20T07:13:16.734Z","runId":94,"level":"debug","phase":"deduplication","table":"spares_used","action":"row_skipped","dedupe_keys":["job_number","lnr"],"dedupe_values":[null,null],"reason":"duplicate_key"}
{"timestamp":"2026-01-20T07:13:16.735Z","runId":94,"level":"debug","phase":"deduplication","table":"spares_used","action":"row_skipped","dedupe_keys":["job_number","lnr"],"dedupe_values":[null,null],"reason":"duplicate_key"}
{"timestamp":"2026-01-20T07:13:16.735Z","runId":94,"level":"debug","phase":"deduplication","table":"spares_used","action":"row_skipped","dedupe_keys":["job_number","lnr"],"dedupe_values":[null,null],"reason":"duplicate_key"}
{"timestamp":"2026-01-20T07:13:16.735Z","runId":94,"level":"debug","phase":"deduplication","table":"spares_used","action":"row_skipped","dedupe_keys":["job_number","lnr"],"dedupe_values":[null,null],"reason":"duplicate_key"}
{"timestamp":"2026-01-20T07:13:16.735Z","runId":94,"level":"debug","phase":"deduplication","table":"spares_used","action":"row_skipped","dedupe_keys":["job_number","lnr"],"dedupe_values":[null,null],"reason":"duplicate_key"}
{"timestamp":"2026-01-20T07:13:16.735Z","runId":94,"level":"debug","phase":"deduplication","table":"spares_used","action":"row_skipped","dedupe_keys":["job_number","lnr"],"dedupe_values":[null,null],"reason":"duplicate_key"}
{"timestamp":"2026-01-20T07:13:16.735Z","runId":94,"level":"debug","phase":"deduplication","table":"spares_used","action":"row_skipped","dedupe_keys":["job_number","lnr"],"dedupe_values":[null,null],"reason":"duplicate_key"}
{"timestamp":"2026-01-20T07:13:16.735Z","runId":94,"level":"debug","phase":"deduplication","table":"spares_used","action":"row_skipped","dedupe_keys":["job_number","lnr"],"dedupe_values":[null,null],"reason":"duplicate_key"}
{"timestamp":"2026-01-20T07:13:16.735Z","runId":94,"level":"debug","phase":"deduplication","table":"spares_used","action":"row_skipped","dedupe_keys":["job_number","lnr"],"dedupe_values":[null,null],"reason":"duplicate_key"}
{"timestamp":"2026-01-20T07:13:16.736Z","runId":94,"level":"debug","phase":"deduplication","table":"spares_used","action":"row_skipped","dedupe_keys":["job_number","lnr"],"dedupe_values":[null,null],"reason":"duplicate_key"}
{"timestamp":"2026-01-20T07:13:16.736Z","runId":94,"level":"debug","phase":"deduplication","table":"spares_used","action":"row_skipped","dedupe_keys":["job_number","lnr"],"dedupe_values":[null,null],"reason":"duplicate_key"}
{"timestamp":"2026-01-20T07:13:16.736Z","runId":94,"level":"debug","phase":"deduplication","table":"spares_used","action":"row_skipped","dedupe_keys":["job_number","lnr"],"dedupe_values":[null,null],"reason":"duplicate_key"}
{"timestamp":"2026-01-20T07:13:16.736Z","runId":94,"level":"debug","phase":"deduplication","table":"spares_used","action":"row_skipped","dedupe_keys":["job_number","lnr"],"dedupe_values":[null,null],"reason":"duplicate_key"}
{"timestamp":"2026-01-20T07:13:16.736Z","runId":94,"level":"debug","phase":"deduplication","table":"spares_used","action":"row_skipped","dedupe_keys":["job_number","lnr"],"dedupe_values":[null,null],"reason":"duplicate_key"}
{"timestamp":"2026-01-20T07:13:16.736Z","runId":94,"level":"debug","phase":"deduplication","table":"spares_used","action":"row_skipped","dedupe_keys":["job_number","lnr"],"dedupe_values":[null,null],"reason":"duplicate_key"}
{"timestamp":"2026-01-20T07:13:16.736Z","runId":94,"level":"debug","phase":"deduplication","table":"spares_used","action":"row_skipped","dedupe_keys":["job_number","lnr"],"dedupe_values":[null,null],"reason":"duplicate_key"}
{"timestamp":"2026-01-20T07:13:16.737Z","runId":94,"level":"debug","phase":"deduplication","table":"spares_used","action":"row_skipped","dedupe_keys":["job_number","lnr"],"dedupe_values":[null,null],"reason":"duplicate_key"}
{"timestamp":"2026-01-20T07:13:16.737Z","runId":94,"level":"debug","phase":"deduplication","table":"spares_used","action":"row_skipped","dedupe_keys":["job_number","lnr"],"dedupe_values":[null,null],"reason":"duplicate_key"}
{"timestamp":"2026-01-20T07:13:16.737Z","runId":94,"level":"debug","phase":"deduplication","table":"spares_used","action":"row_skipped","dedupe_keys":["job_number","lnr"],"dedupe_values":[null,null],"reason":"duplicate_key"}
{"timestamp":"2026-01-20T07:13:16.737Z","runId":94,"level":"debug","phase":"deduplication","table":"spares_used","action":"row_skipped","dedupe_keys":["job_number","lnr"],"dedupe_values":[null,null],"reason":"duplicate_key"}
{"timestamp":"2026-01-20T07:13:16.737Z","runId":94,"level":"debug","phase":"deduplication","table":"spares_used","action":"row_skipped","dedupe_keys":["job_number","lnr"],"dedupe_values":[null,null],"reason":"duplicate_key"}
{"timestamp":"2026-01-20T07:13:16.737Z","runId":94,"level":"debug","phase":"deduplication","table":"spares_used","action":"row_skipped","dedupe_keys":["job_number","lnr"],"dedupe_values":[null,null],"reason":"duplicate_key"}
{"timestamp":"2026-01-20T07:13:16.737Z","runId":94,"level":"debug","phase":"deduplication","table":"spares_used","action":"row_skipped","dedupe_keys":["job_number","lnr"],"dedupe_values":[null,null],"reason":"duplicate_key"}
{"timestamp":"2026-01-20T07:13:16.738Z","runId":94,"level":"debug","phase":"deduplication","table":"spares_used","action":"row_skipped","dedupe_keys":["job_number","lnr"],"dedupe_values":[null,null],"reason":"duplicate_key"}
{"timestamp":"2026-01-20T07:13:16.738Z","runId":94,"level":"debug","phase":"deduplication","table":"spares_used","action":"row_skipped","dedupe_keys":["job_number","lnr"],"dedupe_values":[null,null],"reason":"duplicate_key"}
{"timestamp":"2026-01-20T07:13:16.738Z","runId":94,"level":"debug","phase":"deduplication","table":"spares_used","action":"row_skipped","dedupe_keys":["job_number","lnr"],"dedupe_values":[null,null],"reason":"duplicate_key"}
{"timestamp":"2026-01-20T07:13:16.738Z","runId":94,"level":"debug","phase":"deduplication","table":"spares_used","action":"row_skipped","dedupe_keys":["job_number","lnr"],"dedupe_values":[null,null],"reason":"duplicate_key"}
{"timestamp":"2026-01-20T07:13:16.738Z","runId":94,"level":"debug","phase":"deduplication","table":"spares_used","action":"row_skipped","dedupe_keys":["job_number","lnr"],"dedupe_values":[null,null],"reason":"duplicate_key"}
{"timestamp":"2026-01-20T07:13:16.738Z","runId":94,"level":"debug","phase":"deduplication","table":"spares_used","action":"row_skipped","dedupe_keys":["job_number","lnr"],"dedupe_values":[null,null],"reason":"duplicate_key"}
{"timestamp":"2026-01-20T07:13:16.739Z","runId":94,"level":"debug","phase":"deduplication","table":"spares_used","action":"row_skipped","dedupe_keys":["job_number","lnr"],"dedupe_values":[null,null],"reason":"duplicate_key"}
{"timestamp":"2026-01-20T07:13:16.739Z","runId":94,"level":"debug","phase":"deduplication","table":"spares_used","action":"row_skipped","dedupe_keys":["job_number","lnr"],"dedupe_values":[null,null],"reason":"duplicate_key"}
{"timestamp":"2026-01-20T07:13:16.739Z","runId":94,"level":"debug","phase":"deduplication","table":"spares_used","action":"row_skipped","dedupe_keys":["job_number","lnr"],"dedupe_values":[null,null],"reason":"duplicate_key"}
{"timestamp":"2026-01-20T07:13:16.739Z","runId":94,"level":"debug","phase":"deduplication","table":"spares_used","action":"row_skipped","dedupe_keys":["job_number","lnr"],"dedupe_values":[null,null],"reason":"duplicate_key"}
{"timestamp":"2026-01-20T07:13:16.739Z","runId":94,"level":"debug","phase":"deduplication","table":"spares_used","action":"row_skipped","dedupe_keys":["job_number","lnr"],"dedupe_values":[null,null],"reason":"duplicate_key"}
{"timestamp":"2026-01-20T07:13:16.739Z","runId":94,"level":"debug","phase":"deduplication","table":"spares_used","action":"row_skipped","dedupe_keys":["job_number","lnr"],"dedupe_values":[null,null],"reason":"duplicate_key"}
{"timestamp":"2026-01-20T07:13:16.739Z","runId":94,"level":"debug","phase":"deduplication","table":"spares_used","action":"row_skipped","dedupe_keys":["job_number","lnr"],"dedupe_values":[null,null],"reason":"duplicate_key"}
{"timestamp":"2026-01-20T07:13:16.740Z","runId":94,"level":"debug","phase":"deduplication","table":"spares_used","action":"row_skipped","dedupe_keys":["job_number","lnr"],"dedupe_values":[null,null],"reason":"duplicate_key"}
{"timestamp":"2026-01-20T07:13:16.740Z","runId":94,"level":"debug","phase":"deduplication","table":"spares_used","action":"row_skipped","dedupe_keys":["job_number","lnr"],"dedupe_values":[null,null],"reason":"duplicate_key"}
{"timestamp":"2026-01-20T07:13:16.740Z","runId":94,"level":"debug","phase":"deduplication","table":"spares_used","action":"row_skipped","dedupe_keys":["job_number","lnr"],"dedupe_values":[null,null],"reason":"duplicate_key"}
{"timestamp":"2026-01-20T07:13:16.740Z","runId":94,"level":"debug","phase":"deduplication","table":"spares_used","action":"row_skipped","dedupe_keys":["job_number","lnr"],"dedupe_values":[null,null],"reason":"duplicate_key"}
{"timestamp":"2026-01-20T07:13:16.740Z","runId":94,"level":"debug","phase":"deduplication","table":"spares_used","action":"row_skipped","dedupe_keys":["job_number","lnr"],"dedupe_values":[null,null],"reason":"duplicate_key"}
{"timestamp":"2026-01-20T07:13:16.740Z","runId":94,"level":"debug","phase":"deduplication","table":"spares_used","action":"row_skipped","dedupe_keys":["job_number","lnr"],"dedupe_values":[null,null],"reason":"duplicate_key"}
{"timestamp":"2026-01-20T07:13:16.740Z","runId":94,"level":"debug","phase":"deduplication","table":"spares_used","action":"row_skipped","dedupe_keys":["job_number","lnr"],"dedupe_values":[null,null],"reason":"duplicate_key"}
{"timestamp":"2026-01-20T07:13:16.741Z","runId":94,"level":"debug","phase":"deduplication","table":"spares_used","action":"row_skipped","dedupe_keys":["job_number","lnr"],"dedupe_values":[null,null],"reason":"duplicate_key"}
{"timestamp":"2026-01-20T07:13:16.741Z","runId":94,"level":"debug","phase":"deduplication","table":"spares_used","action":"row_skipped","dedupe_keys":["job_number","lnr"],"dedupe_values":[null,null],"reason":"duplicate_key"}
{"timestamp":"2026-01-20T07:13:16.741Z","runId":94,"level":"debug","phase":"deduplication","table":"spares_used","action":"row_skipped","dedupe_keys":["job_number","lnr"],"dedupe_values":[null,null],"reason":"duplicate_key"}
{"timestamp":"2026-01-20T07:13:16.741Z","runId":94,"level":"debug","phase":"deduplication","table":"spares_used","action":"row_skipped","dedupe_keys":["job_number","lnr"],"dedupe_values":[null,null],"reason":"duplicate_key"}
{"timestamp":"2026-01-20T07:13:16.741Z","runId":94,"level":"debug","phase":"deduplication","table":"spares_used","action":"row_skipped","dedupe_keys":["job_number","lnr"],"dedupe_values":[null,null],"reason":"duplicate_key"}
{"timestamp":"2026-01-20T07:13:16.741Z","runId":94,"level":"debug","phase":"deduplication","table":"spares_used","action":"row_skipped","dedupe_keys":["job_number","lnr"],"dedupe_values":[null,null],"reason":"duplicate_key"}
{"timestamp":"2026-01-20T07:13:16.742Z","runId":94,"level":"debug","phase":"deduplication","table":"spares_used","action":"row_skipped","dedupe_keys":["job_number","lnr"],"dedupe_values":[null,null],"reason":"duplicate_key"}
{"timestamp":"2026-01-20T07:13:16.742Z","runId":94,"level":"debug","phase":"deduplication","table":"spares_used","action":"row_skipped","dedupe_keys":["job_number","lnr"],"dedupe_values":[null,null],"reason":"duplicate_key"}
{"timestamp":"2026-01-20T07:13:16.742Z","runId":94,"level":"debug","phase":"deduplication","table":"spares_used","action":"row_skipped","dedupe_keys":["job_number","lnr"],"dedupe_values":[null,null],"reason":"duplicate_key"}
{"timestamp":"2026-01-20T07:13:16.742Z","runId":94,"level":"debug","phase":"deduplication","table":"spares_used","action":"row_skipped","dedupe_keys":["job_number","lnr"],"dedupe_values":[null,null],"reason":"duplicate_key"}
{"timestamp":"2026-01-20T07:13:16.742Z","runId":94,"level":"debug","phase":"deduplication","table":"spares_used","action":"row_skipped","dedupe_keys":["job_number","lnr"],"dedupe_values":[null,null],"reason":"duplicate_key"}
{"timestamp":"2026-01-20T07:13:16.742Z","runId":94,"level":"debug","phase":"deduplication","table":"spares_used","action":"row_skipped","dedupe_keys":["job_number","lnr"],"dedupe_values":[null,null],"reason":"duplicate_key"}
{"timestamp":"2026-01-20T07:13:16.743Z","runId":94,"level":"debug","phase":"deduplication","table":"spares_used","action":"row_skipped","dedupe_keys":["job_number","lnr"],"dedupe_values":[null,null],"reason":"duplicate_key"}
{"timestamp":"2026-01-20T07:13:16.743Z","runId":94,"level":"debug","phase":"deduplication","table":"spares_used","action":"row_skipped","dedupe_keys":["job_number","lnr"],"dedupe_values":[null,null],"reason":"duplicate_key"}
{"timestamp":"2026-01-20T07:13:16.743Z","runId":94,"level":"debug","phase":"deduplication","table":"spares_used","action":"row_skipped","dedupe_keys":["job_number","lnr"],"dedupe_values":[null,null],"reason":"duplicate_key"}
{"timestamp":"2026-01-20T07:13:16.743Z","runId":94,"level":"debug","phase":"deduplication","table":"spares_used","action":"row_skipped","dedupe_keys":["job_number","lnr"],"dedupe_values":[null,null],"reason":"duplicate_key"}
{"timestamp":"2026-01-20T07:13:16.743Z","runId":94,"level":"debug","phase":"deduplication","table":"spares_used","action":"row_skipped","dedupe_keys":["job_number","lnr"],"dedupe_values":[null,null],"reason":"duplicate_key"}
{"timestamp":"2026-01-20T07:13:16.743Z","runId":94,"level":"debug","phase":"deduplication","table":"spares_used","action":"row_skipped","dedupe_keys":["job_number","lnr"],"dedupe_values":[null,null],"reason":"duplicate_key"}
{"timestamp":"2026-01-20T07:13:16.743Z","runId":94,"level":"debug","phase":"deduplication","table":"spares_used","action":"row_skipped","dedupe_keys":["job_number","lnr"],"dedupe_values":[null,null],"reason":"duplicate_key"}
{"timestamp":"2026-01-20T07:13:16.744Z","runId":94,"level":"debug","phase":"deduplication","table":"spares_used","action":"row_skipped","dedupe_keys":["job_number","lnr"],"dedupe_values":[null,null],"reason":"duplicate_key"}
{"timestamp":"2026-01-20T07:13:16.744Z","runId":94,"level":"debug","phase":"deduplication","table":"spares_used","action":"row_skipped","dedupe_keys":["job_number","lnr"],"dedupe_values":[null,null],"reason":"duplicate_key"}
{"timestamp":"2026-01-20T07:13:16.744Z","runId":94,"level":"debug","phase":"deduplication","table":"spares_used","action":"row_skipped","dedupe_keys":["job_number","lnr"],"dedupe_values":[null,null],"reason":"duplicate_key"}
{"timestamp":"2026-01-20T07:13:16.744Z","runId":94,"level":"debug","phase":"deduplication","table":"spares_used","action":"row_skipped","dedupe_keys":["job_number","lnr"],"dedupe_values":[null,null],"reason":"duplicate_key"}
{"timestamp":"2026-01-20T07:13:16.744Z","runId":94,"level":"debug","phase":"deduplication","table":"spares_used","action":"row_skipped","dedupe_keys":["job_number","lnr"],"dedupe_values":[null,null],"reason":"duplicate_key"}
{"timestamp":"2026-01-20T07:13:16.744Z","runId":94,"level":"debug","phase":"deduplication","table":"spares_used","action":"row_skipped","dedupe_keys":["job_number","lnr"],"dedupe_values":[null,null],"reason":"duplicate_key"}
{"timestamp":"2026-01-20T07:13:16.744Z","runId":94,"level":"debug","phase":"deduplication","table":"spares_used","action":"row_skipped","dedupe_keys":["job_number","lnr"],"dedupe_values":[null,null],"reason":"duplicate_key"}
{"timestamp":"2026-01-20T07:13:16.745Z","runId":94,"level":"debug","phase":"deduplication","table":"spares_used","action":"row_skipped","dedupe_keys":["job_number","lnr"],"dedupe_values":[null,null],"reason":"duplicate_key"}
{"timestamp":"2026-01-20T07:13:16.745Z","runId":94,"level":"debug","phase":"deduplication","table":"spares_used","action":"row_skipped","dedupe_keys":["job_number","lnr"],"dedupe_values":[null,null],"reason":"duplicate_key"}
{"timestamp":"2026-01-20T07:13:16.745Z","runId":94,"level":"debug","phase":"deduplication","table":"spares_used","action":"row_skipped","dedupe_keys":["job_number","lnr"],"dedupe_values":[null,null],"reason":"duplicate_key"}
{"timestamp":"2026-01-20T07:13:16.745Z","runId":94,"level":"debug","phase":"deduplication","table":"spares_used","action":"row_skipped","dedupe_keys":["job_number","lnr"],"dedupe_values":[null,null],"reason":"duplicate_key"}
{"timestamp":"2026-01-20T07:13:16.745Z","runId":94,"level":"debug","phase":"deduplication","table":"spares_used","action":"row_skipped","dedupe_keys":["job_number","lnr"],"dedupe_values":[null,null],"reason":"duplicate_key"}
{"timestamp":"2026-01-20T07:13:16.745Z","runId":94,"level":"debug","phase":"deduplication","table":"spares_used","action":"row_skipped","dedupe_keys":["job_number","lnr"],"dedupe_values":[null,null],"reason":"duplicate_key"}
{"timestamp":"2026-01-20T07:13:16.745Z","runId":94,"level":"debug","phase":"deduplication","table":"spares_used","action":"row_skipped","dedupe_keys":["job_number","lnr"],"dedupe_values":[null,null],"reason":"duplicate_key"}
{"timestamp":"2026-01-20T07:13:16.746Z","runId":94,"level":"debug","phase":"deduplication","table":"spares_used","action":"row_skipped","dedupe_keys":["job_number","lnr"],"dedupe_values":[null,null],"reason":"duplicate_key"}
{"timestamp":"2026-01-20T07:13:16.746Z","runId":94,"level":"debug","phase":"deduplication","table":"spares_used","action":"row_skipped","dedupe_keys":["job_number","lnr"],"dedupe_values":[null,null],"reason":"duplicate_key"}
{"timestamp":"2026-01-20T07:13:16.746Z","runId":94,"level":"debug","phase":"deduplication","table":"spares_used","action":"row_skipped","dedupe_keys":["job_number","lnr"],"dedupe_values":[null,null],"reason":"duplicate_key"}
{"timestamp":"2026-01-20T07:13:16.746Z","runId":94,"level":"debug","phase":"deduplication","table":"spares_used","action":"row_skipped","dedupe_keys":["job_number","lnr"],"dedupe_values":[null,null],"reason":"duplicate_key"}
{"timestamp":"2026-01-20T07:13:16.746Z","runId":94,"level":"debug","phase":"deduplication","table":"spares_used","action":"row_skipped","dedupe_keys":["job_number","lnr"],"dedupe_values":[null,null],"reason":"duplicate_key"}
{"timestamp":"2026-01-20T07:13:16.746Z","runId":94,"level":"debug","phase":"deduplication","table":"spares_used","action":"row_skipped","dedupe_keys":["job_number","lnr"],"dedupe_values":[null,null],"reason":"duplicate_key"}
{"timestamp":"2026-01-20T07:13:16.747Z","runId":94,"level":"debug","phase":"deduplication","table":"spares_used","action":"row_skipped","dedupe_keys":["job_number","lnr"],"dedupe_values":[null,null],"reason":"duplicate_key"}
{"timestamp":"2026-01-20T07:13:16.747Z","runId":94,"level":"debug","phase":"deduplication","table":"spares_used","action":"row_skipped","dedupe_keys":["job_number","lnr"],"dedupe_values":[null,null],"reason":"duplicate_key"}
{"timestamp":"2026-01-20T07:13:16.747Z","runId":94,"level":"debug","phase":"deduplication","table":"spares_used","action":"row_skipped","dedupe_keys":["job_number","lnr"],"dedupe_values":[null,null],"reason":"duplicate_key"}
{"timestamp":"2026-01-20T07:13:16.747Z","runId":94,"level":"debug","phase":"deduplication","table":"spares_used","action":"row_skipped","dedupe_keys":["job_number","lnr"],"dedupe_values":[null,null],"reason":"duplicate_key"}
{"timestamp":"2026-01-20T07:13:16.747Z","runId":94,"level":"debug","phase":"deduplication","table":"spares_used","action":"row_skipped","dedupe_keys":["job_number","lnr"],"dedupe_values":[null,null],"reason":"duplicate_key"}
{"timestamp":"2026-01-20T07:13:16.747Z","runId":94,"level":"debug","phase":"deduplication","table":"spares_used","action":"row_skipped","dedupe_keys":["job_number","lnr"],"dedupe_values":[null,null],"reason":"duplicate_key"}
{"timestamp":"2026-01-20T07:13:16.748Z","runId":94,"level":"debug","phase":"deduplication","table":"spares_used","action":"row_skipped","dedupe_keys":["job_number","lnr"],"dedupe_values":[null,null],"reason":"duplicate_key"}
{"timestamp":"2026-01-20T07:13:16.748Z","runId":94,"level":"debug","phase":"deduplication","table":"spares_used","action":"row_skipped","dedupe_keys":["job_number","lnr"],"dedupe_values":[null,null],"reason":"duplicate_key"}
{"timestamp":"2026-01-20T07:13:16.748Z","runId":94,"level":"debug","phase":"deduplication","table":"spares_used","action":"row_skipped","dedupe_keys":["job_number","lnr"],"dedupe_values":[null,null],"reason":"duplicate_key"}
{"timestamp":"2026-01-20T07:13:16.748Z","runId":94,"level":"debug","phase":"deduplication","table":"spares_used","action":"row_skipped","dedupe_keys":["job_number","lnr"],"dedupe_values":[null,null],"reason":"duplicate_key"}
{"timestamp":"2026-01-20T07:13:16.748Z","runId":94,"level":"debug","phase":"deduplication","table":"spares_used","action":"row_skipped","dedupe_keys":["job_number","lnr"],"dedupe_values":[null,null],"reason":"duplicate_key"}
{"timestamp":"2026-01-20T07:13:16.748Z","runId":94,"level":"debug","phase":"deduplication","table":"spares_used","action":"row_skipped","dedupe_keys":["job_number","lnr"],"dedupe_values":[null,null],"reason":"duplicate_key"}
{"timestamp":"2026-01-20T07:13:16.748Z","runId":94,"level":"debug","phase":"deduplication","table":"spares_used","action":"row_skipped","dedupe_keys":["job_number","lnr"],"dedupe_values":[null,null],"reason":"duplicate_key"}
{"timestamp":"2026-01-20T07:13:16.749Z","runId":94,"level":"debug","phase":"deduplication","table":"spares_used","action":"row_skipped","dedupe_keys":["job_number","lnr"],"dedupe_values":[null,null],"reason":"duplicate_key"}
{"timestamp":"2026-01-20T07:13:16.749Z","runId":94,"level":"debug","phase":"deduplication","table":"spares_used","action":"row_skipped","dedupe_keys":["job_number","lnr"],"dedupe_values":[null,null],"reason":"duplicate_key"}
{"timestamp":"2026-01-20T07:13:16.749Z","runId":94,"level":"debug","phase":"deduplication","table":"spares_used","action":"row_skipped","dedupe_keys":["job_number","lnr"],"dedupe_values":[null,null],"reason":"duplicate_key"}
{"timestamp":"2026-01-20T07:13:16.749Z","runId":94,"level":"debug","phase":"deduplication","table":"spares_used","action":"row_skipped","dedupe_keys":["job_number","lnr"],"dedupe_values":[null,null],"reason":"duplicate_key"}
{"timestamp":"2026-01-20T07:13:16.749Z","runId":94,"level":"debug","phase":"deduplication","table":"spares_used","action":"row_skipped","dedupe_keys":["job_number","lnr"],"dedupe_values":[null,null],"reason":"duplicate_key"}
{"timestamp":"2026-01-20T07:13:16.749Z","runId":94,"level":"debug","phase":"deduplication","table":"spares_used","action":"row_skipped","dedupe_keys":["job_number","lnr"],"dedupe_values":[null,null],"reason":"duplicate_key"}
{"timestamp":"2026-01-20T07:13:16.750Z","runId":94,"level":"debug","phase":"deduplication","table":"spares_used","action":"row_skipped","dedupe_keys":["job_number","lnr"],"dedupe_values":[null,null],"reason":"duplicate_key"}
{"timestamp":"2026-01-20T07:13:16.750Z","runId":94,"level":"debug","phase":"deduplication","table":"spares_used","action":"row_skipped","dedupe_keys":["job_number","lnr"],"dedupe_values":[null,null],"reason":"duplicate_key"}
{"timestamp":"2026-01-20T07:13:16.750Z","runId":94,"level":"debug","phase":"deduplication","table":"spares_used","action":"row_skipped","dedupe_keys":["job_number","lnr"],"dedupe_values":[null,null],"reason":"duplicate_key"}
{"timestamp":"2026-01-20T07:13:16.750Z","runId":94,"level":"debug","phase":"deduplication","table":"spares_used","action":"row_skipped","dedupe_keys":["job_number","lnr"],"dedupe_values":[null,null],"reason":"duplicate_key"}
{"timestamp":"2026-01-20T07:13:16.750Z","runId":94,"level":"debug","phase":"deduplication","table":"spares_used","action":"row_skipped","dedupe_keys":["job_number","lnr"],"dedupe_values":[null,null],"reason":"duplicate_key"}
{"timestamp":"2026-01-20T07:13:16.750Z","runId":94,"level":"debug","phase":"deduplication","table":"spares_used","action":"row_skipped","dedupe_keys":["job_number","lnr"],"dedupe_values":[null,null],"reason":"duplicate_key"}
{"timestamp":"2026-01-20T07:13:16.750Z","runId":94,"level":"debug","phase":"deduplication","table":"spares_used","action":"row_skipped","dedupe_keys":["job_number","lnr"],"dedupe_values":[null,null],"reason":"duplicate_key"}
{"timestamp":"2026-01-20T07:13:16.750Z","runId":94,"level":"debug","phase":"deduplication","table":"spares_used","action":"row_skipped","dedupe_keys":["job_number","lnr"],"dedupe_values":[null,null],"reason":"duplicate_key"}
{"timestamp":"2026-01-20T07:13:16.751Z","runId":94,"level":"debug","phase":"deduplication","table":"spares_used","action":"row_skipped","dedupe_keys":["job_number","lnr"],"dedupe_values":[null,null],"reason":"duplicate_key"}
{"timestamp":"2026-01-20T07:13:16.751Z","runId":94,"level":"debug","phase":"deduplication","table":"spares_used","action":"row_skipped","dedupe_keys":["job_number","lnr"],"dedupe_values":[null,null],"reason":"duplicate_key"}
{"timestamp":"2026-01-20T07:13:16.751Z","runId":94,"level":"debug","phase":"deduplication","table":"spares_used","action":"row_skipped","dedupe_keys":["job_number","lnr"],"dedupe_values":[null,null],"reason":"duplicate_key"}
{"timestamp":"2026-01-20T07:13:16.751Z","runId":94,"level":"debug","phase":"deduplication","table":"spares_used","action":"row_skipped","dedupe_keys":["job_number","lnr"],"dedupe_values":[null,null],"reason":"duplicate_key"}
{"timestamp":"2026-01-20T07:13:16.751Z","runId":94,"level":"debug","phase":"deduplication","table":"spares_used","action":"row_skipped","dedupe_keys":["job_number","lnr"],"dedupe_values":[null,null],"reason":"duplicate_key"}
{"timestamp":"2026-01-20T07:13:16.751Z","runId":94,"level":"debug","phase":"deduplication","table":"spares_used","action":"row_skipped","dedupe_keys":["job_number","lnr"],"dedupe_values":[null,null],"reason":"duplicate_key"}
{"timestamp":"2026-01-20T07:13:16.751Z","runId":94,"level":"debug","phase":"deduplication","table":"spares_used","action":"row_skipped","dedupe_keys":["job_number","lnr"],"dedupe_values":[null,null],"reason":"duplicate_key"}
{"timestamp":"2026-01-20T07:13:16.752Z","runId":94,"level":"debug","phase":"deduplication","table":"spares_used","action":"row_skipped","dedupe_keys":["job_number","lnr"],"dedupe_values":[null,null],"reason":"duplicate_key"}
{"timestamp":"2026-01-20T07:13:16.752Z","runId":94,"level":"debug","phase":"deduplication","table":"spares_used","action":"row_skipped","dedupe_keys":["job_number","lnr"],"dedupe_values":[null,null],"reason":"duplicate_key"}
{"timestamp":"2026-01-20T07:13:16.752Z","runId":94,"level":"debug","phase":"deduplication","table":"spares_used","action":"row_skipped","dedupe_keys":["job_number","lnr"],"dedupe_values":[null,null],"reason":"duplicate_key"}
{"timestamp":"2026-01-20T07:13:16.752Z","runId":94,"level":"debug","phase":"deduplication","table":"spares_used","action":"row_skipped","dedupe_keys":["job_number","lnr"],"dedupe_values":[null,null],"reason":"duplicate_key"}
{"timestamp":"2026-01-20T07:13:16.752Z","runId":94,"level":"debug","phase":"deduplication","table":"spares_used","action":"row_skipped","dedupe_keys":["job_number","lnr"],"dedupe_values":[null,null],"reason":"duplicate_key"}
{"timestamp":"2026-01-20T07:13:16.752Z","runId":94,"level":"debug","phase":"deduplication","table":"spares_used","action":"row_skipped","dedupe_keys":["job_number","lnr"],"dedupe_values":[null,null],"reason":"duplicate_key"}
{"timestamp":"2026-01-20T07:13:16.752Z","runId":94,"level":"debug","phase":"deduplication","table":"spares_used","action":"row_skipped","dedupe_keys":["job_number","lnr"],"dedupe_values":[null,null],"reason":"duplicate_key"}
{"timestamp":"2026-01-20T07:13:16.753Z","runId":94,"level":"debug","phase":"deduplication","table":"spares_used","action":"row_skipped","dedupe_keys":["job_number","lnr"],"dedupe_values":[null,null],"reason":"duplicate_key"}
{"timestamp":"2026-01-20T07:13:16.753Z","runId":94,"level":"debug","phase":"deduplication","table":"spares_used","action":"row_skipped","dedupe_keys":["job_number","lnr"],"dedupe_values":[null,null],"reason":"duplicate_key"}
{"timestamp":"2026-01-20T07:13:16.753Z","runId":94,"level":"debug","phase":"deduplication","table":"spares_used","action":"row_skipped","dedupe_keys":["job_number","lnr"],"dedupe_values":[null,null],"reason":"duplicate_key"}
{"timestamp":"2026-01-20T07:13:16.753Z","runId":94,"level":"debug","phase":"deduplication","table":"spares_used","action":"row_skipped","dedupe_keys":["job_number","lnr"],"dedupe_values":[null,null],"reason":"duplicate_key"}
{"timestamp":"2026-01-20T07:13:16.753Z","runId":94,"level":"debug","phase":"deduplication","table":"spares_used","action":"row_skipped","dedupe_keys":["job_number","lnr"],"dedupe_values":[null,null],"reason":"duplicate_key"}
{"timestamp":"2026-01-20T07:13:16.753Z","runId":94,"level":"debug","phase":"deduplication","table":"spares_used","action":"row_skipped","dedupe_keys":["job_number","lnr"],"dedupe_values":[null,null],"reason":"duplicate_key"}
{"timestamp":"2026-01-20T07:13:16.753Z","runId":94,"level":"debug","phase":"deduplication","table":"spares_used","action":"row_skipped","dedupe_keys":["job_number","lnr"],"dedupe_values":[null,null],"reason":"duplicate_key"}
{"timestamp":"2026-01-20T07:13:16.754Z","runId":94,"level":"debug","phase":"deduplication","table":"spares_used","action":"row_skipped","dedupe_keys":["job_number","lnr"],"dedupe_values":[null,null],"reason":"duplicate_key"}
{"timestamp":"2026-01-20T07:13:16.754Z","runId":94,"level":"debug","phase":"deduplication","table":"spares_used","action":"row_skipped","dedupe_keys":["job_number","lnr"],"dedupe_values":[null,null],"reason":"duplicate_key"}
{"timestamp":"2026-01-20T07:13:16.754Z","runId":94,"level":"debug","phase":"deduplication","table":"spares_used","action":"row_skipped","dedupe_keys":["job_number","lnr"],"dedupe_values":[null,null],"reason":"duplicate_key"}
{"timestamp":"2026-01-20T07:13:16.754Z","runId":94,"level":"debug","phase":"deduplication","table":"spares_used","action":"row_skipped","dedupe_keys":["job_number","lnr"],"dedupe_values":[null,null],"reason":"duplicate_key"}
{"timestamp":"2026-01-20T07:13:16.754Z","runId":94,"level":"debug","phase":"deduplication","table":"spares_used","action":"row_skipped","dedupe_keys":["job_number","lnr"],"dedupe_values":[null,null],"reason":"duplicate_key"}
{"timestamp":"2026-01-20T07:13:16.754Z","runId":94,"level":"debug","phase":"deduplication","table":"spares_used","action":"row_skipped","dedupe_keys":["job_number","lnr"],"dedupe_values":[null,null],"reason":"duplicate_key"}
{"timestamp":"2026-01-20T07:13:16.754Z","runId":94,"level":"debug","phase":"deduplication","table":"spares_used","action":"row_skipped","dedupe_keys":["job_number","lnr"],"dedupe_values":[null,null],"reason":"duplicate_key"}
{"timestamp":"2026-01-20T07:13:16.755Z","runId":94,"level":"debug","phase":"deduplication","table":"spares_used","action":"row_skipped","dedupe_keys":["job_number","lnr"],"dedupe_values":[null,null],"reason":"duplicate_key"}
{"timestamp":"2026-01-20T07:13:16.755Z","runId":94,"level":"debug","phase":"deduplication","table":"spares_used","action":"row_skipped","dedupe_keys":["job_number","lnr"],"dedupe_values":[null,null],"reason":"duplicate_key"}
{"timestamp":"2026-01-20T07:13:16.755Z","runId":94,"level":"debug","phase":"deduplication","table":"spares_used","action":"row_skipped","dedupe_keys":["job_number","lnr"],"dedupe_values":[null,null],"reason":"duplicate_key"}
{"timestamp":"2026-01-20T07:13:16.755Z","runId":94,"level":"debug","phase":"deduplication","table":"spares_used","action":"row_skipped","dedupe_keys":["job_number","lnr"],"dedupe_values":[null,null],"reason":"duplicate_key"}
{"timestamp":"2026-01-20T07:13:16.755Z","runId":94,"level":"debug","phase":"deduplication","table":"spares_used","action":"row_skipped","dedupe_keys":["job_number","lnr"],"dedupe_values":[null,null],"reason":"duplicate_key"}
{"timestamp":"2026-01-20T07:13:16.755Z","runId":94,"level":"debug","phase":"deduplication","table":"spares_used","action":"row_skipped","dedupe_keys":["job_number","lnr"],"dedupe_values":[null,null],"reason":"duplicate_key"}
{"timestamp":"2026-01-20T07:13:16.756Z","runId":94,"level":"debug","phase":"deduplication","table":"spares_used","action":"row_skipped","dedupe_keys":["job_number","lnr"],"dedupe_values":[null,null],"reason":"duplicate_key"}
{"timestamp":"2026-01-20T07:13:16.756Z","runId":94,"level":"debug","phase":"deduplication","table":"spares_used","action":"row_skipped","dedupe_keys":["job_number","lnr"],"dedupe_values":[null,null],"reason":"duplicate_key"}
{"timestamp":"2026-01-20T07:13:16.756Z","runId":94,"level":"debug","phase":"deduplication","table":"spares_used","action":"row_skipped","dedupe_keys":["job_number","lnr"],"dedupe_values":[null,null],"reason":"duplicate_key"}
{"timestamp":"2026-01-20T07:13:16.756Z","runId":94,"level":"debug","phase":"deduplication","table":"spares_used","action":"row_skipped","dedupe_keys":["job_number","lnr"],"dedupe_values":[null,null],"reason":"duplicate_key"}
{"timestamp":"2026-01-20T07:13:16.756Z","runId":94,"level":"debug","phase":"deduplication","table":"spares_used","action":"row_skipped","dedupe_keys":["job_number","lnr"],"dedupe_values":[null,null],"reason":"duplicate_key"}
{"timestamp":"2026-01-20T07:13:16.756Z","runId":94,"level":"debug","phase":"deduplication","table":"spares_used","action":"row_skipped","dedupe_keys":["job_number","lnr"],"dedupe_values":[null,null],"reason":"duplicate_key"}
{"timestamp":"2026-01-20T07:13:16.757Z","runId":94,"level":"debug","phase":"deduplication","table":"spares_used","action":"row_skipped","dedupe_keys":["job_number","lnr"],"dedupe_values":[null,null],"reason":"duplicate_key"}
{"timestamp":"2026-01-20T07:13:16.757Z","runId":94,"level":"debug","phase":"deduplication","table":"spares_used","action":"row_skipped","dedupe_keys":["job_number","lnr"],"dedupe_values":[null,null],"reason":"duplicate_key"}
{"timestamp":"2026-01-20T07:13:16.757Z","runId":94,"level":"debug","phase":"deduplication","table":"spares_used","action":"row_skipped","dedupe_keys":["job_number","lnr"],"dedupe_values":[null,null],"reason":"duplicate_key"}
{"timestamp":"2026-01-20T07:13:16.757Z","runId":94,"level":"debug","phase":"deduplication","table":"spares_used","action":"row_skipped","dedupe_keys":["job_number","lnr"],"dedupe_values":[null,null],"reason":"duplicate_key"}
{"timestamp":"2026-01-20T07:13:16.757Z","runId":94,"level":"debug","phase":"deduplication","table":"spares_used","action":"row_skipped","dedupe_keys":["job_number","lnr"],"dedupe_values":[null,null],"reason":"duplicate_key"}
{"timestamp":"2026-01-20T07:13:16.758Z","runId":94,"level":"debug","phase":"deduplication","table":"spares_used","action":"row_skipped","dedupe_keys":["job_number","lnr"],"dedupe_values":[null,null],"reason":"duplicate_key"}
{"timestamp":"2026-01-20T07:13:16.758Z","runId":94,"level":"debug","phase":"deduplication","table":"spares_used","action":"row_skipped","dedupe_keys":["job_number","lnr"],"dedupe_values":[null,null],"reason":"duplicate_key"}
{"timestamp":"2026-01-20T07:13:16.758Z","runId":94,"level":"debug","phase":"deduplication","table":"spares_used","action":"row_skipped","dedupe_keys":["job_number","lnr"],"dedupe_values":[null,null],"reason":"duplicate_key"}
{"timestamp":"2026-01-20T07:13:16.758Z","runId":94,"level":"debug","phase":"deduplication","table":"spares_used","action":"row_skipped","dedupe_keys":["job_number","lnr"],"dedupe_values":[null,null],"reason":"duplicate_key"}
{"timestamp":"2026-01-20T07:13:16.758Z","runId":94,"level":"debug","phase":"deduplication","table":"spares_used","action":"row_skipped","dedupe_keys":["job_number","lnr"],"dedupe_values":[null,null],"reason":"duplicate_key"}
{"timestamp":"2026-01-20T07:13:16.758Z","runId":94,"level":"debug","phase":"deduplication","table":"spares_used","action":"row_skipped","dedupe_keys":["job_number","lnr"],"dedupe_values":[null,null],"reason":"duplicate_key"}
{"timestamp":"2026-01-20T07:13:16.759Z","runId":94,"level":"debug","phase":"deduplication","table":"spares_used","action":"row_skipped","dedupe_keys":["job_number","lnr"],"dedupe_values":[null,null],"reason":"duplicate_key"}
{"timestamp":"2026-01-20T07:13:16.759Z","runId":94,"level":"debug","phase":"deduplication","table":"spares_used","action":"row_skipped","dedupe_keys":["job_number","lnr"],"dedupe_values":[null,null],"reason":"duplicate_key"}
{"timestamp":"2026-01-20T07:13:16.759Z","runId":94,"level":"debug","phase":"deduplication","table":"spares_used","action":"row_skipped","dedupe_keys":["job_number","lnr"],"dedupe_values":[null,null],"reason":"duplicate_key"}
{"timestamp":"2026-01-20T07:13:16.759Z","runId":94,"level":"debug","phase":"deduplication","table":"spares_used","action":"row_skipped","dedupe_keys":["job_number","lnr"],"dedupe_values":[null,null],"reason":"duplicate_key"}
{"timestamp":"2026-01-20T07:13:16.759Z","runId":94,"level":"debug","phase":"deduplication","table":"spares_used","action":"row_skipped","dedupe_keys":["job_number","lnr"],"dedupe_values":[null,null],"reason":"duplicate_key"}
{"timestamp":"2026-01-20T07:13:16.759Z","runId":94,"level":"debug","phase":"deduplication","table":"spares_used","action":"row_skipped","dedupe_keys":["job_number","lnr"],"dedupe_values":[null,null],"reason":"duplicate_key"}
{"timestamp":"2026-01-20T07:13:16.759Z","runId":94,"level":"debug","phase":"deduplication","table":"spares_used","action":"row_skipped","dedupe_keys":["job_number","lnr"],"dedupe_values":[null,null],"reason":"duplicate_key"}
{"timestamp":"2026-01-20T07:13:16.760Z","runId":94,"level":"debug","phase":"deduplication","table":"spares_used","action":"row_skipped","dedupe_keys":["job_number","lnr"],"dedupe_values":[null,null],"reason":"duplicate_key"}
{"timestamp":"2026-01-20T07:13:16.760Z","runId":94,"level":"debug","phase":"deduplication","table":"spares_used","action":"row_skipped","dedupe_keys":["job_number","lnr"],"dedupe_values":[null,null],"reason":"duplicate_key"}
{"timestamp":"2026-01-20T07:13:16.760Z","runId":94,"level":"debug","phase":"deduplication","table":"spares_used","action":"row_skipped","dedupe_keys":["job_number","lnr"],"dedupe_values":[null,null],"reason":"duplicate_key"}
{"timestamp":"2026-01-20T07:13:16.760Z","runId":94,"level":"debug","phase":"deduplication","table":"spares_used","action":"row_skipped","dedupe_keys":["job_number","lnr"],"dedupe_values":[null,null],"reason":"duplicate_key"}
{"timestamp":"2026-01-20T07:13:16.760Z","runId":94,"level":"debug","phase":"deduplication","table":"spares_used","action":"row_skipped","dedupe_keys":["job_number","lnr"],"dedupe_values":[null,null],"reason":"duplicate_key"}
{"timestamp":"2026-01-20T07:13:16.760Z","runId":94,"level":"debug","phase":"deduplication","table":"spares_used","action":"row_skipped","dedupe_keys":["job_number","lnr"],"dedupe_values":[null,null],"reason":"duplicate_key"}
{"timestamp":"2026-01-20T07:13:16.760Z","runId":94,"level":"debug","phase":"deduplication","table":"spares_used","action":"row_skipped","dedupe_keys":["job_number","lnr"],"dedupe_values":[null,null],"reason":"duplicate_key"}
{"timestamp":"2026-01-20T07:13:16.761Z","runId":94,"level":"debug","phase":"deduplication","table":"spares_used","action":"row_skipped","dedupe_keys":["job_number","lnr"],"dedupe_values":[null,null],"reason":"duplicate_key"}
{"timestamp":"2026-01-20T07:13:16.761Z","runId":94,"level":"debug","phase":"deduplication","table":"spares_used","action":"row_skipped","dedupe_keys":["job_number","lnr"],"dedupe_values":[null,null],"reason":"duplicate_key"}
{"timestamp":"2026-01-20T07:13:16.761Z","runId":94,"level":"debug","phase":"deduplication","table":"spares_used","action":"row_skipped","dedupe_keys":["job_number","lnr"],"dedupe_values":[null,null],"reason":"duplicate_key"}
{"timestamp":"2026-01-20T07:13:16.761Z","runId":94,"level":"debug","phase":"deduplication","table":"spares_used","action":"row_skipped","dedupe_keys":["job_number","lnr"],"dedupe_values":[null,null],"reason":"duplicate_key"}
{"timestamp":"2026-01-20T07:13:16.761Z","runId":94,"level":"debug","phase":"deduplication","table":"spares_used","action":"row_skipped","dedupe_keys":["job_number","lnr"],"dedupe_values":[null,null],"reason":"duplicate_key"}
{"timestamp":"2026-01-20T07:13:16.761Z","runId":94,"level":"debug","phase":"deduplication","table":"spares_used","action":"row_skipped","dedupe_keys":["job_number","lnr"],"dedupe_values":[null,null],"reason":"duplicate_key"}
{"timestamp":"2026-01-20T07:13:16.761Z","runId":94,"level":"debug","phase":"deduplication","table":"spares_used","action":"row_skipped","dedupe_keys":["job_number","lnr"],"dedupe_values":[null,null],"reason":"duplicate_key"}
{"timestamp":"2026-01-20T07:13:16.762Z","runId":94,"level":"debug","phase":"deduplication","table":"spares_used","action":"row_skipped","dedupe_keys":["job_number","lnr"],"dedupe_values":[null,null],"reason":"duplicate_key"}
{"timestamp":"2026-01-20T07:13:16.762Z","runId":94,"level":"debug","phase":"deduplication","table":"spares_used","action":"row_skipped","dedupe_keys":["job_number","lnr"],"dedupe_values":[null,null],"reason":"duplicate_key"}
{"timestamp":"2026-01-20T07:13:16.762Z","runId":94,"level":"debug","phase":"deduplication","table":"spares_used","action":"row_skipped","dedupe_keys":["job_number","lnr"],"dedupe_values":[null,null],"reason":"duplicate_key"}
{"timestamp":"2026-01-20T07:13:16.762Z","runId":94,"level":"debug","phase":"deduplication","table":"spares_used","action":"row_skipped","dedupe_keys":["job_number","lnr"],"dedupe_values":[null,null],"reason":"duplicate_key"}
{"timestamp":"2026-01-20T07:13:16.762Z","runId":94,"level":"debug","phase":"deduplication","table":"spares_used","action":"row_skipped","dedupe_keys":["job_number","lnr"],"dedupe_values":[null,null],"reason":"duplicate_key"}
{"timestamp":"2026-01-20T07:13:16.762Z","runId":94,"level":"debug","phase":"deduplication","table":"spares_used","action":"row_skipped","dedupe_keys":["job_number","lnr"],"dedupe_values":[null,null],"reason":"duplicate_key"}
{"timestamp":"2026-01-20T07:13:16.762Z","runId":94,"level":"debug","phase":"deduplication","table":"spares_used","action":"row_skipped","dedupe_keys":["job_number","lnr"],"dedupe_values":[null,null],"reason":"duplicate_key"}
{"timestamp":"2026-01-20T07:13:16.763Z","runId":94,"level":"debug","phase":"deduplication","table":"spares_used","action":"row_skipped","dedupe_keys":["job_number","lnr"],"dedupe_values":[null,null],"reason":"duplicate_key"}
{"timestamp":"2026-01-20T07:13:16.763Z","runId":94,"level":"debug","phase":"deduplication","table":"spares_used","action":"row_skipped","dedupe_keys":["job_number","lnr"],"dedupe_values":[null,null],"reason":"duplicate_key"}
{"timestamp":"2026-01-20T07:13:16.763Z","runId":94,"level":"debug","phase":"deduplication","table":"spares_used","action":"row_skipped","dedupe_keys":["job_number","lnr"],"dedupe_values":[null,null],"reason":"duplicate_key"}
{"timestamp":"2026-01-20T07:13:16.763Z","runId":94,"level":"debug","phase":"deduplication","table":"spares_used","action":"row_skipped","dedupe_keys":["job_number","lnr"],"dedupe_values":[null,null],"reason":"duplicate_key"}
{"timestamp":"2026-01-20T07:13:16.763Z","runId":94,"level":"debug","phase":"deduplication","table":"spares_used","action":"row_skipped","dedupe_keys":["job_number","lnr"],"dedupe_values":[null,null],"reason":"duplicate_key"}
{"timestamp":"2026-01-20T07:13:16.763Z","runId":94,"level":"debug","phase":"deduplication","table":"spares_used","action":"row_skipped","dedupe_keys":["job_number","lnr"],"dedupe_values":[null,null],"reason":"duplicate_key"}
{"timestamp":"2026-01-20T07:13:16.763Z","runId":94,"level":"debug","phase":"deduplication","table":"spares_used","action":"row_skipped","dedupe_keys":["job_number","lnr"],"dedupe_values":[null,null],"reason":"duplicate_key"}
{"timestamp":"2026-01-20T07:13:16.764Z","runId":94,"level":"debug","phase":"deduplication","table":"spares_used","action":"row_skipped","dedupe_keys":["job_number","lnr"],"dedupe_values":[null,null],"reason":"duplicate_key"}
{"timestamp":"2026-01-20T07:13:16.764Z","runId":94,"level":"debug","phase":"deduplication","table":"spares_used","action":"row_skipped","dedupe_keys":["job_number","lnr"],"dedupe_values":[null,null],"reason":"duplicate_key"}
{"timestamp":"2026-01-20T07:13:16.764Z","runId":94,"level":"debug","phase":"deduplication","table":"spares_used","action":"row_skipped","dedupe_keys":["job_number","lnr"],"dedupe_values":[null,null],"reason":"duplicate_key"}
{"timestamp":"2026-01-20T07:13:16.764Z","runId":94,"level":"debug","phase":"deduplication","table":"spares_used","action":"row_skipped","dedupe_keys":["job_number","lnr"],"dedupe_values":[null,null],"reason":"duplicate_key"}
{"timestamp":"2026-01-20T07:13:16.764Z","runId":94,"level":"debug","phase":"deduplication","table":"spares_used","action":"row_skipped","dedupe_keys":["job_number","lnr"],"dedupe_values":[null,null],"reason":"duplicate_key"}
{"timestamp":"2026-01-20T07:13:16.764Z","runId":94,"level":"debug","phase":"deduplication","table":"spares_used","action":"row_skipped","dedupe_keys":["job_number","lnr"],"dedupe_values":[null,null],"reason":"duplicate_key"}
{"timestamp":"2026-01-20T07:13:16.764Z","runId":94,"level":"debug","phase":"deduplication","table":"spares_used","action":"row_skipped","dedupe_keys":["job_number","lnr"],"dedupe_values":[null,null],"reason":"duplicate_key"}
{"timestamp":"2026-01-20T07:13:16.765Z","runId":94,"level":"debug","phase":"deduplication","table":"spares_used","action":"row_skipped","dedupe_keys":["job_number","lnr"],"dedupe_values":[null,null],"reason":"duplicate_key"}
{"timestamp":"2026-01-20T07:13:16.765Z","runId":94,"level":"debug","phase":"deduplication","table":"spares_used","action":"row_skipped","dedupe_keys":["job_number","lnr"],"dedupe_values":[null,null],"reason":"duplicate_key"}
{"timestamp":"2026-01-20T07:13:16.765Z","runId":94,"level":"debug","phase":"deduplication","table":"spares_used","action":"row_skipped","dedupe_keys":["job_number","lnr"],"dedupe_values":[null,null],"reason":"duplicate_key"}
{"timestamp":"2026-01-20T07:13:16.765Z","runId":94,"level":"debug","phase":"deduplication","table":"spares_used","action":"row_skipped","dedupe_keys":["job_number","lnr"],"dedupe_values":[null,null],"reason":"duplicate_key"}
{"timestamp":"2026-01-20T07:13:16.765Z","runId":94,"level":"debug","phase":"deduplication","table":"spares_used","action":"row_skipped","dedupe_keys":["job_number","lnr"],"dedupe_values":[null,null],"reason":"duplicate_key"}
{"timestamp":"2026-01-20T07:13:16.765Z","runId":94,"level":"debug","phase":"deduplication","table":"spares_used","action":"row_skipped","dedupe_keys":["job_number","lnr"],"dedupe_values":[null,null],"reason":"duplicate_key"}
{"timestamp":"2026-01-20T07:13:16.766Z","runId":94,"level":"debug","phase":"deduplication","table":"spares_used","action":"row_skipped","dedupe_keys":["job_number","lnr"],"dedupe_values":[null,null],"reason":"duplicate_key"}
{"timestamp":"2026-01-20T07:13:16.766Z","runId":94,"level":"debug","phase":"deduplication","table":"spares_used","action":"row_skipped","dedupe_keys":["job_number","lnr"],"dedupe_values":[null,null],"reason":"duplicate_key"}
{"timestamp":"2026-01-20T07:13:16.766Z","runId":94,"level":"debug","phase":"deduplication","table":"spares_used","action":"row_skipped","dedupe_keys":["job_number","lnr"],"dedupe_values":[null,null],"reason":"duplicate_key"}
{"timestamp":"2026-01-20T07:13:16.766Z","runId":94,"level":"debug","phase":"deduplication","table":"spares_used","action":"row_skipped","dedupe_keys":["job_number","lnr"],"dedupe_values":[null,null],"reason":"duplicate_key"}
{"timestamp":"2026-01-20T07:13:16.766Z","runId":94,"level":"debug","phase":"deduplication","table":"spares_used","action":"row_skipped","dedupe_keys":["job_number","lnr"],"dedupe_values":[null,null],"reason":"duplicate_key"}
{"timestamp":"2026-01-20T07:13:16.766Z","runId":94,"level":"debug","phase":"deduplication","table":"spares_used","action":"row_skipped","dedupe_keys":["job_number","lnr"],"dedupe_values":[null,null],"reason":"duplicate_key"}
{"timestamp":"2026-01-20T07:13:16.767Z","runId":94,"level":"debug","phase":"deduplication","table":"spares_used","action":"row_skipped","dedupe_keys":["job_number","lnr"],"dedupe_values":[null,null],"reason":"duplicate_key"}
{"timestamp":"2026-01-20T07:13:16.767Z","runId":94,"level":"debug","phase":"deduplication","table":"spares_used","action":"row_skipped","dedupe_keys":["job_number","lnr"],"dedupe_values":[null,null],"reason":"duplicate_key"}
{"timestamp":"2026-01-20T07:13:16.767Z","runId":94,"level":"debug","phase":"deduplication","table":"spares_used","action":"row_skipped","dedupe_keys":["job_number","lnr"],"dedupe_values":[null,null],"reason":"duplicate_key"}
{"timestamp":"2026-01-20T07:13:16.767Z","runId":94,"level":"debug","phase":"deduplication","table":"spares_used","action":"row_skipped","dedupe_keys":["job_number","lnr"],"dedupe_values":[null,null],"reason":"duplicate_key"}
{"timestamp":"2026-01-20T07:13:16.767Z","runId":94,"level":"debug","phase":"deduplication","table":"spares_used","action":"row_skipped","dedupe_keys":["job_number","lnr"],"dedupe_values":[null,null],"reason":"duplicate_key"}
{"timestamp":"2026-01-20T07:13:16.768Z","runId":94,"level":"debug","phase":"deduplication","table":"spares_used","action":"row_skipped","dedupe_keys":["job_number","lnr"],"dedupe_values":[null,null],"reason":"duplicate_key"}
{"timestamp":"2026-01-20T07:13:16.768Z","runId":94,"level":"debug","phase":"deduplication","table":"spares_used","action":"row_skipped","dedupe_keys":["job_number","lnr"],"dedupe_values":[null,null],"reason":"duplicate_key"}
{"timestamp":"2026-01-20T07:13:16.768Z","runId":94,"level":"debug","phase":"deduplication","table":"spares_used","action":"row_skipped","dedupe_keys":["job_number","lnr"],"dedupe_values":[null,null],"reason":"duplicate_key"}
{"timestamp":"2026-01-20T07:13:16.768Z","runId":94,"level":"debug","phase":"deduplication","table":"spares_used","action":"row_skipped","dedupe_keys":["job_number","lnr"],"dedupe_values":[null,null],"reason":"duplicate_key"}
{"timestamp":"2026-01-20T07:13:16.768Z","runId":94,"level":"debug","phase":"deduplication","table":"spares_used","action":"row_skipped","dedupe_keys":["job_number","lnr"],"dedupe_values":[null,null],"reason":"duplicate_key"}
{"timestamp":"2026-01-20T07:13:16.768Z","runId":94,"level":"debug","phase":"deduplication","table":"spares_used","action":"row_skipped","dedupe_keys":["job_number","lnr"],"dedupe_values":[null,null],"reason":"duplicate_key"}
{"timestamp":"2026-01-20T07:13:16.769Z","runId":94,"level":"debug","phase":"deduplication","table":"spares_used","action":"row_skipped","dedupe_keys":["job_number","lnr"],"dedupe_values":[null,null],"reason":"duplicate_key"}
{"timestamp":"2026-01-20T07:13:16.769Z","runId":94,"level":"debug","phase":"deduplication","table":"spares_used","action":"row_skipped","dedupe_keys":["job_number","lnr"],"dedupe_values":[null,null],"reason":"duplicate_key"}
{"timestamp":"2026-01-20T07:13:16.769Z","runId":94,"level":"debug","phase":"deduplication","table":"spares_used","action":"row_skipped","dedupe_keys":["job_number","lnr"],"dedupe_values":[null,null],"reason":"duplicate_key"}
{"timestamp":"2026-01-20T07:13:16.769Z","runId":94,"level":"debug","phase":"deduplication","table":"spares_used","action":"row_skipped","dedupe_keys":["job_number","lnr"],"dedupe_values":[null,null],"reason":"duplicate_key"}
{"timestamp":"2026-01-20T07:13:16.769Z","runId":94,"level":"debug","phase":"deduplication","table":"spares_used","action":"row_skipped","dedupe_keys":["job_number","lnr"],"dedupe_values":[null,null],"reason":"duplicate_key"}
{"timestamp":"2026-01-20T07:13:16.770Z","runId":94,"level":"debug","phase":"deduplication","table":"spares_used","action":"row_skipped","dedupe_keys":["job_number","lnr"],"dedupe_values":[null,null],"reason":"duplicate_key"}
{"timestamp":"2026-01-20T07:13:16.770Z","runId":94,"level":"debug","phase":"deduplication","table":"spares_used","action":"row_skipped","dedupe_keys":["job_number","lnr"],"dedupe_values":[null,null],"reason":"duplicate_key"}
{"timestamp":"2026-01-20T07:13:16.770Z","runId":94,"level":"debug","phase":"deduplication","table":"spares_used","action":"row_skipped","dedupe_keys":["job_number","lnr"],"dedupe_values":[null,null],"reason":"duplicate_key"}
{"timestamp":"2026-01-20T07:13:16.770Z","runId":94,"level":"debug","phase":"deduplication","table":"spares_used","action":"row_skipped","dedupe_keys":["job_number","lnr"],"dedupe_values":[null,null],"reason":"duplicate_key"}
{"timestamp":"2026-01-20T07:13:16.770Z","runId":94,"level":"debug","phase":"deduplication","table":"spares_used","action":"row_skipped","dedupe_keys":["job_number","lnr"],"dedupe_values":[null,null],"reason":"duplicate_key"}
{"timestamp":"2026-01-20T07:13:16.770Z","runId":94,"level":"debug","phase":"deduplication","table":"spares_used","action":"row_skipped","dedupe_keys":["job_number","lnr"],"dedupe_values":[null,null],"reason":"duplicate_key"}
{"timestamp":"2026-01-20T07:13:16.770Z","runId":94,"level":"debug","phase":"deduplication","table":"spares_used","action":"row_skipped","dedupe_keys":["job_number","lnr"],"dedupe_values":[null,null],"reason":"duplicate_key"}
{"timestamp":"2026-01-20T07:13:16.771Z","runId":94,"level":"debug","phase":"deduplication","table":"spares_used","action":"row_skipped","dedupe_keys":["job_number","lnr"],"dedupe_values":[null,null],"reason":"duplicate_key"}
{"timestamp":"2026-01-20T07:13:16.771Z","runId":94,"level":"debug","phase":"deduplication","table":"spares_used","action":"row_skipped","dedupe_keys":["job_number","lnr"],"dedupe_values":[null,null],"reason":"duplicate_key"}
{"timestamp":"2026-01-20T07:13:16.771Z","runId":94,"level":"debug","phase":"deduplication","table":"spares_used","action":"row_skipped","dedupe_keys":["job_number","lnr"],"dedupe_values":[null,null],"reason":"duplicate_key"}
{"timestamp":"2026-01-20T07:13:16.771Z","runId":94,"level":"debug","phase":"deduplication","table":"spares_used","action":"row_skipped","dedupe_keys":["job_number","lnr"],"dedupe_values":[null,null],"reason":"duplicate_key"}
{"timestamp":"2026-01-20T07:13:16.771Z","runId":94,"level":"debug","phase":"deduplication","table":"spares_used","action":"row_skipped","dedupe_keys":["job_number","lnr"],"dedupe_values":[null,null],"reason":"duplicate_key"}
{"timestamp":"2026-01-20T07:13:16.772Z","runId":94,"level":"debug","phase":"deduplication","table":"spares_used","action":"row_skipped","dedupe_keys":["job_number","lnr"],"dedupe_values":[null,null],"reason":"duplicate_key"}
{"timestamp":"2026-01-20T07:13:16.772Z","runId":94,"level":"debug","phase":"deduplication","table":"spares_used","action":"row_skipped","dedupe_keys":["job_number","lnr"],"dedupe_values":[null,null],"reason":"duplicate_key"}
{"timestamp":"2026-01-20T07:13:16.772Z","runId":94,"level":"debug","phase":"deduplication","table":"spares_used","action":"row_skipped","dedupe_keys":["job_number","lnr"],"dedupe_values":[null,null],"reason":"duplicate_key"}
{"timestamp":"2026-01-20T07:13:16.772Z","runId":94,"level":"debug","phase":"deduplication","table":"spares_used","action":"row_skipped","dedupe_keys":["job_number","lnr"],"dedupe_values":[null,null],"reason":"duplicate_key"}
{"timestamp":"2026-01-20T07:13:16.772Z","runId":94,"level":"debug","phase":"deduplication","table":"spares_used","action":"row_skipped","dedupe_keys":["job_number","lnr"],"dedupe_values":[null,null],"reason":"duplicate_key"}
{"timestamp":"2026-01-20T07:13:16.772Z","runId":94,"level":"debug","phase":"deduplication","table":"spares_used","action":"row_skipped","dedupe_keys":["job_number","lnr"],"dedupe_values":[null,null],"reason":"duplicate_key"}
{"timestamp":"2026-01-20T07:13:16.772Z","runId":94,"level":"debug","phase":"deduplication","table":"spares_used","action":"row_skipped","dedupe_keys":["job_number","lnr"],"dedupe_values":[null,null],"reason":"duplicate_key"}
{"timestamp":"2026-01-20T07:13:16.773Z","runId":94,"level":"debug","phase":"deduplication","table":"spares_used","action":"row_skipped","dedupe_keys":["job_number","lnr"],"dedupe_values":[null,null],"reason":"duplicate_key"}
{"timestamp":"2026-01-20T07:13:16.773Z","runId":94,"level":"debug","phase":"deduplication","table":"spares_used","action":"row_skipped","dedupe_keys":["job_number","lnr"],"dedupe_values":[null,null],"reason":"duplicate_key"}
{"timestamp":"2026-01-20T07:13:16.773Z","runId":94,"level":"debug","phase":"deduplication","table":"spares_used","action":"row_skipped","dedupe_keys":["job_number","lnr"],"dedupe_values":[null,null],"reason":"duplicate_key"}
{"timestamp":"2026-01-20T07:13:16.773Z","runId":94,"level":"debug","phase":"deduplication","table":"spares_used","action":"row_skipped","dedupe_keys":["job_number","lnr"],"dedupe_values":[null,null],"reason":"duplicate_key"}
{"timestamp":"2026-01-20T07:13:16.773Z","runId":94,"level":"debug","phase":"deduplication","table":"spares_used","action":"row_skipped","dedupe_keys":["job_number","lnr"],"dedupe_values":[null,null],"reason":"duplicate_key"}
{"timestamp":"2026-01-20T07:13:16.773Z","runId":94,"level":"debug","phase":"deduplication","table":"spares_used","action":"row_skipped","dedupe_keys":["job_number","lnr"],"dedupe_values":[null,null],"reason":"duplicate_key"}
{"timestamp":"2026-01-20T07:13:16.773Z","runId":94,"level":"debug","phase":"deduplication","table":"spares_used","action":"row_skipped","dedupe_keys":["job_number","lnr"],"dedupe_values":[null,null],"reason":"duplicate_key"}
{"timestamp":"2026-01-20T07:13:16.773Z","runId":94,"level":"debug","phase":"deduplication","table":"spares_used","action":"row_skipped","dedupe_keys":["job_number","lnr"],"dedupe_values":[null,null],"reason":"duplicate_key"}
{"timestamp":"2026-01-20T07:13:16.773Z","runId":94,"level":"debug","phase":"deduplication","table":"spares_used","action":"row_skipped","dedupe_keys":["job_number","lnr"],"dedupe_values":[null,null],"reason":"duplicate_key"}
{"timestamp":"2026-01-20T07:13:16.774Z","runId":94,"level":"debug","phase":"deduplication","table":"spares_used","action":"row_skipped","dedupe_keys":["job_number","lnr"],"dedupe_values":[null,null],"reason":"duplicate_key"}
{"timestamp":"2026-01-20T07:13:16.774Z","runId":94,"level":"debug","phase":"deduplication","table":"spares_used","action":"row_skipped","dedupe_keys":["job_number","lnr"],"dedupe_values":[null,null],"reason":"duplicate_key"}
{"timestamp":"2026-01-20T07:13:16.774Z","runId":94,"level":"debug","phase":"deduplication","table":"spares_used","action":"row_skipped","dedupe_keys":["job_number","lnr"],"dedupe_values":[null,null],"reason":"duplicate_key"}
{"timestamp":"2026-01-20T07:13:16.774Z","runId":94,"level":"debug","phase":"deduplication","table":"spares_used","action":"row_skipped","dedupe_keys":["job_number","lnr"],"dedupe_values":[null,null],"reason":"duplicate_key"}
{"timestamp":"2026-01-20T07:13:16.774Z","runId":94,"level":"debug","phase":"deduplication","table":"spares_used","action":"row_skipped","dedupe_keys":["job_number","lnr"],"dedupe_values":[null,null],"reason":"duplicate_key"}
{"timestamp":"2026-01-20T07:13:16.775Z","runId":94,"level":"debug","phase":"deduplication","table":"spares_used","action":"row_skipped","dedupe_keys":["job_number","lnr"],"dedupe_values":[null,null],"reason":"duplicate_key"}
{"timestamp":"2026-01-20T07:13:16.775Z","runId":94,"level":"debug","phase":"deduplication","table":"spares_used","action":"row_skipped","dedupe_keys":["job_number","lnr"],"dedupe_values":[null,null],"reason":"duplicate_key"}
{"timestamp":"2026-01-20T07:13:16.775Z","runId":94,"level":"debug","phase":"deduplication","table":"spares_used","action":"row_skipped","dedupe_keys":["job_number","lnr"],"dedupe_values":[null,null],"reason":"duplicate_key"}
{"timestamp":"2026-01-20T07:13:16.775Z","runId":94,"level":"debug","phase":"deduplication","table":"spares_used","action":"row_skipped","dedupe_keys":["job_number","lnr"],"dedupe_values":[null,null],"reason":"duplicate_key"}
{"timestamp":"2026-01-20T07:13:16.775Z","runId":94,"level":"debug","phase":"deduplication","table":"spares_used","action":"row_skipped","dedupe_keys":["job_number","lnr"],"dedupe_values":[null,null],"reason":"duplicate_key"}
{"timestamp":"2026-01-20T07:13:16.775Z","runId":94,"level":"debug","phase":"deduplication","table":"spares_used","action":"row_skipped","dedupe_keys":["job_number","lnr"],"dedupe_values":[null,null],"reason":"duplicate_key"}
{"timestamp":"2026-01-20T07:13:16.776Z","runId":94,"level":"debug","phase":"deduplication","table":"spares_used","action":"row_skipped","dedupe_keys":["job_number","lnr"],"dedupe_values":[null,null],"reason":"duplicate_key"}
{"timestamp":"2026-01-20T07:13:16.776Z","runId":94,"level":"debug","phase":"deduplication","table":"spares_used","action":"row_skipped","dedupe_keys":["job_number","lnr"],"dedupe_values":[null,null],"reason":"duplicate_key"}
{"timestamp":"2026-01-20T07:13:16.776Z","runId":94,"level":"debug","phase":"deduplication","table":"spares_used","action":"row_skipped","dedupe_keys":["job_number","lnr"],"dedupe_values":[null,null],"reason":"duplicate_key"}
{"timestamp":"2026-01-20T07:13:16.776Z","runId":94,"level":"debug","phase":"deduplication","table":"spares_used","action":"row_skipped","dedupe_keys":["job_number","lnr"],"dedupe_values":[null,null],"reason":"duplicate_key"}
{"timestamp":"2026-01-20T07:13:16.776Z","runId":94,"level":"debug","phase":"deduplication","table":"spares_used","action":"row_skipped","dedupe_keys":["job_number","lnr"],"dedupe_values":[null,null],"reason":"duplicate_key"}
{"timestamp":"2026-01-20T07:13:16.776Z","runId":94,"level":"debug","phase":"deduplication","table":"spares_used","action":"row_skipped","dedupe_keys":["job_number","lnr"],"dedupe_values":[null,null],"reason":"duplicate_key"}
{"timestamp":"2026-01-20T07:13:16.777Z","runId":94,"level":"debug","phase":"deduplication","table":"spares_used","action":"row_skipped","dedupe_keys":["job_number","lnr"],"dedupe_values":[null,null],"reason":"duplicate_key"}
{"timestamp":"2026-01-20T07:13:16.777Z","runId":94,"level":"debug","phase":"deduplication","table":"spares_used","action":"row_skipped","dedupe_keys":["job_number","lnr"],"dedupe_values":[null,null],"reason":"duplicate_key"}
{"timestamp":"2026-01-20T07:13:16.777Z","runId":94,"level":"debug","phase":"deduplication","table":"spares_used","action":"row_skipped","dedupe_keys":["job_number","lnr"],"dedupe_values":[null,null],"reason":"duplicate_key"}
{"timestamp":"2026-01-20T07:13:16.777Z","runId":94,"level":"debug","phase":"deduplication","table":"spares_used","action":"row_skipped","dedupe_keys":["job_number","lnr"],"dedupe_values":[null,null],"reason":"duplicate_key"}
{"timestamp":"2026-01-20T07:13:16.777Z","runId":94,"level":"debug","phase":"deduplication","table":"spares_used","action":"row_skipped","dedupe_keys":["job_number","lnr"],"dedupe_values":[null,null],"reason":"duplicate_key"}
{"timestamp":"2026-01-20T07:13:16.777Z","runId":94,"level":"debug","phase":"deduplication","table":"spares_used","action":"row_skipped","dedupe_keys":["job_number","lnr"],"dedupe_values":[null,null],"reason":"duplicate_key"}
{"timestamp":"2026-01-20T07:13:16.778Z","runId":94,"level":"debug","phase":"deduplication","table":"spares_used","action":"row_skipped","dedupe_keys":["job_number","lnr"],"dedupe_values":[null,null],"reason":"duplicate_key"}
{"timestamp":"2026-01-20T07:13:16.809Z","runId":94,"level":"debug","phase":"write","tableName":"spares_used","tableRunId":118,"status":"end","inserted":5,"updated":0,"skipped":438,"durationMs":105}
{"timestamp":"2026-01-20T07:13:16.815Z","runId":94,"level":"info","phase":"post_validation","tableName":"spares_used","tableRunId":118,"status":"start"}
{"timestamp":"2026-01-20T07:13:16.847Z","runId":94,"level":"warn","phase":"post_migration_validation","table":"spares_used","validation":"checksum","status":"error","error":"Your user name and password are not defined. Ask your database\nadministrator to set up a Firebird login\n"}
{"timestamp":"2026-01-20T07:13:16.848Z","runId":94,"level":"info","phase":"post_migration_validation","table":"spares_used","status":"passed","readRows":443,"inserted":5,"updated":0,"skipped":438,"errors":0,"unaccounted":0}
{"timestamp":"2026-01-20T07:13:16.891Z","runId":94,"level":"info","phase":"post_validation","tableName":"spares_used","tableRunId":118,"validation":"price_check","firebird_nonzero":438,"mysql_total":5,"mysql_zero":1,"mysql_nonzero":2}
{"timestamp":"2026-01-20T07:13:16.898Z","runId":94,"level":"error","phase":"table_finalize","tableName":"spares_used","tableRunId":118,"status":"failed","error":"Validation failed for spares_used: Price fields not migrated correctly. Firebird has 438 rows with non-zero prices, but MySQL only has 2. Likely mapping is missing COST_PRICE/SALES_PRICE columns or transform is coercing nulls to 0.","hint":"Check mapping includes COST_PRICE and SALES_PRICE columns with toNumber transform (which preserves nulls)."}
{"timestamp":"2026-01-20T07:13:16.915Z","runId":94,"level":"error","phase":"run_finalize","status":"failed","error":"Validation failed for spares_used: Price fields not migrated correctly. Firebird has 438 rows with non-zero prices, but MySQL only has 2. Likely mapping is missing COST_PRICE/SALES_PRICE columns or transform is coercing nulls to 0."}
{"timestamp":"2026-01-20T07:13:18.320Z","runId":94,"level":"warn","phase":"progress","status":"client_disconnected"}
