{"timestamp":"2026-01-20T07:16:15.597Z","runId":95,"level":"info","phase":"run_start","dryRun":false,"batchSize":500,"fkChecks":true,"tables":[{"table":"spares_used","mode":"INSERT","keyStrategy":"rekey","dedupeKeys":["spares_id"],"onDuplicate":"SKIP","clean":false}]}
{"timestamp":"2026-01-20T07:16:15.649Z","runId":95,"level":"info","phase":"progress","status":"client_connected"}
{"timestamp":"2026-01-20T07:16:15.668Z","runId":95,"level":"info","phase":"preflight","attempt":1,"status":"ok"}
{"timestamp":"2026-01-20T07:16:15.669Z","runId":95,"level":"debug","phase":"preflight","durationMs":72}
{"timestamp":"2026-01-20T07:16:15.669Z","runId":95,"level":"info","phase":"preflight","action":"nullability_validation","status":"start"}
{"timestamp":"2026-01-20T07:16:15.670Z","runId":95,"level":"info","phase":"preflight","action":"nullability_validation","status":"passed"}
{"timestamp":"2026-01-20T07:16:15.744Z","runId":95,"level":"info","phase":"plan_migrate","table":"spares_used","keyStrategy":"rekey","message":"Set dedupe keys to natural composite: job_number, lnr"}
{"timestamp":"2026-01-20T07:16:15.745Z","runId":95,"level":"info","phase":"preflight","action":"foreign_key_checks_disabled","original_state":true}
{"timestamp":"2026-01-20T07:16:15.821Z","runId":95,"level":"info","phase":"table_start","tableName":"spares_used","tableRunId":119,"mode":"INSERT","keyStrategy":"rekey","dedupeKeys":["job_number","lnr"]}
{"timestamp":"2026-01-20T07:16:15.880Z","runId":95,"level":"info","phase":"fetch","tableName":"spares_used","tableRunId":119,"sourceRows":443}
{"timestamp":"2026-01-20T07:16:15.962Z","runId":95,"level":"debug","phase":"write","tableName":"spares_used","tableRunId":119,"status":"start","batchSize":443}
{"timestamp":"2026-01-20T07:16:15.965Z","runId":95,"level":"debug","phase":"deduplication","table":"spares_used","action":"row_skipped","dedupe_keys":["job_number","lnr"],"dedupe_values":[null,null],"reason":"duplicate_key"}
{"timestamp":"2026-01-20T07:16:15.965Z","runId":95,"level":"debug","phase":"deduplication","table":"spares_used","action":"row_skipped","dedupe_keys":["job_number","lnr"],"dedupe_values":[null,null],"reason":"duplicate_key"}
{"timestamp":"2026-01-20T07:16:15.966Z","runId":95,"level":"debug","phase":"deduplication","table":"spares_used","action":"row_skipped","dedupe_keys":["job_number","lnr"],"dedupe_values":[null,null],"reason":"duplicate_key"}
{"timestamp":"2026-01-20T07:16:15.966Z","runId":95,"level":"debug","phase":"deduplication","table":"spares_used","action":"row_skipped","dedupe_keys":["job_number","lnr"],"dedupe_values":[null,null],"reason":"duplicate_key"}
{"timestamp":"2026-01-20T07:16:15.966Z","runId":95,"level":"debug","phase":"deduplication","table":"spares_used","action":"row_skipped","dedupe_keys":["job_number","lnr"],"dedupe_values":[null,null],"reason":"duplicate_key"}
{"timestamp":"2026-01-20T07:16:15.966Z","runId":95,"level":"debug","phase":"deduplication","table":"spares_used","action":"row_skipped","dedupe_keys":["job_number","lnr"],"dedupe_values":[null,null],"reason":"duplicate_key"}
{"timestamp":"2026-01-20T07:16:15.967Z","runId":95,"level":"debug","phase":"deduplication","table":"spares_used","action":"row_skipped","dedupe_keys":["job_number","lnr"],"dedupe_values":[null,null],"reason":"duplicate_key"}
{"timestamp":"2026-01-20T07:16:15.967Z","runId":95,"level":"debug","phase":"deduplication","table":"spares_used","action":"row_skipped","dedupe_keys":["job_number","lnr"],"dedupe_values":[null,null],"reason":"duplicate_key"}
{"timestamp":"2026-01-20T07:16:15.967Z","runId":95,"level":"debug","phase":"deduplication","table":"spares_used","action":"row_skipped","dedupe_keys":["job_number","lnr"],"dedupe_values":[null,null],"reason":"duplicate_key"}
{"timestamp":"2026-01-20T07:16:15.967Z","runId":95,"level":"debug","phase":"deduplication","table":"spares_used","action":"row_skipped","dedupe_keys":["job_number","lnr"],"dedupe_values":[null,null],"reason":"duplicate_key"}
{"timestamp":"2026-01-20T07:16:15.968Z","runId":95,"level":"debug","phase":"deduplication","table":"spares_used","action":"row_skipped","dedupe_keys":["job_number","lnr"],"dedupe_values":[null,null],"reason":"duplicate_key"}
{"timestamp":"2026-01-20T07:16:15.968Z","runId":95,"level":"debug","phase":"deduplication","table":"spares_used","action":"row_skipped","dedupe_keys":["job_number","lnr"],"dedupe_values":[null,null],"reason":"duplicate_key"}
{"timestamp":"2026-01-20T07:16:15.968Z","runId":95,"level":"debug","phase":"deduplication","table":"spares_used","action":"row_skipped","dedupe_keys":["job_number","lnr"],"dedupe_values":[null,null],"reason":"duplicate_key"}
{"timestamp":"2026-01-20T07:16:15.968Z","runId":95,"level":"debug","phase":"deduplication","table":"spares_used","action":"row_skipped","dedupe_keys":["job_number","lnr"],"dedupe_values":[null,null],"reason":"duplicate_key"}
{"timestamp":"2026-01-20T07:16:15.968Z","runId":95,"level":"debug","phase":"deduplication","table":"spares_used","action":"row_skipped","dedupe_keys":["job_number","lnr"],"dedupe_values":[null,null],"reason":"duplicate_key"}
{"timestamp":"2026-01-20T07:16:15.969Z","runId":95,"level":"debug","phase":"deduplication","table":"spares_used","action":"row_skipped","dedupe_keys":["job_number","lnr"],"dedupe_values":[null,null],"reason":"duplicate_key"}
{"timestamp":"2026-01-20T07:16:15.969Z","runId":95,"level":"debug","phase":"deduplication","table":"spares_used","action":"row_skipped","dedupe_keys":["job_number","lnr"],"dedupe_values":[null,null],"reason":"duplicate_key"}
{"timestamp":"2026-01-20T07:16:15.969Z","runId":95,"level":"debug","phase":"deduplication","table":"spares_used","action":"row_skipped","dedupe_keys":["job_number","lnr"],"dedupe_values":[null,null],"reason":"duplicate_key"}
{"timestamp":"2026-01-20T07:16:15.969Z","runId":95,"level":"debug","phase":"deduplication","table":"spares_used","action":"row_skipped","dedupe_keys":["job_number","lnr"],"dedupe_values":[null,null],"reason":"duplicate_key"}
{"timestamp":"2026-01-20T07:16:15.969Z","runId":95,"level":"debug","phase":"deduplication","table":"spares_used","action":"row_skipped","dedupe_keys":["job_number","lnr"],"dedupe_values":[null,null],"reason":"duplicate_key"}
{"timestamp":"2026-01-20T07:16:15.970Z","runId":95,"level":"debug","phase":"deduplication","table":"spares_used","action":"row_skipped","dedupe_keys":["job_number","lnr"],"dedupe_values":[null,null],"reason":"duplicate_key"}
{"timestamp":"2026-01-20T07:16:15.970Z","runId":95,"level":"debug","phase":"deduplication","table":"spares_used","action":"row_skipped","dedupe_keys":["job_number","lnr"],"dedupe_values":[null,null],"reason":"duplicate_key"}
{"timestamp":"2026-01-20T07:16:15.970Z","runId":95,"level":"debug","phase":"deduplication","table":"spares_used","action":"row_skipped","dedupe_keys":["job_number","lnr"],"dedupe_values":[null,null],"reason":"duplicate_key"}
{"timestamp":"2026-01-20T07:16:15.970Z","runId":95,"level":"debug","phase":"deduplication","table":"spares_used","action":"row_skipped","dedupe_keys":["job_number","lnr"],"dedupe_values":[null,null],"reason":"duplicate_key"}
{"timestamp":"2026-01-20T07:16:15.970Z","runId":95,"level":"debug","phase":"deduplication","table":"spares_used","action":"row_skipped","dedupe_keys":["job_number","lnr"],"dedupe_values":[null,null],"reason":"duplicate_key"}
{"timestamp":"2026-01-20T07:16:15.970Z","runId":95,"level":"debug","phase":"deduplication","table":"spares_used","action":"row_skipped","dedupe_keys":["job_number","lnr"],"dedupe_values":[null,null],"reason":"duplicate_key"}
{"timestamp":"2026-01-20T07:16:15.971Z","runId":95,"level":"debug","phase":"deduplication","table":"spares_used","action":"row_skipped","dedupe_keys":["job_number","lnr"],"dedupe_values":[null,null],"reason":"duplicate_key"}
{"timestamp":"2026-01-20T07:16:15.971Z","runId":95,"level":"debug","phase":"deduplication","table":"spares_used","action":"row_skipped","dedupe_keys":["job_number","lnr"],"dedupe_values":[null,null],"reason":"duplicate_key"}
{"timestamp":"2026-01-20T07:16:15.971Z","runId":95,"level":"debug","phase":"deduplication","table":"spares_used","action":"row_skipped","dedupe_keys":["job_number","lnr"],"dedupe_values":[null,null],"reason":"duplicate_key"}
{"timestamp":"2026-01-20T07:16:15.971Z","runId":95,"level":"debug","phase":"deduplication","table":"spares_used","action":"row_skipped","dedupe_keys":["job_number","lnr"],"dedupe_values":[null,null],"reason":"duplicate_key"}
{"timestamp":"2026-01-20T07:16:15.971Z","runId":95,"level":"debug","phase":"deduplication","table":"spares_used","action":"row_skipped","dedupe_keys":["job_number","lnr"],"dedupe_values":[null,null],"reason":"duplicate_key"}
{"timestamp":"2026-01-20T07:16:15.971Z","runId":95,"level":"debug","phase":"deduplication","table":"spares_used","action":"row_skipped","dedupe_keys":["job_number","lnr"],"dedupe_values":[null,null],"reason":"duplicate_key"}
{"timestamp":"2026-01-20T07:16:15.972Z","runId":95,"level":"debug","phase":"deduplication","table":"spares_used","action":"row_skipped","dedupe_keys":["job_number","lnr"],"dedupe_values":[null,null],"reason":"duplicate_key"}
{"timestamp":"2026-01-20T07:16:15.972Z","runId":95,"level":"debug","phase":"deduplication","table":"spares_used","action":"row_skipped","dedupe_keys":["job_number","lnr"],"dedupe_values":[null,null],"reason":"duplicate_key"}
{"timestamp":"2026-01-20T07:16:15.972Z","runId":95,"level":"debug","phase":"deduplication","table":"spares_used","action":"row_skipped","dedupe_keys":["job_number","lnr"],"dedupe_values":[null,null],"reason":"duplicate_key"}
{"timestamp":"2026-01-20T07:16:15.972Z","runId":95,"level":"debug","phase":"deduplication","table":"spares_used","action":"row_skipped","dedupe_keys":["job_number","lnr"],"dedupe_values":[null,null],"reason":"duplicate_key"}
{"timestamp":"2026-01-20T07:16:15.972Z","runId":95,"level":"debug","phase":"deduplication","table":"spares_used","action":"row_skipped","dedupe_keys":["job_number","lnr"],"dedupe_values":[null,null],"reason":"duplicate_key"}
{"timestamp":"2026-01-20T07:16:15.972Z","runId":95,"level":"debug","phase":"deduplication","table":"spares_used","action":"row_skipped","dedupe_keys":["job_number","lnr"],"dedupe_values":[null,null],"reason":"duplicate_key"}
{"timestamp":"2026-01-20T07:16:15.973Z","runId":95,"level":"debug","phase":"deduplication","table":"spares_used","action":"row_skipped","dedupe_keys":["job_number","lnr"],"dedupe_values":[null,null],"reason":"duplicate_key"}
{"timestamp":"2026-01-20T07:16:15.973Z","runId":95,"level":"debug","phase":"deduplication","table":"spares_used","action":"row_skipped","dedupe_keys":["job_number","lnr"],"dedupe_values":[null,null],"reason":"duplicate_key"}
{"timestamp":"2026-01-20T07:16:15.973Z","runId":95,"level":"debug","phase":"deduplication","table":"spares_used","action":"row_skipped","dedupe_keys":["job_number","lnr"],"dedupe_values":[null,null],"reason":"duplicate_key"}
{"timestamp":"2026-01-20T07:16:15.973Z","runId":95,"level":"debug","phase":"deduplication","table":"spares_used","action":"row_skipped","dedupe_keys":["job_number","lnr"],"dedupe_values":[null,null],"reason":"duplicate_key"}
{"timestamp":"2026-01-20T07:16:15.973Z","runId":95,"level":"debug","phase":"deduplication","table":"spares_used","action":"row_skipped","dedupe_keys":["job_number","lnr"],"dedupe_values":[null,null],"reason":"duplicate_key"}
{"timestamp":"2026-01-20T07:16:15.973Z","runId":95,"level":"debug","phase":"deduplication","table":"spares_used","action":"row_skipped","dedupe_keys":["job_number","lnr"],"dedupe_values":[null,null],"reason":"duplicate_key"}
{"timestamp":"2026-01-20T07:16:15.974Z","runId":95,"level":"debug","phase":"deduplication","table":"spares_used","action":"row_skipped","dedupe_keys":["job_number","lnr"],"dedupe_values":[null,null],"reason":"duplicate_key"}
{"timestamp":"2026-01-20T07:16:15.974Z","runId":95,"level":"debug","phase":"deduplication","table":"spares_used","action":"row_skipped","dedupe_keys":["job_number","lnr"],"dedupe_values":[null,null],"reason":"duplicate_key"}
{"timestamp":"2026-01-20T07:16:15.974Z","runId":95,"level":"debug","phase":"deduplication","table":"spares_used","action":"row_skipped","dedupe_keys":["job_number","lnr"],"dedupe_values":[null,null],"reason":"duplicate_key"}
{"timestamp":"2026-01-20T07:16:15.974Z","runId":95,"level":"debug","phase":"deduplication","table":"spares_used","action":"row_skipped","dedupe_keys":["job_number","lnr"],"dedupe_values":[null,null],"reason":"duplicate_key"}
{"timestamp":"2026-01-20T07:16:15.974Z","runId":95,"level":"debug","phase":"deduplication","table":"spares_used","action":"row_skipped","dedupe_keys":["job_number","lnr"],"dedupe_values":[null,null],"reason":"duplicate_key"}
{"timestamp":"2026-01-20T07:16:15.974Z","runId":95,"level":"debug","phase":"deduplication","table":"spares_used","action":"row_skipped","dedupe_keys":["job_number","lnr"],"dedupe_values":[null,null],"reason":"duplicate_key"}
{"timestamp":"2026-01-20T07:16:15.975Z","runId":95,"level":"debug","phase":"deduplication","table":"spares_used","action":"row_skipped","dedupe_keys":["job_number","lnr"],"dedupe_values":[null,null],"reason":"duplicate_key"}
{"timestamp":"2026-01-20T07:16:15.975Z","runId":95,"level":"debug","phase":"deduplication","table":"spares_used","action":"row_skipped","dedupe_keys":["job_number","lnr"],"dedupe_values":[null,null],"reason":"duplicate_key"}
{"timestamp":"2026-01-20T07:16:15.975Z","runId":95,"level":"debug","phase":"deduplication","table":"spares_used","action":"row_skipped","dedupe_keys":["job_number","lnr"],"dedupe_values":[null,null],"reason":"duplicate_key"}
{"timestamp":"2026-01-20T07:16:15.975Z","runId":95,"level":"debug","phase":"deduplication","table":"spares_used","action":"row_skipped","dedupe_keys":["job_number","lnr"],"dedupe_values":[null,null],"reason":"duplicate_key"}
{"timestamp":"2026-01-20T07:16:15.975Z","runId":95,"level":"debug","phase":"deduplication","table":"spares_used","action":"row_skipped","dedupe_keys":["job_number","lnr"],"dedupe_values":[null,null],"reason":"duplicate_key"}
{"timestamp":"2026-01-20T07:16:15.975Z","runId":95,"level":"debug","phase":"deduplication","table":"spares_used","action":"row_skipped","dedupe_keys":["job_number","lnr"],"dedupe_values":[null,null],"reason":"duplicate_key"}
{"timestamp":"2026-01-20T07:16:15.975Z","runId":95,"level":"debug","phase":"deduplication","table":"spares_used","action":"row_skipped","dedupe_keys":["job_number","lnr"],"dedupe_values":[null,null],"reason":"duplicate_key"}
{"timestamp":"2026-01-20T07:16:15.976Z","runId":95,"level":"debug","phase":"deduplication","table":"spares_used","action":"row_skipped","dedupe_keys":["job_number","lnr"],"dedupe_values":[null,null],"reason":"duplicate_key"}
{"timestamp":"2026-01-20T07:16:15.976Z","runId":95,"level":"debug","phase":"deduplication","table":"spares_used","action":"row_skipped","dedupe_keys":["job_number","lnr"],"dedupe_values":[null,null],"reason":"duplicate_key"}
{"timestamp":"2026-01-20T07:16:15.976Z","runId":95,"level":"debug","phase":"deduplication","table":"spares_used","action":"row_skipped","dedupe_keys":["job_number","lnr"],"dedupe_values":[null,null],"reason":"duplicate_key"}
{"timestamp":"2026-01-20T07:16:15.976Z","runId":95,"level":"debug","phase":"deduplication","table":"spares_used","action":"row_skipped","dedupe_keys":["job_number","lnr"],"dedupe_values":[null,null],"reason":"duplicate_key"}
{"timestamp":"2026-01-20T07:16:15.977Z","runId":95,"level":"debug","phase":"deduplication","table":"spares_used","action":"row_skipped","dedupe_keys":["job_number","lnr"],"dedupe_values":[null,null],"reason":"duplicate_key"}
{"timestamp":"2026-01-20T07:16:15.977Z","runId":95,"level":"debug","phase":"deduplication","table":"spares_used","action":"row_skipped","dedupe_keys":["job_number","lnr"],"dedupe_values":[null,null],"reason":"duplicate_key"}
{"timestamp":"2026-01-20T07:16:15.977Z","runId":95,"level":"debug","phase":"deduplication","table":"spares_used","action":"row_skipped","dedupe_keys":["job_number","lnr"],"dedupe_values":[null,null],"reason":"duplicate_key"}
{"timestamp":"2026-01-20T07:16:15.978Z","runId":95,"level":"debug","phase":"deduplication","table":"spares_used","action":"row_skipped","dedupe_keys":["job_number","lnr"],"dedupe_values":[null,null],"reason":"duplicate_key"}
{"timestamp":"2026-01-20T07:16:15.978Z","runId":95,"level":"debug","phase":"deduplication","table":"spares_used","action":"row_skipped","dedupe_keys":["job_number","lnr"],"dedupe_values":[null,null],"reason":"duplicate_key"}
{"timestamp":"2026-01-20T07:16:15.979Z","runId":95,"level":"debug","phase":"deduplication","table":"spares_used","action":"row_skipped","dedupe_keys":["job_number","lnr"],"dedupe_values":[null,null],"reason":"duplicate_key"}
{"timestamp":"2026-01-20T07:16:15.979Z","runId":95,"level":"debug","phase":"deduplication","table":"spares_used","action":"row_skipped","dedupe_keys":["job_number","lnr"],"dedupe_values":[null,null],"reason":"duplicate_key"}
{"timestamp":"2026-01-20T07:16:15.979Z","runId":95,"level":"debug","phase":"deduplication","table":"spares_used","action":"row_skipped","dedupe_keys":["job_number","lnr"],"dedupe_values":[null,null],"reason":"duplicate_key"}
{"timestamp":"2026-01-20T07:16:15.979Z","runId":95,"level":"debug","phase":"deduplication","table":"spares_used","action":"row_skipped","dedupe_keys":["job_number","lnr"],"dedupe_values":[null,null],"reason":"duplicate_key"}
{"timestamp":"2026-01-20T07:16:15.979Z","runId":95,"level":"debug","phase":"deduplication","table":"spares_used","action":"row_skipped","dedupe_keys":["job_number","lnr"],"dedupe_values":[null,null],"reason":"duplicate_key"}
{"timestamp":"2026-01-20T07:16:15.979Z","runId":95,"level":"debug","phase":"deduplication","table":"spares_used","action":"row_skipped","dedupe_keys":["job_number","lnr"],"dedupe_values":[null,null],"reason":"duplicate_key"}
{"timestamp":"2026-01-20T07:16:15.980Z","runId":95,"level":"debug","phase":"deduplication","table":"spares_used","action":"row_skipped","dedupe_keys":["job_number","lnr"],"dedupe_values":[null,null],"reason":"duplicate_key"}
{"timestamp":"2026-01-20T07:16:15.980Z","runId":95,"level":"debug","phase":"deduplication","table":"spares_used","action":"row_skipped","dedupe_keys":["job_number","lnr"],"dedupe_values":[null,null],"reason":"duplicate_key"}
{"timestamp":"2026-01-20T07:16:15.980Z","runId":95,"level":"debug","phase":"deduplication","table":"spares_used","action":"row_skipped","dedupe_keys":["job_number","lnr"],"dedupe_values":[null,null],"reason":"duplicate_key"}
{"timestamp":"2026-01-20T07:16:15.981Z","runId":95,"level":"debug","phase":"deduplication","table":"spares_used","action":"row_skipped","dedupe_keys":["job_number","lnr"],"dedupe_values":[null,null],"reason":"duplicate_key"}
{"timestamp":"2026-01-20T07:16:15.981Z","runId":95,"level":"debug","phase":"deduplication","table":"spares_used","action":"row_skipped","dedupe_keys":["job_number","lnr"],"dedupe_values":[null,null],"reason":"duplicate_key"}
{"timestamp":"2026-01-20T07:16:15.981Z","runId":95,"level":"debug","phase":"deduplication","table":"spares_used","action":"row_skipped","dedupe_keys":["job_number","lnr"],"dedupe_values":[null,null],"reason":"duplicate_key"}
{"timestamp":"2026-01-20T07:16:15.981Z","runId":95,"level":"debug","phase":"deduplication","table":"spares_used","action":"row_skipped","dedupe_keys":["job_number","lnr"],"dedupe_values":[null,null],"reason":"duplicate_key"}
{"timestamp":"2026-01-20T07:16:15.981Z","runId":95,"level":"debug","phase":"deduplication","table":"spares_used","action":"row_skipped","dedupe_keys":["job_number","lnr"],"dedupe_values":[null,null],"reason":"duplicate_key"}
{"timestamp":"2026-01-20T07:16:15.982Z","runId":95,"level":"debug","phase":"deduplication","table":"spares_used","action":"row_skipped","dedupe_keys":["job_number","lnr"],"dedupe_values":[null,null],"reason":"duplicate_key"}
{"timestamp":"2026-01-20T07:16:15.982Z","runId":95,"level":"debug","phase":"deduplication","table":"spares_used","action":"row_skipped","dedupe_keys":["job_number","lnr"],"dedupe_values":[null,null],"reason":"duplicate_key"}
{"timestamp":"2026-01-20T07:16:15.982Z","runId":95,"level":"debug","phase":"deduplication","table":"spares_used","action":"row_skipped","dedupe_keys":["job_number","lnr"],"dedupe_values":[null,null],"reason":"duplicate_key"}
{"timestamp":"2026-01-20T07:16:15.982Z","runId":95,"level":"debug","phase":"deduplication","table":"spares_used","action":"row_skipped","dedupe_keys":["job_number","lnr"],"dedupe_values":[null,null],"reason":"duplicate_key"}
{"timestamp":"2026-01-20T07:16:15.982Z","runId":95,"level":"debug","phase":"deduplication","table":"spares_used","action":"row_skipped","dedupe_keys":["job_number","lnr"],"dedupe_values":[null,null],"reason":"duplicate_key"}
{"timestamp":"2026-01-20T07:16:15.982Z","runId":95,"level":"debug","phase":"deduplication","table":"spares_used","action":"row_skipped","dedupe_keys":["job_number","lnr"],"dedupe_values":[null,null],"reason":"duplicate_key"}
{"timestamp":"2026-01-20T07:16:15.982Z","runId":95,"level":"debug","phase":"deduplication","table":"spares_used","action":"row_skipped","dedupe_keys":["job_number","lnr"],"dedupe_values":[null,null],"reason":"duplicate_key"}
{"timestamp":"2026-01-20T07:16:15.983Z","runId":95,"level":"debug","phase":"deduplication","table":"spares_used","action":"row_skipped","dedupe_keys":["job_number","lnr"],"dedupe_values":[null,null],"reason":"duplicate_key"}
{"timestamp":"2026-01-20T07:16:15.983Z","runId":95,"level":"debug","phase":"deduplication","table":"spares_used","action":"row_skipped","dedupe_keys":["job_number","lnr"],"dedupe_values":[null,null],"reason":"duplicate_key"}
{"timestamp":"2026-01-20T07:16:15.983Z","runId":95,"level":"debug","phase":"deduplication","table":"spares_used","action":"row_skipped","dedupe_keys":["job_number","lnr"],"dedupe_values":[null,null],"reason":"duplicate_key"}
{"timestamp":"2026-01-20T07:16:15.983Z","runId":95,"level":"debug","phase":"deduplication","table":"spares_used","action":"row_skipped","dedupe_keys":["job_number","lnr"],"dedupe_values":[null,null],"reason":"duplicate_key"}
{"timestamp":"2026-01-20T07:16:15.983Z","runId":95,"level":"debug","phase":"deduplication","table":"spares_used","action":"row_skipped","dedupe_keys":["job_number","lnr"],"dedupe_values":[null,null],"reason":"duplicate_key"}
{"timestamp":"2026-01-20T07:16:15.983Z","runId":95,"level":"debug","phase":"deduplication","table":"spares_used","action":"row_skipped","dedupe_keys":["job_number","lnr"],"dedupe_values":[null,null],"reason":"duplicate_key"}
{"timestamp":"2026-01-20T07:16:15.984Z","runId":95,"level":"debug","phase":"deduplication","table":"spares_used","action":"row_skipped","dedupe_keys":["job_number","lnr"],"dedupe_values":[null,null],"reason":"duplicate_key"}
{"timestamp":"2026-01-20T07:16:15.984Z","runId":95,"level":"debug","phase":"deduplication","table":"spares_used","action":"row_skipped","dedupe_keys":["job_number","lnr"],"dedupe_values":[null,null],"reason":"duplicate_key"}
{"timestamp":"2026-01-20T07:16:15.984Z","runId":95,"level":"debug","phase":"deduplication","table":"spares_used","action":"row_skipped","dedupe_keys":["job_number","lnr"],"dedupe_values":[null,null],"reason":"duplicate_key"}
{"timestamp":"2026-01-20T07:16:15.984Z","runId":95,"level":"debug","phase":"deduplication","table":"spares_used","action":"row_skipped","dedupe_keys":["job_number","lnr"],"dedupe_values":[null,null],"reason":"duplicate_key"}
{"timestamp":"2026-01-20T07:16:15.984Z","runId":95,"level":"debug","phase":"deduplication","table":"spares_used","action":"row_skipped","dedupe_keys":["job_number","lnr"],"dedupe_values":[null,null],"reason":"duplicate_key"}
{"timestamp":"2026-01-20T07:16:15.984Z","runId":95,"level":"debug","phase":"deduplication","table":"spares_used","action":"row_skipped","dedupe_keys":["job_number","lnr"],"dedupe_values":[null,null],"reason":"duplicate_key"}
{"timestamp":"2026-01-20T07:16:15.984Z","runId":95,"level":"debug","phase":"deduplication","table":"spares_used","action":"row_skipped","dedupe_keys":["job_number","lnr"],"dedupe_values":[null,null],"reason":"duplicate_key"}
{"timestamp":"2026-01-20T07:16:15.985Z","runId":95,"level":"debug","phase":"deduplication","table":"spares_used","action":"row_skipped","dedupe_keys":["job_number","lnr"],"dedupe_values":[null,null],"reason":"duplicate_key"}
{"timestamp":"2026-01-20T07:16:15.985Z","runId":95,"level":"debug","phase":"deduplication","table":"spares_used","action":"row_skipped","dedupe_keys":["job_number","lnr"],"dedupe_values":[null,null],"reason":"duplicate_key"}
{"timestamp":"2026-01-20T07:16:15.985Z","runId":95,"level":"debug","phase":"deduplication","table":"spares_used","action":"row_skipped","dedupe_keys":["job_number","lnr"],"dedupe_values":[null,null],"reason":"duplicate_key"}
{"timestamp":"2026-01-20T07:16:15.985Z","runId":95,"level":"debug","phase":"deduplication","table":"spares_used","action":"row_skipped","dedupe_keys":["job_number","lnr"],"dedupe_values":[null,null],"reason":"duplicate_key"}
{"timestamp":"2026-01-20T07:16:15.985Z","runId":95,"level":"debug","phase":"deduplication","table":"spares_used","action":"row_skipped","dedupe_keys":["job_number","lnr"],"dedupe_values":[null,null],"reason":"duplicate_key"}
{"timestamp":"2026-01-20T07:16:15.985Z","runId":95,"level":"debug","phase":"deduplication","table":"spares_used","action":"row_skipped","dedupe_keys":["job_number","lnr"],"dedupe_values":[null,null],"reason":"duplicate_key"}
{"timestamp":"2026-01-20T07:16:15.985Z","runId":95,"level":"debug","phase":"deduplication","table":"spares_used","action":"row_skipped","dedupe_keys":["job_number","lnr"],"dedupe_values":[null,null],"reason":"duplicate_key"}
{"timestamp":"2026-01-20T07:16:15.986Z","runId":95,"level":"debug","phase":"deduplication","table":"spares_used","action":"row_skipped","dedupe_keys":["job_number","lnr"],"dedupe_values":[null,null],"reason":"duplicate_key"}
{"timestamp":"2026-01-20T07:16:15.986Z","runId":95,"level":"debug","phase":"deduplication","table":"spares_used","action":"row_skipped","dedupe_keys":["job_number","lnr"],"dedupe_values":[null,null],"reason":"duplicate_key"}
{"timestamp":"2026-01-20T07:16:15.986Z","runId":95,"level":"debug","phase":"deduplication","table":"spares_used","action":"row_skipped","dedupe_keys":["job_number","lnr"],"dedupe_values":[null,null],"reason":"duplicate_key"}
{"timestamp":"2026-01-20T07:16:15.986Z","runId":95,"level":"debug","phase":"deduplication","table":"spares_used","action":"row_skipped","dedupe_keys":["job_number","lnr"],"dedupe_values":[null,null],"reason":"duplicate_key"}
{"timestamp":"2026-01-20T07:16:15.986Z","runId":95,"level":"debug","phase":"deduplication","table":"spares_used","action":"row_skipped","dedupe_keys":["job_number","lnr"],"dedupe_values":[null,null],"reason":"duplicate_key"}
{"timestamp":"2026-01-20T07:16:15.986Z","runId":95,"level":"debug","phase":"deduplication","table":"spares_used","action":"row_skipped","dedupe_keys":["job_number","lnr"],"dedupe_values":[null,null],"reason":"duplicate_key"}
{"timestamp":"2026-01-20T07:16:15.986Z","runId":95,"level":"debug","phase":"deduplication","table":"spares_used","action":"row_skipped","dedupe_keys":["job_number","lnr"],"dedupe_values":[null,null],"reason":"duplicate_key"}
{"timestamp":"2026-01-20T07:16:15.986Z","runId":95,"level":"debug","phase":"deduplication","table":"spares_used","action":"row_skipped","dedupe_keys":["job_number","lnr"],"dedupe_values":[null,null],"reason":"duplicate_key"}
{"timestamp":"2026-01-20T07:16:15.987Z","runId":95,"level":"debug","phase":"deduplication","table":"spares_used","action":"row_skipped","dedupe_keys":["job_number","lnr"],"dedupe_values":[null,null],"reason":"duplicate_key"}
{"timestamp":"2026-01-20T07:16:15.987Z","runId":95,"level":"debug","phase":"deduplication","table":"spares_used","action":"row_skipped","dedupe_keys":["job_number","lnr"],"dedupe_values":[null,null],"reason":"duplicate_key"}
{"timestamp":"2026-01-20T07:16:15.987Z","runId":95,"level":"debug","phase":"deduplication","table":"spares_used","action":"row_skipped","dedupe_keys":["job_number","lnr"],"dedupe_values":[null,null],"reason":"duplicate_key"}
{"timestamp":"2026-01-20T07:16:15.987Z","runId":95,"level":"debug","phase":"deduplication","table":"spares_used","action":"row_skipped","dedupe_keys":["job_number","lnr"],"dedupe_values":[null,null],"reason":"duplicate_key"}
{"timestamp":"2026-01-20T07:16:15.987Z","runId":95,"level":"debug","phase":"deduplication","table":"spares_used","action":"row_skipped","dedupe_keys":["job_number","lnr"],"dedupe_values":[null,null],"reason":"duplicate_key"}
{"timestamp":"2026-01-20T07:16:15.987Z","runId":95,"level":"debug","phase":"deduplication","table":"spares_used","action":"row_skipped","dedupe_keys":["job_number","lnr"],"dedupe_values":[null,null],"reason":"duplicate_key"}
{"timestamp":"2026-01-20T07:16:15.987Z","runId":95,"level":"debug","phase":"deduplication","table":"spares_used","action":"row_skipped","dedupe_keys":["job_number","lnr"],"dedupe_values":[null,null],"reason":"duplicate_key"}
{"timestamp":"2026-01-20T07:16:15.988Z","runId":95,"level":"debug","phase":"deduplication","table":"spares_used","action":"row_skipped","dedupe_keys":["job_number","lnr"],"dedupe_values":[null,null],"reason":"duplicate_key"}
{"timestamp":"2026-01-20T07:16:15.988Z","runId":95,"level":"debug","phase":"deduplication","table":"spares_used","action":"row_skipped","dedupe_keys":["job_number","lnr"],"dedupe_values":[null,null],"reason":"duplicate_key"}
{"timestamp":"2026-01-20T07:16:15.988Z","runId":95,"level":"debug","phase":"deduplication","table":"spares_used","action":"row_skipped","dedupe_keys":["job_number","lnr"],"dedupe_values":[null,null],"reason":"duplicate_key"}
{"timestamp":"2026-01-20T07:16:15.988Z","runId":95,"level":"debug","phase":"deduplication","table":"spares_used","action":"row_skipped","dedupe_keys":["job_number","lnr"],"dedupe_values":[null,null],"reason":"duplicate_key"}
{"timestamp":"2026-01-20T07:16:15.988Z","runId":95,"level":"debug","phase":"deduplication","table":"spares_used","action":"row_skipped","dedupe_keys":["job_number","lnr"],"dedupe_values":[null,null],"reason":"duplicate_key"}
{"timestamp":"2026-01-20T07:16:15.988Z","runId":95,"level":"debug","phase":"deduplication","table":"spares_used","action":"row_skipped","dedupe_keys":["job_number","lnr"],"dedupe_values":[null,null],"reason":"duplicate_key"}
{"timestamp":"2026-01-20T07:16:15.988Z","runId":95,"level":"debug","phase":"deduplication","table":"spares_used","action":"row_skipped","dedupe_keys":["job_number","lnr"],"dedupe_values":[null,null],"reason":"duplicate_key"}
{"timestamp":"2026-01-20T07:16:15.988Z","runId":95,"level":"debug","phase":"deduplication","table":"spares_used","action":"row_skipped","dedupe_keys":["job_number","lnr"],"dedupe_values":[null,null],"reason":"duplicate_key"}
{"timestamp":"2026-01-20T07:16:15.988Z","runId":95,"level":"debug","phase":"deduplication","table":"spares_used","action":"row_skipped","dedupe_keys":["job_number","lnr"],"dedupe_values":[null,null],"reason":"duplicate_key"}
{"timestamp":"2026-01-20T07:16:15.989Z","runId":95,"level":"debug","phase":"deduplication","table":"spares_used","action":"row_skipped","dedupe_keys":["job_number","lnr"],"dedupe_values":[null,null],"reason":"duplicate_key"}
{"timestamp":"2026-01-20T07:16:15.989Z","runId":95,"level":"debug","phase":"deduplication","table":"spares_used","action":"row_skipped","dedupe_keys":["job_number","lnr"],"dedupe_values":[null,null],"reason":"duplicate_key"}
{"timestamp":"2026-01-20T07:16:15.989Z","runId":95,"level":"debug","phase":"deduplication","table":"spares_used","action":"row_skipped","dedupe_keys":["job_number","lnr"],"dedupe_values":[null,null],"reason":"duplicate_key"}
{"timestamp":"2026-01-20T07:16:15.989Z","runId":95,"level":"debug","phase":"deduplication","table":"spares_used","action":"row_skipped","dedupe_keys":["job_number","lnr"],"dedupe_values":[null,null],"reason":"duplicate_key"}
{"timestamp":"2026-01-20T07:16:15.989Z","runId":95,"level":"debug","phase":"deduplication","table":"spares_used","action":"row_skipped","dedupe_keys":["job_number","lnr"],"dedupe_values":[null,null],"reason":"duplicate_key"}
{"timestamp":"2026-01-20T07:16:15.989Z","runId":95,"level":"debug","phase":"deduplication","table":"spares_used","action":"row_skipped","dedupe_keys":["job_number","lnr"],"dedupe_values":[null,null],"reason":"duplicate_key"}
{"timestamp":"2026-01-20T07:16:15.989Z","runId":95,"level":"debug","phase":"deduplication","table":"spares_used","action":"row_skipped","dedupe_keys":["job_number","lnr"],"dedupe_values":[null,null],"reason":"duplicate_key"}
{"timestamp":"2026-01-20T07:16:15.990Z","runId":95,"level":"debug","phase":"deduplication","table":"spares_used","action":"row_skipped","dedupe_keys":["job_number","lnr"],"dedupe_values":[null,null],"reason":"duplicate_key"}
{"timestamp":"2026-01-20T07:16:15.990Z","runId":95,"level":"debug","phase":"deduplication","table":"spares_used","action":"row_skipped","dedupe_keys":["job_number","lnr"],"dedupe_values":[null,null],"reason":"duplicate_key"}
{"timestamp":"2026-01-20T07:16:15.990Z","runId":95,"level":"debug","phase":"deduplication","table":"spares_used","action":"row_skipped","dedupe_keys":["job_number","lnr"],"dedupe_values":[null,null],"reason":"duplicate_key"}
{"timestamp":"2026-01-20T07:16:15.990Z","runId":95,"level":"debug","phase":"deduplication","table":"spares_used","action":"row_skipped","dedupe_keys":["job_number","lnr"],"dedupe_values":[null,null],"reason":"duplicate_key"}
{"timestamp":"2026-01-20T07:16:15.990Z","runId":95,"level":"debug","phase":"deduplication","table":"spares_used","action":"row_skipped","dedupe_keys":["job_number","lnr"],"dedupe_values":[null,null],"reason":"duplicate_key"}
{"timestamp":"2026-01-20T07:16:15.990Z","runId":95,"level":"debug","phase":"deduplication","table":"spares_used","action":"row_skipped","dedupe_keys":["job_number","lnr"],"dedupe_values":[null,null],"reason":"duplicate_key"}
{"timestamp":"2026-01-20T07:16:15.990Z","runId":95,"level":"debug","phase":"deduplication","table":"spares_used","action":"row_skipped","dedupe_keys":["job_number","lnr"],"dedupe_values":[null,null],"reason":"duplicate_key"}
{"timestamp":"2026-01-20T07:16:15.991Z","runId":95,"level":"debug","phase":"deduplication","table":"spares_used","action":"row_skipped","dedupe_keys":["job_number","lnr"],"dedupe_values":[null,null],"reason":"duplicate_key"}
{"timestamp":"2026-01-20T07:16:15.991Z","runId":95,"level":"debug","phase":"deduplication","table":"spares_used","action":"row_skipped","dedupe_keys":["job_number","lnr"],"dedupe_values":[null,null],"reason":"duplicate_key"}
{"timestamp":"2026-01-20T07:16:15.991Z","runId":95,"level":"debug","phase":"deduplication","table":"spares_used","action":"row_skipped","dedupe_keys":["job_number","lnr"],"dedupe_values":[null,null],"reason":"duplicate_key"}
{"timestamp":"2026-01-20T07:16:15.991Z","runId":95,"level":"debug","phase":"deduplication","table":"spares_used","action":"row_skipped","dedupe_keys":["job_number","lnr"],"dedupe_values":[null,null],"reason":"duplicate_key"}
{"timestamp":"2026-01-20T07:16:15.991Z","runId":95,"level":"debug","phase":"deduplication","table":"spares_used","action":"row_skipped","dedupe_keys":["job_number","lnr"],"dedupe_values":[null,null],"reason":"duplicate_key"}
{"timestamp":"2026-01-20T07:16:15.991Z","runId":95,"level":"debug","phase":"deduplication","table":"spares_used","action":"row_skipped","dedupe_keys":["job_number","lnr"],"dedupe_values":[null,null],"reason":"duplicate_key"}
{"timestamp":"2026-01-20T07:16:15.991Z","runId":95,"level":"debug","phase":"deduplication","table":"spares_used","action":"row_skipped","dedupe_keys":["job_number","lnr"],"dedupe_values":[null,null],"reason":"duplicate_key"}
{"timestamp":"2026-01-20T07:16:15.991Z","runId":95,"level":"debug","phase":"deduplication","table":"spares_used","action":"row_skipped","dedupe_keys":["job_number","lnr"],"dedupe_values":[null,null],"reason":"duplicate_key"}
{"timestamp":"2026-01-20T07:16:15.992Z","runId":95,"level":"debug","phase":"deduplication","table":"spares_used","action":"row_skipped","dedupe_keys":["job_number","lnr"],"dedupe_values":[null,null],"reason":"duplicate_key"}
{"timestamp":"2026-01-20T07:16:15.992Z","runId":95,"level":"debug","phase":"deduplication","table":"spares_used","action":"row_skipped","dedupe_keys":["job_number","lnr"],"dedupe_values":[null,null],"reason":"duplicate_key"}
{"timestamp":"2026-01-20T07:16:15.992Z","runId":95,"level":"debug","phase":"deduplication","table":"spares_used","action":"row_skipped","dedupe_keys":["job_number","lnr"],"dedupe_values":[null,null],"reason":"duplicate_key"}
{"timestamp":"2026-01-20T07:16:15.992Z","runId":95,"level":"debug","phase":"deduplication","table":"spares_used","action":"row_skipped","dedupe_keys":["job_number","lnr"],"dedupe_values":[null,null],"reason":"duplicate_key"}
{"timestamp":"2026-01-20T07:16:15.992Z","runId":95,"level":"debug","phase":"deduplication","table":"spares_used","action":"row_skipped","dedupe_keys":["job_number","lnr"],"dedupe_values":[null,null],"reason":"duplicate_key"}
{"timestamp":"2026-01-20T07:16:15.992Z","runId":95,"level":"debug","phase":"deduplication","table":"spares_used","action":"row_skipped","dedupe_keys":["job_number","lnr"],"dedupe_values":[null,null],"reason":"duplicate_key"}
{"timestamp":"2026-01-20T07:16:15.992Z","runId":95,"level":"debug","phase":"deduplication","table":"spares_used","action":"row_skipped","dedupe_keys":["job_number","lnr"],"dedupe_values":[null,null],"reason":"duplicate_key"}
{"timestamp":"2026-01-20T07:16:15.993Z","runId":95,"level":"debug","phase":"deduplication","table":"spares_used","action":"row_skipped","dedupe_keys":["job_number","lnr"],"dedupe_values":[null,null],"reason":"duplicate_key"}
{"timestamp":"2026-01-20T07:16:15.993Z","runId":95,"level":"debug","phase":"deduplication","table":"spares_used","action":"row_skipped","dedupe_keys":["job_number","lnr"],"dedupe_values":[null,null],"reason":"duplicate_key"}
{"timestamp":"2026-01-20T07:16:15.993Z","runId":95,"level":"debug","phase":"deduplication","table":"spares_used","action":"row_skipped","dedupe_keys":["job_number","lnr"],"dedupe_values":[null,null],"reason":"duplicate_key"}
{"timestamp":"2026-01-20T07:16:15.993Z","runId":95,"level":"debug","phase":"deduplication","table":"spares_used","action":"row_skipped","dedupe_keys":["job_number","lnr"],"dedupe_values":[null,null],"reason":"duplicate_key"}
{"timestamp":"2026-01-20T07:16:15.993Z","runId":95,"level":"debug","phase":"deduplication","table":"spares_used","action":"row_skipped","dedupe_keys":["job_number","lnr"],"dedupe_values":[null,null],"reason":"duplicate_key"}
{"timestamp":"2026-01-20T07:16:15.993Z","runId":95,"level":"debug","phase":"deduplication","table":"spares_used","action":"row_skipped","dedupe_keys":["job_number","lnr"],"dedupe_values":[null,null],"reason":"duplicate_key"}
{"timestamp":"2026-01-20T07:16:15.994Z","runId":95,"level":"debug","phase":"deduplication","table":"spares_used","action":"row_skipped","dedupe_keys":["job_number","lnr"],"dedupe_values":[null,null],"reason":"duplicate_key"}
{"timestamp":"2026-01-20T07:16:15.994Z","runId":95,"level":"debug","phase":"deduplication","table":"spares_used","action":"row_skipped","dedupe_keys":["job_number","lnr"],"dedupe_values":[null,null],"reason":"duplicate_key"}
{"timestamp":"2026-01-20T07:16:15.994Z","runId":95,"level":"debug","phase":"deduplication","table":"spares_used","action":"row_skipped","dedupe_keys":["job_number","lnr"],"dedupe_values":[null,null],"reason":"duplicate_key"}
{"timestamp":"2026-01-20T07:16:15.994Z","runId":95,"level":"debug","phase":"deduplication","table":"spares_used","action":"row_skipped","dedupe_keys":["job_number","lnr"],"dedupe_values":[null,null],"reason":"duplicate_key"}
{"timestamp":"2026-01-20T07:16:15.994Z","runId":95,"level":"debug","phase":"deduplication","table":"spares_used","action":"row_skipped","dedupe_keys":["job_number","lnr"],"dedupe_values":[null,null],"reason":"duplicate_key"}
{"timestamp":"2026-01-20T07:16:15.995Z","runId":95,"level":"debug","phase":"deduplication","table":"spares_used","action":"row_skipped","dedupe_keys":["job_number","lnr"],"dedupe_values":[null,null],"reason":"duplicate_key"}
{"timestamp":"2026-01-20T07:16:15.995Z","runId":95,"level":"debug","phase":"deduplication","table":"spares_used","action":"row_skipped","dedupe_keys":["job_number","lnr"],"dedupe_values":[null,null],"reason":"duplicate_key"}
{"timestamp":"2026-01-20T07:16:15.995Z","runId":95,"level":"debug","phase":"deduplication","table":"spares_used","action":"row_skipped","dedupe_keys":["job_number","lnr"],"dedupe_values":[null,null],"reason":"duplicate_key"}
{"timestamp":"2026-01-20T07:16:15.995Z","runId":95,"level":"debug","phase":"deduplication","table":"spares_used","action":"row_skipped","dedupe_keys":["job_number","lnr"],"dedupe_values":[null,null],"reason":"duplicate_key"}
{"timestamp":"2026-01-20T07:16:15.995Z","runId":95,"level":"debug","phase":"deduplication","table":"spares_used","action":"row_skipped","dedupe_keys":["job_number","lnr"],"dedupe_values":[null,null],"reason":"duplicate_key"}
{"timestamp":"2026-01-20T07:16:15.995Z","runId":95,"level":"debug","phase":"deduplication","table":"spares_used","action":"row_skipped","dedupe_keys":["job_number","lnr"],"dedupe_values":[null,null],"reason":"duplicate_key"}
{"timestamp":"2026-01-20T07:16:15.996Z","runId":95,"level":"debug","phase":"deduplication","table":"spares_used","action":"row_skipped","dedupe_keys":["job_number","lnr"],"dedupe_values":[null,null],"reason":"duplicate_key"}
{"timestamp":"2026-01-20T07:16:15.996Z","runId":95,"level":"debug","phase":"deduplication","table":"spares_used","action":"row_skipped","dedupe_keys":["job_number","lnr"],"dedupe_values":[null,null],"reason":"duplicate_key"}
{"timestamp":"2026-01-20T07:16:15.996Z","runId":95,"level":"debug","phase":"deduplication","table":"spares_used","action":"row_skipped","dedupe_keys":["job_number","lnr"],"dedupe_values":[null,null],"reason":"duplicate_key"}
{"timestamp":"2026-01-20T07:16:15.996Z","runId":95,"level":"debug","phase":"deduplication","table":"spares_used","action":"row_skipped","dedupe_keys":["job_number","lnr"],"dedupe_values":[null,null],"reason":"duplicate_key"}
{"timestamp":"2026-01-20T07:16:15.996Z","runId":95,"level":"debug","phase":"deduplication","table":"spares_used","action":"row_skipped","dedupe_keys":["job_number","lnr"],"dedupe_values":[null,null],"reason":"duplicate_key"}
{"timestamp":"2026-01-20T07:16:15.996Z","runId":95,"level":"debug","phase":"deduplication","table":"spares_used","action":"row_skipped","dedupe_keys":["job_number","lnr"],"dedupe_values":[null,null],"reason":"duplicate_key"}
{"timestamp":"2026-01-20T07:16:15.996Z","runId":95,"level":"debug","phase":"deduplication","table":"spares_used","action":"row_skipped","dedupe_keys":["job_number","lnr"],"dedupe_values":[null,null],"reason":"duplicate_key"}
{"timestamp":"2026-01-20T07:16:15.997Z","runId":95,"level":"debug","phase":"deduplication","table":"spares_used","action":"row_skipped","dedupe_keys":["job_number","lnr"],"dedupe_values":[null,null],"reason":"duplicate_key"}
{"timestamp":"2026-01-20T07:16:15.997Z","runId":95,"level":"debug","phase":"deduplication","table":"spares_used","action":"row_skipped","dedupe_keys":["job_number","lnr"],"dedupe_values":[null,null],"reason":"duplicate_key"}
{"timestamp":"2026-01-20T07:16:15.997Z","runId":95,"level":"debug","phase":"deduplication","table":"spares_used","action":"row_skipped","dedupe_keys":["job_number","lnr"],"dedupe_values":[null,null],"reason":"duplicate_key"}
{"timestamp":"2026-01-20T07:16:15.997Z","runId":95,"level":"debug","phase":"deduplication","table":"spares_used","action":"row_skipped","dedupe_keys":["job_number","lnr"],"dedupe_values":[null,null],"reason":"duplicate_key"}
{"timestamp":"2026-01-20T07:16:15.997Z","runId":95,"level":"debug","phase":"deduplication","table":"spares_used","action":"row_skipped","dedupe_keys":["job_number","lnr"],"dedupe_values":[null,null],"reason":"duplicate_key"}
{"timestamp":"2026-01-20T07:16:15.997Z","runId":95,"level":"debug","phase":"deduplication","table":"spares_used","action":"row_skipped","dedupe_keys":["job_number","lnr"],"dedupe_values":[null,null],"reason":"duplicate_key"}
{"timestamp":"2026-01-20T07:16:15.997Z","runId":95,"level":"debug","phase":"deduplication","table":"spares_used","action":"row_skipped","dedupe_keys":["job_number","lnr"],"dedupe_values":[null,null],"reason":"duplicate_key"}
{"timestamp":"2026-01-20T07:16:15.998Z","runId":95,"level":"debug","phase":"deduplication","table":"spares_used","action":"row_skipped","dedupe_keys":["job_number","lnr"],"dedupe_values":[null,null],"reason":"duplicate_key"}
{"timestamp":"2026-01-20T07:16:15.998Z","runId":95,"level":"debug","phase":"deduplication","table":"spares_used","action":"row_skipped","dedupe_keys":["job_number","lnr"],"dedupe_values":[null,null],"reason":"duplicate_key"}
{"timestamp":"2026-01-20T07:16:15.998Z","runId":95,"level":"debug","phase":"deduplication","table":"spares_used","action":"row_skipped","dedupe_keys":["job_number","lnr"],"dedupe_values":[null,null],"reason":"duplicate_key"}
{"timestamp":"2026-01-20T07:16:15.998Z","runId":95,"level":"debug","phase":"deduplication","table":"spares_used","action":"row_skipped","dedupe_keys":["job_number","lnr"],"dedupe_values":[null,null],"reason":"duplicate_key"}
{"timestamp":"2026-01-20T07:16:15.998Z","runId":95,"level":"debug","phase":"deduplication","table":"spares_used","action":"row_skipped","dedupe_keys":["job_number","lnr"],"dedupe_values":[null,null],"reason":"duplicate_key"}
{"timestamp":"2026-01-20T07:16:15.998Z","runId":95,"level":"debug","phase":"deduplication","table":"spares_used","action":"row_skipped","dedupe_keys":["job_number","lnr"],"dedupe_values":[null,null],"reason":"duplicate_key"}
{"timestamp":"2026-01-20T07:16:15.998Z","runId":95,"level":"debug","phase":"deduplication","table":"spares_used","action":"row_skipped","dedupe_keys":["job_number","lnr"],"dedupe_values":[null,null],"reason":"duplicate_key"}
{"timestamp":"2026-01-20T07:16:15.999Z","runId":95,"level":"debug","phase":"deduplication","table":"spares_used","action":"row_skipped","dedupe_keys":["job_number","lnr"],"dedupe_values":[null,null],"reason":"duplicate_key"}
{"timestamp":"2026-01-20T07:16:15.999Z","runId":95,"level":"debug","phase":"deduplication","table":"spares_used","action":"row_skipped","dedupe_keys":["job_number","lnr"],"dedupe_values":[null,null],"reason":"duplicate_key"}
{"timestamp":"2026-01-20T07:16:15.999Z","runId":95,"level":"debug","phase":"deduplication","table":"spares_used","action":"row_skipped","dedupe_keys":["job_number","lnr"],"dedupe_values":[null,null],"reason":"duplicate_key"}
{"timestamp":"2026-01-20T07:16:15.999Z","runId":95,"level":"debug","phase":"deduplication","table":"spares_used","action":"row_skipped","dedupe_keys":["job_number","lnr"],"dedupe_values":[null,null],"reason":"duplicate_key"}
{"timestamp":"2026-01-20T07:16:15.999Z","runId":95,"level":"debug","phase":"deduplication","table":"spares_used","action":"row_skipped","dedupe_keys":["job_number","lnr"],"dedupe_values":[null,null],"reason":"duplicate_key"}
{"timestamp":"2026-01-20T07:16:16.000Z","runId":95,"level":"debug","phase":"deduplication","table":"spares_used","action":"row_skipped","dedupe_keys":["job_number","lnr"],"dedupe_values":[null,null],"reason":"duplicate_key"}
{"timestamp":"2026-01-20T07:16:16.000Z","runId":95,"level":"debug","phase":"deduplication","table":"spares_used","action":"row_skipped","dedupe_keys":["job_number","lnr"],"dedupe_values":[null,null],"reason":"duplicate_key"}
{"timestamp":"2026-01-20T07:16:16.000Z","runId":95,"level":"debug","phase":"deduplication","table":"spares_used","action":"row_skipped","dedupe_keys":["job_number","lnr"],"dedupe_values":[null,null],"reason":"duplicate_key"}
{"timestamp":"2026-01-20T07:16:16.000Z","runId":95,"level":"debug","phase":"deduplication","table":"spares_used","action":"row_skipped","dedupe_keys":["job_number","lnr"],"dedupe_values":[null,null],"reason":"duplicate_key"}
{"timestamp":"2026-01-20T07:16:16.000Z","runId":95,"level":"debug","phase":"deduplication","table":"spares_used","action":"row_skipped","dedupe_keys":["job_number","lnr"],"dedupe_values":[null,null],"reason":"duplicate_key"}
{"timestamp":"2026-01-20T07:16:16.000Z","runId":95,"level":"debug","phase":"deduplication","table":"spares_used","action":"row_skipped","dedupe_keys":["job_number","lnr"],"dedupe_values":[null,null],"reason":"duplicate_key"}
{"timestamp":"2026-01-20T07:16:16.000Z","runId":95,"level":"debug","phase":"deduplication","table":"spares_used","action":"row_skipped","dedupe_keys":["job_number","lnr"],"dedupe_values":[null,null],"reason":"duplicate_key"}
{"timestamp":"2026-01-20T07:16:16.000Z","runId":95,"level":"debug","phase":"deduplication","table":"spares_used","action":"row_skipped","dedupe_keys":["job_number","lnr"],"dedupe_values":[null,null],"reason":"duplicate_key"}
{"timestamp":"2026-01-20T07:16:16.001Z","runId":95,"level":"debug","phase":"deduplication","table":"spares_used","action":"row_skipped","dedupe_keys":["job_number","lnr"],"dedupe_values":[null,null],"reason":"duplicate_key"}
{"timestamp":"2026-01-20T07:16:16.001Z","runId":95,"level":"debug","phase":"deduplication","table":"spares_used","action":"row_skipped","dedupe_keys":["job_number","lnr"],"dedupe_values":[null,null],"reason":"duplicate_key"}
{"timestamp":"2026-01-20T07:16:16.001Z","runId":95,"level":"debug","phase":"deduplication","table":"spares_used","action":"row_skipped","dedupe_keys":["job_number","lnr"],"dedupe_values":[null,null],"reason":"duplicate_key"}
{"timestamp":"2026-01-20T07:16:16.001Z","runId":95,"level":"debug","phase":"deduplication","table":"spares_used","action":"row_skipped","dedupe_keys":["job_number","lnr"],"dedupe_values":[null,null],"reason":"duplicate_key"}
{"timestamp":"2026-01-20T07:16:16.001Z","runId":95,"level":"debug","phase":"deduplication","table":"spares_used","action":"row_skipped","dedupe_keys":["job_number","lnr"],"dedupe_values":[null,null],"reason":"duplicate_key"}
{"timestamp":"2026-01-20T07:16:16.001Z","runId":95,"level":"debug","phase":"deduplication","table":"spares_used","action":"row_skipped","dedupe_keys":["job_number","lnr"],"dedupe_values":[null,null],"reason":"duplicate_key"}
{"timestamp":"2026-01-20T07:16:16.001Z","runId":95,"level":"debug","phase":"deduplication","table":"spares_used","action":"row_skipped","dedupe_keys":["job_number","lnr"],"dedupe_values":[null,null],"reason":"duplicate_key"}
{"timestamp":"2026-01-20T07:16:16.001Z","runId":95,"level":"debug","phase":"deduplication","table":"spares_used","action":"row_skipped","dedupe_keys":["job_number","lnr"],"dedupe_values":[null,null],"reason":"duplicate_key"}
{"timestamp":"2026-01-20T07:16:16.002Z","runId":95,"level":"debug","phase":"deduplication","table":"spares_used","action":"row_skipped","dedupe_keys":["job_number","lnr"],"dedupe_values":[null,null],"reason":"duplicate_key"}
{"timestamp":"2026-01-20T07:16:16.002Z","runId":95,"level":"debug","phase":"deduplication","table":"spares_used","action":"row_skipped","dedupe_keys":["job_number","lnr"],"dedupe_values":[null,null],"reason":"duplicate_key"}
{"timestamp":"2026-01-20T07:16:16.002Z","runId":95,"level":"debug","phase":"deduplication","table":"spares_used","action":"row_skipped","dedupe_keys":["job_number","lnr"],"dedupe_values":[null,null],"reason":"duplicate_key"}
{"timestamp":"2026-01-20T07:16:16.002Z","runId":95,"level":"debug","phase":"deduplication","table":"spares_used","action":"row_skipped","dedupe_keys":["job_number","lnr"],"dedupe_values":[null,null],"reason":"duplicate_key"}
{"timestamp":"2026-01-20T07:16:16.002Z","runId":95,"level":"debug","phase":"deduplication","table":"spares_used","action":"row_skipped","dedupe_keys":["job_number","lnr"],"dedupe_values":[null,null],"reason":"duplicate_key"}
{"timestamp":"2026-01-20T07:16:16.002Z","runId":95,"level":"debug","phase":"deduplication","table":"spares_used","action":"row_skipped","dedupe_keys":["job_number","lnr"],"dedupe_values":[null,null],"reason":"duplicate_key"}
{"timestamp":"2026-01-20T07:16:16.002Z","runId":95,"level":"debug","phase":"deduplication","table":"spares_used","action":"row_skipped","dedupe_keys":["job_number","lnr"],"dedupe_values":[null,null],"reason":"duplicate_key"}
{"timestamp":"2026-01-20T07:16:16.003Z","runId":95,"level":"debug","phase":"deduplication","table":"spares_used","action":"row_skipped","dedupe_keys":["job_number","lnr"],"dedupe_values":[null,null],"reason":"duplicate_key"}
{"timestamp":"2026-01-20T07:16:16.003Z","runId":95,"level":"debug","phase":"deduplication","table":"spares_used","action":"row_skipped","dedupe_keys":["job_number","lnr"],"dedupe_values":[null,null],"reason":"duplicate_key"}
{"timestamp":"2026-01-20T07:16:16.003Z","runId":95,"level":"debug","phase":"deduplication","table":"spares_used","action":"row_skipped","dedupe_keys":["job_number","lnr"],"dedupe_values":[null,null],"reason":"duplicate_key"}
{"timestamp":"2026-01-20T07:16:16.003Z","runId":95,"level":"debug","phase":"deduplication","table":"spares_used","action":"row_skipped","dedupe_keys":["job_number","lnr"],"dedupe_values":[null,null],"reason":"duplicate_key"}
{"timestamp":"2026-01-20T07:16:16.003Z","runId":95,"level":"debug","phase":"deduplication","table":"spares_used","action":"row_skipped","dedupe_keys":["job_number","lnr"],"dedupe_values":[null,null],"reason":"duplicate_key"}
{"timestamp":"2026-01-20T07:16:16.003Z","runId":95,"level":"debug","phase":"deduplication","table":"spares_used","action":"row_skipped","dedupe_keys":["job_number","lnr"],"dedupe_values":[null,null],"reason":"duplicate_key"}
{"timestamp":"2026-01-20T07:16:16.003Z","runId":95,"level":"debug","phase":"deduplication","table":"spares_used","action":"row_skipped","dedupe_keys":["job_number","lnr"],"dedupe_values":[null,null],"reason":"duplicate_key"}
{"timestamp":"2026-01-20T07:16:16.004Z","runId":95,"level":"debug","phase":"deduplication","table":"spares_used","action":"row_skipped","dedupe_keys":["job_number","lnr"],"dedupe_values":[null,null],"reason":"duplicate_key"}
{"timestamp":"2026-01-20T07:16:16.004Z","runId":95,"level":"debug","phase":"deduplication","table":"spares_used","action":"row_skipped","dedupe_keys":["job_number","lnr"],"dedupe_values":[null,null],"reason":"duplicate_key"}
{"timestamp":"2026-01-20T07:16:16.004Z","runId":95,"level":"debug","phase":"deduplication","table":"spares_used","action":"row_skipped","dedupe_keys":["job_number","lnr"],"dedupe_values":[null,null],"reason":"duplicate_key"}
{"timestamp":"2026-01-20T07:16:16.004Z","runId":95,"level":"debug","phase":"deduplication","table":"spares_used","action":"row_skipped","dedupe_keys":["job_number","lnr"],"dedupe_values":[null,null],"reason":"duplicate_key"}
{"timestamp":"2026-01-20T07:16:16.004Z","runId":95,"level":"debug","phase":"deduplication","table":"spares_used","action":"row_skipped","dedupe_keys":["job_number","lnr"],"dedupe_values":[null,null],"reason":"duplicate_key"}
{"timestamp":"2026-01-20T07:16:16.004Z","runId":95,"level":"debug","phase":"deduplication","table":"spares_used","action":"row_skipped","dedupe_keys":["job_number","lnr"],"dedupe_values":[null,null],"reason":"duplicate_key"}
{"timestamp":"2026-01-20T07:16:16.004Z","runId":95,"level":"debug","phase":"deduplication","table":"spares_used","action":"row_skipped","dedupe_keys":["job_number","lnr"],"dedupe_values":[null,null],"reason":"duplicate_key"}
{"timestamp":"2026-01-20T07:16:16.005Z","runId":95,"level":"debug","phase":"deduplication","table":"spares_used","action":"row_skipped","dedupe_keys":["job_number","lnr"],"dedupe_values":[null,null],"reason":"duplicate_key"}
{"timestamp":"2026-01-20T07:16:16.005Z","runId":95,"level":"debug","phase":"deduplication","table":"spares_used","action":"row_skipped","dedupe_keys":["job_number","lnr"],"dedupe_values":[null,null],"reason":"duplicate_key"}
{"timestamp":"2026-01-20T07:16:16.005Z","runId":95,"level":"debug","phase":"deduplication","table":"spares_used","action":"row_skipped","dedupe_keys":["job_number","lnr"],"dedupe_values":[null,null],"reason":"duplicate_key"}
{"timestamp":"2026-01-20T07:16:16.005Z","runId":95,"level":"debug","phase":"deduplication","table":"spares_used","action":"row_skipped","dedupe_keys":["job_number","lnr"],"dedupe_values":[null,null],"reason":"duplicate_key"}
{"timestamp":"2026-01-20T07:16:16.005Z","runId":95,"level":"debug","phase":"deduplication","table":"spares_used","action":"row_skipped","dedupe_keys":["job_number","lnr"],"dedupe_values":[null,null],"reason":"duplicate_key"}
{"timestamp":"2026-01-20T07:16:16.005Z","runId":95,"level":"debug","phase":"deduplication","table":"spares_used","action":"row_skipped","dedupe_keys":["job_number","lnr"],"dedupe_values":[null,null],"reason":"duplicate_key"}
{"timestamp":"2026-01-20T07:16:16.005Z","runId":95,"level":"debug","phase":"deduplication","table":"spares_used","action":"row_skipped","dedupe_keys":["job_number","lnr"],"dedupe_values":[null,null],"reason":"duplicate_key"}
{"timestamp":"2026-01-20T07:16:16.006Z","runId":95,"level":"debug","phase":"deduplication","table":"spares_used","action":"row_skipped","dedupe_keys":["job_number","lnr"],"dedupe_values":[null,null],"reason":"duplicate_key"}
{"timestamp":"2026-01-20T07:16:16.006Z","runId":95,"level":"debug","phase":"deduplication","table":"spares_used","action":"row_skipped","dedupe_keys":["job_number","lnr"],"dedupe_values":[null,null],"reason":"duplicate_key"}
{"timestamp":"2026-01-20T07:16:16.006Z","runId":95,"level":"debug","phase":"deduplication","table":"spares_used","action":"row_skipped","dedupe_keys":["job_number","lnr"],"dedupe_values":[null,null],"reason":"duplicate_key"}
{"timestamp":"2026-01-20T07:16:16.006Z","runId":95,"level":"debug","phase":"deduplication","table":"spares_used","action":"row_skipped","dedupe_keys":["job_number","lnr"],"dedupe_values":[null,null],"reason":"duplicate_key"}
{"timestamp":"2026-01-20T07:16:16.006Z","runId":95,"level":"debug","phase":"deduplication","table":"spares_used","action":"row_skipped","dedupe_keys":["job_number","lnr"],"dedupe_values":[null,null],"reason":"duplicate_key"}
{"timestamp":"2026-01-20T07:16:16.006Z","runId":95,"level":"debug","phase":"deduplication","table":"spares_used","action":"row_skipped","dedupe_keys":["job_number","lnr"],"dedupe_values":[null,null],"reason":"duplicate_key"}
{"timestamp":"2026-01-20T07:16:16.006Z","runId":95,"level":"debug","phase":"deduplication","table":"spares_used","action":"row_skipped","dedupe_keys":["job_number","lnr"],"dedupe_values":[null,null],"reason":"duplicate_key"}
{"timestamp":"2026-01-20T07:16:16.007Z","runId":95,"level":"debug","phase":"deduplication","table":"spares_used","action":"row_skipped","dedupe_keys":["job_number","lnr"],"dedupe_values":[null,null],"reason":"duplicate_key"}
{"timestamp":"2026-01-20T07:16:16.007Z","runId":95,"level":"debug","phase":"deduplication","table":"spares_used","action":"row_skipped","dedupe_keys":["job_number","lnr"],"dedupe_values":[null,null],"reason":"duplicate_key"}
{"timestamp":"2026-01-20T07:16:16.007Z","runId":95,"level":"debug","phase":"deduplication","table":"spares_used","action":"row_skipped","dedupe_keys":["job_number","lnr"],"dedupe_values":[null,null],"reason":"duplicate_key"}
{"timestamp":"2026-01-20T07:16:16.007Z","runId":95,"level":"debug","phase":"deduplication","table":"spares_used","action":"row_skipped","dedupe_keys":["job_number","lnr"],"dedupe_values":[null,null],"reason":"duplicate_key"}
{"timestamp":"2026-01-20T07:16:16.007Z","runId":95,"level":"debug","phase":"deduplication","table":"spares_used","action":"row_skipped","dedupe_keys":["job_number","lnr"],"dedupe_values":[null,null],"reason":"duplicate_key"}
{"timestamp":"2026-01-20T07:16:16.007Z","runId":95,"level":"debug","phase":"deduplication","table":"spares_used","action":"row_skipped","dedupe_keys":["job_number","lnr"],"dedupe_values":[null,null],"reason":"duplicate_key"}
{"timestamp":"2026-01-20T07:16:16.008Z","runId":95,"level":"debug","phase":"deduplication","table":"spares_used","action":"row_skipped","dedupe_keys":["job_number","lnr"],"dedupe_values":[null,null],"reason":"duplicate_key"}
{"timestamp":"2026-01-20T07:16:16.008Z","runId":95,"level":"debug","phase":"deduplication","table":"spares_used","action":"row_skipped","dedupe_keys":["job_number","lnr"],"dedupe_values":[null,null],"reason":"duplicate_key"}
{"timestamp":"2026-01-20T07:16:16.008Z","runId":95,"level":"debug","phase":"deduplication","table":"spares_used","action":"row_skipped","dedupe_keys":["job_number","lnr"],"dedupe_values":[null,null],"reason":"duplicate_key"}
{"timestamp":"2026-01-20T07:16:16.008Z","runId":95,"level":"debug","phase":"deduplication","table":"spares_used","action":"row_skipped","dedupe_keys":["job_number","lnr"],"dedupe_values":[null,null],"reason":"duplicate_key"}
{"timestamp":"2026-01-20T07:16:16.008Z","runId":95,"level":"debug","phase":"deduplication","table":"spares_used","action":"row_skipped","dedupe_keys":["job_number","lnr"],"dedupe_values":[null,null],"reason":"duplicate_key"}
{"timestamp":"2026-01-20T07:16:16.008Z","runId":95,"level":"debug","phase":"deduplication","table":"spares_used","action":"row_skipped","dedupe_keys":["job_number","lnr"],"dedupe_values":[null,null],"reason":"duplicate_key"}
{"timestamp":"2026-01-20T07:16:16.008Z","runId":95,"level":"debug","phase":"deduplication","table":"spares_used","action":"row_skipped","dedupe_keys":["job_number","lnr"],"dedupe_values":[null,null],"reason":"duplicate_key"}
{"timestamp":"2026-01-20T07:16:16.008Z","runId":95,"level":"debug","phase":"deduplication","table":"spares_used","action":"row_skipped","dedupe_keys":["job_number","lnr"],"dedupe_values":[null,null],"reason":"duplicate_key"}
{"timestamp":"2026-01-20T07:16:16.009Z","runId":95,"level":"debug","phase":"deduplication","table":"spares_used","action":"row_skipped","dedupe_keys":["job_number","lnr"],"dedupe_values":[null,null],"reason":"duplicate_key"}
{"timestamp":"2026-01-20T07:16:16.009Z","runId":95,"level":"debug","phase":"deduplication","table":"spares_used","action":"row_skipped","dedupe_keys":["job_number","lnr"],"dedupe_values":[null,null],"reason":"duplicate_key"}
{"timestamp":"2026-01-20T07:16:16.009Z","runId":95,"level":"debug","phase":"deduplication","table":"spares_used","action":"row_skipped","dedupe_keys":["job_number","lnr"],"dedupe_values":[null,null],"reason":"duplicate_key"}
{"timestamp":"2026-01-20T07:16:16.009Z","runId":95,"level":"debug","phase":"deduplication","table":"spares_used","action":"row_skipped","dedupe_keys":["job_number","lnr"],"dedupe_values":[null,null],"reason":"duplicate_key"}
{"timestamp":"2026-01-20T07:16:16.009Z","runId":95,"level":"debug","phase":"deduplication","table":"spares_used","action":"row_skipped","dedupe_keys":["job_number","lnr"],"dedupe_values":[null,null],"reason":"duplicate_key"}
{"timestamp":"2026-01-20T07:16:16.009Z","runId":95,"level":"debug","phase":"deduplication","table":"spares_used","action":"row_skipped","dedupe_keys":["job_number","lnr"],"dedupe_values":[null,null],"reason":"duplicate_key"}
{"timestamp":"2026-01-20T07:16:16.010Z","runId":95,"level":"debug","phase":"deduplication","table":"spares_used","action":"row_skipped","dedupe_keys":["job_number","lnr"],"dedupe_values":[null,null],"reason":"duplicate_key"}
{"timestamp":"2026-01-20T07:16:16.010Z","runId":95,"level":"debug","phase":"deduplication","table":"spares_used","action":"row_skipped","dedupe_keys":["job_number","lnr"],"dedupe_values":[null,null],"reason":"duplicate_key"}
{"timestamp":"2026-01-20T07:16:16.010Z","runId":95,"level":"debug","phase":"deduplication","table":"spares_used","action":"row_skipped","dedupe_keys":["job_number","lnr"],"dedupe_values":[null,null],"reason":"duplicate_key"}
{"timestamp":"2026-01-20T07:16:16.010Z","runId":95,"level":"debug","phase":"deduplication","table":"spares_used","action":"row_skipped","dedupe_keys":["job_number","lnr"],"dedupe_values":[null,null],"reason":"duplicate_key"}
{"timestamp":"2026-01-20T07:16:16.010Z","runId":95,"level":"debug","phase":"deduplication","table":"spares_used","action":"row_skipped","dedupe_keys":["job_number","lnr"],"dedupe_values":[null,null],"reason":"duplicate_key"}
{"timestamp":"2026-01-20T07:16:16.010Z","runId":95,"level":"debug","phase":"deduplication","table":"spares_used","action":"row_skipped","dedupe_keys":["job_number","lnr"],"dedupe_values":[null,null],"reason":"duplicate_key"}
{"timestamp":"2026-01-20T07:16:16.011Z","runId":95,"level":"debug","phase":"deduplication","table":"spares_used","action":"row_skipped","dedupe_keys":["job_number","lnr"],"dedupe_values":[null,null],"reason":"duplicate_key"}
{"timestamp":"2026-01-20T07:16:16.011Z","runId":95,"level":"debug","phase":"deduplication","table":"spares_used","action":"row_skipped","dedupe_keys":["job_number","lnr"],"dedupe_values":[null,null],"reason":"duplicate_key"}
{"timestamp":"2026-01-20T07:16:16.011Z","runId":95,"level":"debug","phase":"deduplication","table":"spares_used","action":"row_skipped","dedupe_keys":["job_number","lnr"],"dedupe_values":[null,null],"reason":"duplicate_key"}
{"timestamp":"2026-01-20T07:16:16.011Z","runId":95,"level":"debug","phase":"deduplication","table":"spares_used","action":"row_skipped","dedupe_keys":["job_number","lnr"],"dedupe_values":[null,null],"reason":"duplicate_key"}
{"timestamp":"2026-01-20T07:16:16.011Z","runId":95,"level":"debug","phase":"deduplication","table":"spares_used","action":"row_skipped","dedupe_keys":["job_number","lnr"],"dedupe_values":[null,null],"reason":"duplicate_key"}
{"timestamp":"2026-01-20T07:16:16.011Z","runId":95,"level":"debug","phase":"deduplication","table":"spares_used","action":"row_skipped","dedupe_keys":["job_number","lnr"],"dedupe_values":[null,null],"reason":"duplicate_key"}
{"timestamp":"2026-01-20T07:16:16.011Z","runId":95,"level":"debug","phase":"deduplication","table":"spares_used","action":"row_skipped","dedupe_keys":["job_number","lnr"],"dedupe_values":[null,null],"reason":"duplicate_key"}
{"timestamp":"2026-01-20T07:16:16.011Z","runId":95,"level":"debug","phase":"deduplication","table":"spares_used","action":"row_skipped","dedupe_keys":["job_number","lnr"],"dedupe_values":[null,null],"reason":"duplicate_key"}
{"timestamp":"2026-01-20T07:16:16.012Z","runId":95,"level":"debug","phase":"deduplication","table":"spares_used","action":"row_skipped","dedupe_keys":["job_number","lnr"],"dedupe_values":[null,null],"reason":"duplicate_key"}
{"timestamp":"2026-01-20T07:16:16.012Z","runId":95,"level":"debug","phase":"deduplication","table":"spares_used","action":"row_skipped","dedupe_keys":["job_number","lnr"],"dedupe_values":[null,null],"reason":"duplicate_key"}
{"timestamp":"2026-01-20T07:16:16.012Z","runId":95,"level":"debug","phase":"deduplication","table":"spares_used","action":"row_skipped","dedupe_keys":["job_number","lnr"],"dedupe_values":[null,null],"reason":"duplicate_key"}
{"timestamp":"2026-01-20T07:16:16.012Z","runId":95,"level":"debug","phase":"deduplication","table":"spares_used","action":"row_skipped","dedupe_keys":["job_number","lnr"],"dedupe_values":[null,null],"reason":"duplicate_key"}
{"timestamp":"2026-01-20T07:16:16.012Z","runId":95,"level":"debug","phase":"deduplication","table":"spares_used","action":"row_skipped","dedupe_keys":["job_number","lnr"],"dedupe_values":[null,null],"reason":"duplicate_key"}
{"timestamp":"2026-01-20T07:16:16.012Z","runId":95,"level":"debug","phase":"deduplication","table":"spares_used","action":"row_skipped","dedupe_keys":["job_number","lnr"],"dedupe_values":[null,null],"reason":"duplicate_key"}
{"timestamp":"2026-01-20T07:16:16.012Z","runId":95,"level":"debug","phase":"deduplication","table":"spares_used","action":"row_skipped","dedupe_keys":["job_number","lnr"],"dedupe_values":[null,null],"reason":"duplicate_key"}
{"timestamp":"2026-01-20T07:16:16.013Z","runId":95,"level":"debug","phase":"deduplication","table":"spares_used","action":"row_skipped","dedupe_keys":["job_number","lnr"],"dedupe_values":[null,null],"reason":"duplicate_key"}
{"timestamp":"2026-01-20T07:16:16.013Z","runId":95,"level":"debug","phase":"deduplication","table":"spares_used","action":"row_skipped","dedupe_keys":["job_number","lnr"],"dedupe_values":[null,null],"reason":"duplicate_key"}
{"timestamp":"2026-01-20T07:16:16.013Z","runId":95,"level":"debug","phase":"deduplication","table":"spares_used","action":"row_skipped","dedupe_keys":["job_number","lnr"],"dedupe_values":[null,null],"reason":"duplicate_key"}
{"timestamp":"2026-01-20T07:16:16.013Z","runId":95,"level":"debug","phase":"deduplication","table":"spares_used","action":"row_skipped","dedupe_keys":["job_number","lnr"],"dedupe_values":[null,null],"reason":"duplicate_key"}
{"timestamp":"2026-01-20T07:16:16.013Z","runId":95,"level":"debug","phase":"deduplication","table":"spares_used","action":"row_skipped","dedupe_keys":["job_number","lnr"],"dedupe_values":[null,null],"reason":"duplicate_key"}
{"timestamp":"2026-01-20T07:16:16.013Z","runId":95,"level":"debug","phase":"deduplication","table":"spares_used","action":"row_skipped","dedupe_keys":["job_number","lnr"],"dedupe_values":[null,null],"reason":"duplicate_key"}
{"timestamp":"2026-01-20T07:16:16.013Z","runId":95,"level":"debug","phase":"deduplication","table":"spares_used","action":"row_skipped","dedupe_keys":["job_number","lnr"],"dedupe_values":[null,null],"reason":"duplicate_key"}
{"timestamp":"2026-01-20T07:16:16.013Z","runId":95,"level":"debug","phase":"deduplication","table":"spares_used","action":"row_skipped","dedupe_keys":["job_number","lnr"],"dedupe_values":[null,null],"reason":"duplicate_key"}
{"timestamp":"2026-01-20T07:16:16.014Z","runId":95,"level":"debug","phase":"deduplication","table":"spares_used","action":"row_skipped","dedupe_keys":["job_number","lnr"],"dedupe_values":[null,null],"reason":"duplicate_key"}
{"timestamp":"2026-01-20T07:16:16.014Z","runId":95,"level":"debug","phase":"deduplication","table":"spares_used","action":"row_skipped","dedupe_keys":["job_number","lnr"],"dedupe_values":[null,null],"reason":"duplicate_key"}
{"timestamp":"2026-01-20T07:16:16.014Z","runId":95,"level":"debug","phase":"deduplication","table":"spares_used","action":"row_skipped","dedupe_keys":["job_number","lnr"],"dedupe_values":[null,null],"reason":"duplicate_key"}
{"timestamp":"2026-01-20T07:16:16.014Z","runId":95,"level":"debug","phase":"deduplication","table":"spares_used","action":"row_skipped","dedupe_keys":["job_number","lnr"],"dedupe_values":[null,null],"reason":"duplicate_key"}
{"timestamp":"2026-01-20T07:16:16.014Z","runId":95,"level":"debug","phase":"deduplication","table":"spares_used","action":"row_skipped","dedupe_keys":["job_number","lnr"],"dedupe_values":[null,null],"reason":"duplicate_key"}
{"timestamp":"2026-01-20T07:16:16.014Z","runId":95,"level":"debug","phase":"deduplication","table":"spares_used","action":"row_skipped","dedupe_keys":["job_number","lnr"],"dedupe_values":[null,null],"reason":"duplicate_key"}
{"timestamp":"2026-01-20T07:16:16.014Z","runId":95,"level":"debug","phase":"deduplication","table":"spares_used","action":"row_skipped","dedupe_keys":["job_number","lnr"],"dedupe_values":[null,null],"reason":"duplicate_key"}
{"timestamp":"2026-01-20T07:16:16.015Z","runId":95,"level":"debug","phase":"deduplication","table":"spares_used","action":"row_skipped","dedupe_keys":["job_number","lnr"],"dedupe_values":[null,null],"reason":"duplicate_key"}
{"timestamp":"2026-01-20T07:16:16.015Z","runId":95,"level":"debug","phase":"deduplication","table":"spares_used","action":"row_skipped","dedupe_keys":["job_number","lnr"],"dedupe_values":[null,null],"reason":"duplicate_key"}
{"timestamp":"2026-01-20T07:16:16.015Z","runId":95,"level":"debug","phase":"deduplication","table":"spares_used","action":"row_skipped","dedupe_keys":["job_number","lnr"],"dedupe_values":[null,null],"reason":"duplicate_key"}
{"timestamp":"2026-01-20T07:16:16.015Z","runId":95,"level":"debug","phase":"deduplication","table":"spares_used","action":"row_skipped","dedupe_keys":["job_number","lnr"],"dedupe_values":[null,null],"reason":"duplicate_key"}
{"timestamp":"2026-01-20T07:16:16.015Z","runId":95,"level":"debug","phase":"deduplication","table":"spares_used","action":"row_skipped","dedupe_keys":["job_number","lnr"],"dedupe_values":[null,null],"reason":"duplicate_key"}
{"timestamp":"2026-01-20T07:16:16.015Z","runId":95,"level":"debug","phase":"deduplication","table":"spares_used","action":"row_skipped","dedupe_keys":["job_number","lnr"],"dedupe_values":[null,null],"reason":"duplicate_key"}
{"timestamp":"2026-01-20T07:16:16.015Z","runId":95,"level":"debug","phase":"deduplication","table":"spares_used","action":"row_skipped","dedupe_keys":["job_number","lnr"],"dedupe_values":[null,null],"reason":"duplicate_key"}
{"timestamp":"2026-01-20T07:16:16.016Z","runId":95,"level":"debug","phase":"deduplication","table":"spares_used","action":"row_skipped","dedupe_keys":["job_number","lnr"],"dedupe_values":[null,null],"reason":"duplicate_key"}
{"timestamp":"2026-01-20T07:16:16.016Z","runId":95,"level":"debug","phase":"deduplication","table":"spares_used","action":"row_skipped","dedupe_keys":["job_number","lnr"],"dedupe_values":[null,null],"reason":"duplicate_key"}
{"timestamp":"2026-01-20T07:16:16.016Z","runId":95,"level":"debug","phase":"deduplication","table":"spares_used","action":"row_skipped","dedupe_keys":["job_number","lnr"],"dedupe_values":[null,null],"reason":"duplicate_key"}
{"timestamp":"2026-01-20T07:16:16.016Z","runId":95,"level":"debug","phase":"deduplication","table":"spares_used","action":"row_skipped","dedupe_keys":["job_number","lnr"],"dedupe_values":[null,null],"reason":"duplicate_key"}
{"timestamp":"2026-01-20T07:16:16.016Z","runId":95,"level":"debug","phase":"deduplication","table":"spares_used","action":"row_skipped","dedupe_keys":["job_number","lnr"],"dedupe_values":[null,null],"reason":"duplicate_key"}
{"timestamp":"2026-01-20T07:16:16.016Z","runId":95,"level":"debug","phase":"deduplication","table":"spares_used","action":"row_skipped","dedupe_keys":["job_number","lnr"],"dedupe_values":[null,null],"reason":"duplicate_key"}
{"timestamp":"2026-01-20T07:16:16.016Z","runId":95,"level":"debug","phase":"deduplication","table":"spares_used","action":"row_skipped","dedupe_keys":["job_number","lnr"],"dedupe_values":[null,null],"reason":"duplicate_key"}
{"timestamp":"2026-01-20T07:16:16.016Z","runId":95,"level":"debug","phase":"deduplication","table":"spares_used","action":"row_skipped","dedupe_keys":["job_number","lnr"],"dedupe_values":[null,null],"reason":"duplicate_key"}
{"timestamp":"2026-01-20T07:16:16.017Z","runId":95,"level":"debug","phase":"deduplication","table":"spares_used","action":"row_skipped","dedupe_keys":["job_number","lnr"],"dedupe_values":[null,null],"reason":"duplicate_key"}
{"timestamp":"2026-01-20T07:16:16.017Z","runId":95,"level":"debug","phase":"deduplication","table":"spares_used","action":"row_skipped","dedupe_keys":["job_number","lnr"],"dedupe_values":[null,null],"reason":"duplicate_key"}
{"timestamp":"2026-01-20T07:16:16.017Z","runId":95,"level":"debug","phase":"deduplication","table":"spares_used","action":"row_skipped","dedupe_keys":["job_number","lnr"],"dedupe_values":[null,null],"reason":"duplicate_key"}
{"timestamp":"2026-01-20T07:16:16.017Z","runId":95,"level":"debug","phase":"deduplication","table":"spares_used","action":"row_skipped","dedupe_keys":["job_number","lnr"],"dedupe_values":[null,null],"reason":"duplicate_key"}
{"timestamp":"2026-01-20T07:16:16.017Z","runId":95,"level":"debug","phase":"deduplication","table":"spares_used","action":"row_skipped","dedupe_keys":["job_number","lnr"],"dedupe_values":[null,null],"reason":"duplicate_key"}
{"timestamp":"2026-01-20T07:16:16.017Z","runId":95,"level":"debug","phase":"deduplication","table":"spares_used","action":"row_skipped","dedupe_keys":["job_number","lnr"],"dedupe_values":[null,null],"reason":"duplicate_key"}
{"timestamp":"2026-01-20T07:16:16.017Z","runId":95,"level":"debug","phase":"deduplication","table":"spares_used","action":"row_skipped","dedupe_keys":["job_number","lnr"],"dedupe_values":[null,null],"reason":"duplicate_key"}
{"timestamp":"2026-01-20T07:16:16.018Z","runId":95,"level":"debug","phase":"deduplication","table":"spares_used","action":"row_skipped","dedupe_keys":["job_number","lnr"],"dedupe_values":[null,null],"reason":"duplicate_key"}
{"timestamp":"2026-01-20T07:16:16.018Z","runId":95,"level":"debug","phase":"deduplication","table":"spares_used","action":"row_skipped","dedupe_keys":["job_number","lnr"],"dedupe_values":[null,null],"reason":"duplicate_key"}
{"timestamp":"2026-01-20T07:16:16.018Z","runId":95,"level":"debug","phase":"deduplication","table":"spares_used","action":"row_skipped","dedupe_keys":["job_number","lnr"],"dedupe_values":[null,null],"reason":"duplicate_key"}
{"timestamp":"2026-01-20T07:16:16.018Z","runId":95,"level":"debug","phase":"deduplication","table":"spares_used","action":"row_skipped","dedupe_keys":["job_number","lnr"],"dedupe_values":[null,null],"reason":"duplicate_key"}
{"timestamp":"2026-01-20T07:16:16.018Z","runId":95,"level":"debug","phase":"deduplication","table":"spares_used","action":"row_skipped","dedupe_keys":["job_number","lnr"],"dedupe_values":[null,null],"reason":"duplicate_key"}
{"timestamp":"2026-01-20T07:16:16.018Z","runId":95,"level":"debug","phase":"deduplication","table":"spares_used","action":"row_skipped","dedupe_keys":["job_number","lnr"],"dedupe_values":[null,null],"reason":"duplicate_key"}
{"timestamp":"2026-01-20T07:16:16.018Z","runId":95,"level":"debug","phase":"deduplication","table":"spares_used","action":"row_skipped","dedupe_keys":["job_number","lnr"],"dedupe_values":[null,null],"reason":"duplicate_key"}
{"timestamp":"2026-01-20T07:16:16.018Z","runId":95,"level":"debug","phase":"deduplication","table":"spares_used","action":"row_skipped","dedupe_keys":["job_number","lnr"],"dedupe_values":[null,null],"reason":"duplicate_key"}
{"timestamp":"2026-01-20T07:16:16.019Z","runId":95,"level":"debug","phase":"deduplication","table":"spares_used","action":"row_skipped","dedupe_keys":["job_number","lnr"],"dedupe_values":[null,null],"reason":"duplicate_key"}
{"timestamp":"2026-01-20T07:16:16.019Z","runId":95,"level":"debug","phase":"deduplication","table":"spares_used","action":"row_skipped","dedupe_keys":["job_number","lnr"],"dedupe_values":[null,null],"reason":"duplicate_key"}
{"timestamp":"2026-01-20T07:16:16.019Z","runId":95,"level":"debug","phase":"deduplication","table":"spares_used","action":"row_skipped","dedupe_keys":["job_number","lnr"],"dedupe_values":[null,null],"reason":"duplicate_key"}
{"timestamp":"2026-01-20T07:16:16.019Z","runId":95,"level":"debug","phase":"deduplication","table":"spares_used","action":"row_skipped","dedupe_keys":["job_number","lnr"],"dedupe_values":[null,null],"reason":"duplicate_key"}
{"timestamp":"2026-01-20T07:16:16.019Z","runId":95,"level":"debug","phase":"deduplication","table":"spares_used","action":"row_skipped","dedupe_keys":["job_number","lnr"],"dedupe_values":[null,null],"reason":"duplicate_key"}
{"timestamp":"2026-01-20T07:16:16.019Z","runId":95,"level":"debug","phase":"deduplication","table":"spares_used","action":"row_skipped","dedupe_keys":["job_number","lnr"],"dedupe_values":[null,null],"reason":"duplicate_key"}
{"timestamp":"2026-01-20T07:16:16.019Z","runId":95,"level":"debug","phase":"deduplication","table":"spares_used","action":"row_skipped","dedupe_keys":["job_number","lnr"],"dedupe_values":[null,null],"reason":"duplicate_key"}
{"timestamp":"2026-01-20T07:16:16.019Z","runId":95,"level":"debug","phase":"deduplication","table":"spares_used","action":"row_skipped","dedupe_keys":["job_number","lnr"],"dedupe_values":[null,null],"reason":"duplicate_key"}
{"timestamp":"2026-01-20T07:16:16.020Z","runId":95,"level":"debug","phase":"deduplication","table":"spares_used","action":"row_skipped","dedupe_keys":["job_number","lnr"],"dedupe_values":[null,null],"reason":"duplicate_key"}
{"timestamp":"2026-01-20T07:16:16.020Z","runId":95,"level":"debug","phase":"deduplication","table":"spares_used","action":"row_skipped","dedupe_keys":["job_number","lnr"],"dedupe_values":[null,null],"reason":"duplicate_key"}
{"timestamp":"2026-01-20T07:16:16.020Z","runId":95,"level":"debug","phase":"deduplication","table":"spares_used","action":"row_skipped","dedupe_keys":["job_number","lnr"],"dedupe_values":[null,null],"reason":"duplicate_key"}
{"timestamp":"2026-01-20T07:16:16.020Z","runId":95,"level":"debug","phase":"deduplication","table":"spares_used","action":"row_skipped","dedupe_keys":["job_number","lnr"],"dedupe_values":[null,null],"reason":"duplicate_key"}
{"timestamp":"2026-01-20T07:16:16.020Z","runId":95,"level":"debug","phase":"deduplication","table":"spares_used","action":"row_skipped","dedupe_keys":["job_number","lnr"],"dedupe_values":[null,null],"reason":"duplicate_key"}
{"timestamp":"2026-01-20T07:16:16.020Z","runId":95,"level":"debug","phase":"deduplication","table":"spares_used","action":"row_skipped","dedupe_keys":["job_number","lnr"],"dedupe_values":[null,null],"reason":"duplicate_key"}
{"timestamp":"2026-01-20T07:16:16.020Z","runId":95,"level":"debug","phase":"deduplication","table":"spares_used","action":"row_skipped","dedupe_keys":["job_number","lnr"],"dedupe_values":[null,null],"reason":"duplicate_key"}
{"timestamp":"2026-01-20T07:16:16.020Z","runId":95,"level":"debug","phase":"deduplication","table":"spares_used","action":"row_skipped","dedupe_keys":["job_number","lnr"],"dedupe_values":[null,null],"reason":"duplicate_key"}
{"timestamp":"2026-01-20T07:16:16.021Z","runId":95,"level":"debug","phase":"deduplication","table":"spares_used","action":"row_skipped","dedupe_keys":["job_number","lnr"],"dedupe_values":[null,null],"reason":"duplicate_key"}
{"timestamp":"2026-01-20T07:16:16.021Z","runId":95,"level":"debug","phase":"deduplication","table":"spares_used","action":"row_skipped","dedupe_keys":["job_number","lnr"],"dedupe_values":[null,null],"reason":"duplicate_key"}
{"timestamp":"2026-01-20T07:16:16.021Z","runId":95,"level":"debug","phase":"deduplication","table":"spares_used","action":"row_skipped","dedupe_keys":["job_number","lnr"],"dedupe_values":[null,null],"reason":"duplicate_key"}
{"timestamp":"2026-01-20T07:16:16.021Z","runId":95,"level":"debug","phase":"deduplication","table":"spares_used","action":"row_skipped","dedupe_keys":["job_number","lnr"],"dedupe_values":[null,null],"reason":"duplicate_key"}
{"timestamp":"2026-01-20T07:16:16.021Z","runId":95,"level":"debug","phase":"deduplication","table":"spares_used","action":"row_skipped","dedupe_keys":["job_number","lnr"],"dedupe_values":[null,null],"reason":"duplicate_key"}
{"timestamp":"2026-01-20T07:16:16.021Z","runId":95,"level":"debug","phase":"deduplication","table":"spares_used","action":"row_skipped","dedupe_keys":["job_number","lnr"],"dedupe_values":[null,null],"reason":"duplicate_key"}
{"timestamp":"2026-01-20T07:16:16.021Z","runId":95,"level":"debug","phase":"deduplication","table":"spares_used","action":"row_skipped","dedupe_keys":["job_number","lnr"],"dedupe_values":[null,null],"reason":"duplicate_key"}
{"timestamp":"2026-01-20T07:16:16.021Z","runId":95,"level":"debug","phase":"deduplication","table":"spares_used","action":"row_skipped","dedupe_keys":["job_number","lnr"],"dedupe_values":[null,null],"reason":"duplicate_key"}
{"timestamp":"2026-01-20T07:16:16.021Z","runId":95,"level":"debug","phase":"deduplication","table":"spares_used","action":"row_skipped","dedupe_keys":["job_number","lnr"],"dedupe_values":[null,null],"reason":"duplicate_key"}
{"timestamp":"2026-01-20T07:16:16.022Z","runId":95,"level":"debug","phase":"deduplication","table":"spares_used","action":"row_skipped","dedupe_keys":["job_number","lnr"],"dedupe_values":[null,null],"reason":"duplicate_key"}
{"timestamp":"2026-01-20T07:16:16.022Z","runId":95,"level":"debug","phase":"deduplication","table":"spares_used","action":"row_skipped","dedupe_keys":["job_number","lnr"],"dedupe_values":[null,null],"reason":"duplicate_key"}
{"timestamp":"2026-01-20T07:16:16.022Z","runId":95,"level":"debug","phase":"deduplication","table":"spares_used","action":"row_skipped","dedupe_keys":["job_number","lnr"],"dedupe_values":[null,null],"reason":"duplicate_key"}
{"timestamp":"2026-01-20T07:16:16.022Z","runId":95,"level":"debug","phase":"deduplication","table":"spares_used","action":"row_skipped","dedupe_keys":["job_number","lnr"],"dedupe_values":[null,null],"reason":"duplicate_key"}
{"timestamp":"2026-01-20T07:16:16.022Z","runId":95,"level":"debug","phase":"deduplication","table":"spares_used","action":"row_skipped","dedupe_keys":["job_number","lnr"],"dedupe_values":[null,null],"reason":"duplicate_key"}
{"timestamp":"2026-01-20T07:16:16.022Z","runId":95,"level":"debug","phase":"deduplication","table":"spares_used","action":"row_skipped","dedupe_keys":["job_number","lnr"],"dedupe_values":[null,null],"reason":"duplicate_key"}
{"timestamp":"2026-01-20T07:16:16.022Z","runId":95,"level":"debug","phase":"deduplication","table":"spares_used","action":"row_skipped","dedupe_keys":["job_number","lnr"],"dedupe_values":[null,null],"reason":"duplicate_key"}
{"timestamp":"2026-01-20T07:16:16.023Z","runId":95,"level":"debug","phase":"deduplication","table":"spares_used","action":"row_skipped","dedupe_keys":["job_number","lnr"],"dedupe_values":[null,null],"reason":"duplicate_key"}
{"timestamp":"2026-01-20T07:16:16.023Z","runId":95,"level":"debug","phase":"deduplication","table":"spares_used","action":"row_skipped","dedupe_keys":["job_number","lnr"],"dedupe_values":[null,null],"reason":"duplicate_key"}
{"timestamp":"2026-01-20T07:16:16.023Z","runId":95,"level":"debug","phase":"deduplication","table":"spares_used","action":"row_skipped","dedupe_keys":["job_number","lnr"],"dedupe_values":[null,null],"reason":"duplicate_key"}
{"timestamp":"2026-01-20T07:16:16.023Z","runId":95,"level":"debug","phase":"deduplication","table":"spares_used","action":"row_skipped","dedupe_keys":["job_number","lnr"],"dedupe_values":[null,null],"reason":"duplicate_key"}
{"timestamp":"2026-01-20T07:16:16.023Z","runId":95,"level":"debug","phase":"deduplication","table":"spares_used","action":"row_skipped","dedupe_keys":["job_number","lnr"],"dedupe_values":[null,null],"reason":"duplicate_key"}
{"timestamp":"2026-01-20T07:16:16.023Z","runId":95,"level":"debug","phase":"deduplication","table":"spares_used","action":"row_skipped","dedupe_keys":["job_number","lnr"],"dedupe_values":[null,null],"reason":"duplicate_key"}
{"timestamp":"2026-01-20T07:16:16.023Z","runId":95,"level":"debug","phase":"deduplication","table":"spares_used","action":"row_skipped","dedupe_keys":["job_number","lnr"],"dedupe_values":[null,null],"reason":"duplicate_key"}
{"timestamp":"2026-01-20T07:16:16.024Z","runId":95,"level":"debug","phase":"deduplication","table":"spares_used","action":"row_skipped","dedupe_keys":["job_number","lnr"],"dedupe_values":[null,null],"reason":"duplicate_key"}
{"timestamp":"2026-01-20T07:16:16.024Z","runId":95,"level":"debug","phase":"deduplication","table":"spares_used","action":"row_skipped","dedupe_keys":["job_number","lnr"],"dedupe_values":[null,null],"reason":"duplicate_key"}
{"timestamp":"2026-01-20T07:16:16.024Z","runId":95,"level":"debug","phase":"deduplication","table":"spares_used","action":"row_skipped","dedupe_keys":["job_number","lnr"],"dedupe_values":[null,null],"reason":"duplicate_key"}
{"timestamp":"2026-01-20T07:16:16.024Z","runId":95,"level":"debug","phase":"deduplication","table":"spares_used","action":"row_skipped","dedupe_keys":["job_number","lnr"],"dedupe_values":[null,null],"reason":"duplicate_key"}
{"timestamp":"2026-01-20T07:16:16.024Z","runId":95,"level":"debug","phase":"deduplication","table":"spares_used","action":"row_skipped","dedupe_keys":["job_number","lnr"],"dedupe_values":[null,null],"reason":"duplicate_key"}
{"timestamp":"2026-01-20T07:16:16.024Z","runId":95,"level":"debug","phase":"deduplication","table":"spares_used","action":"row_skipped","dedupe_keys":["job_number","lnr"],"dedupe_values":[null,null],"reason":"duplicate_key"}
{"timestamp":"2026-01-20T07:16:16.025Z","runId":95,"level":"debug","phase":"deduplication","table":"spares_used","action":"row_skipped","dedupe_keys":["job_number","lnr"],"dedupe_values":[null,null],"reason":"duplicate_key"}
{"timestamp":"2026-01-20T07:16:16.025Z","runId":95,"level":"debug","phase":"deduplication","table":"spares_used","action":"row_skipped","dedupe_keys":["job_number","lnr"],"dedupe_values":[null,null],"reason":"duplicate_key"}
{"timestamp":"2026-01-20T07:16:16.025Z","runId":95,"level":"debug","phase":"deduplication","table":"spares_used","action":"row_skipped","dedupe_keys":["job_number","lnr"],"dedupe_values":[null,null],"reason":"duplicate_key"}
{"timestamp":"2026-01-20T07:16:16.025Z","runId":95,"level":"debug","phase":"deduplication","table":"spares_used","action":"row_skipped","dedupe_keys":["job_number","lnr"],"dedupe_values":[null,null],"reason":"duplicate_key"}
{"timestamp":"2026-01-20T07:16:16.025Z","runId":95,"level":"debug","phase":"deduplication","table":"spares_used","action":"row_skipped","dedupe_keys":["job_number","lnr"],"dedupe_values":[null,null],"reason":"duplicate_key"}
{"timestamp":"2026-01-20T07:16:16.025Z","runId":95,"level":"debug","phase":"deduplication","table":"spares_used","action":"row_skipped","dedupe_keys":["job_number","lnr"],"dedupe_values":[null,null],"reason":"duplicate_key"}
{"timestamp":"2026-01-20T07:16:16.025Z","runId":95,"level":"debug","phase":"deduplication","table":"spares_used","action":"row_skipped","dedupe_keys":["job_number","lnr"],"dedupe_values":[null,null],"reason":"duplicate_key"}
{"timestamp":"2026-01-20T07:16:16.026Z","runId":95,"level":"debug","phase":"deduplication","table":"spares_used","action":"row_skipped","dedupe_keys":["job_number","lnr"],"dedupe_values":[null,null],"reason":"duplicate_key"}
{"timestamp":"2026-01-20T07:16:16.026Z","runId":95,"level":"debug","phase":"deduplication","table":"spares_used","action":"row_skipped","dedupe_keys":["job_number","lnr"],"dedupe_values":[null,null],"reason":"duplicate_key"}
{"timestamp":"2026-01-20T07:16:16.026Z","runId":95,"level":"debug","phase":"deduplication","table":"spares_used","action":"row_skipped","dedupe_keys":["job_number","lnr"],"dedupe_values":[null,null],"reason":"duplicate_key"}
{"timestamp":"2026-01-20T07:16:16.026Z","runId":95,"level":"debug","phase":"deduplication","table":"spares_used","action":"row_skipped","dedupe_keys":["job_number","lnr"],"dedupe_values":[null,null],"reason":"duplicate_key"}
{"timestamp":"2026-01-20T07:16:16.026Z","runId":95,"level":"debug","phase":"deduplication","table":"spares_used","action":"row_skipped","dedupe_keys":["job_number","lnr"],"dedupe_values":[null,null],"reason":"duplicate_key"}
{"timestamp":"2026-01-20T07:16:16.026Z","runId":95,"level":"debug","phase":"deduplication","table":"spares_used","action":"row_skipped","dedupe_keys":["job_number","lnr"],"dedupe_values":[null,null],"reason":"duplicate_key"}
{"timestamp":"2026-01-20T07:16:16.026Z","runId":95,"level":"debug","phase":"deduplication","table":"spares_used","action":"row_skipped","dedupe_keys":["job_number","lnr"],"dedupe_values":[null,null],"reason":"duplicate_key"}
{"timestamp":"2026-01-20T07:16:16.027Z","runId":95,"level":"debug","phase":"deduplication","table":"spares_used","action":"row_skipped","dedupe_keys":["job_number","lnr"],"dedupe_values":[null,null],"reason":"duplicate_key"}
{"timestamp":"2026-01-20T07:16:16.027Z","runId":95,"level":"debug","phase":"deduplication","table":"spares_used","action":"row_skipped","dedupe_keys":["job_number","lnr"],"dedupe_values":[null,null],"reason":"duplicate_key"}
{"timestamp":"2026-01-20T07:16:16.027Z","runId":95,"level":"debug","phase":"deduplication","table":"spares_used","action":"row_skipped","dedupe_keys":["job_number","lnr"],"dedupe_values":[null,null],"reason":"duplicate_key"}
{"timestamp":"2026-01-20T07:16:16.027Z","runId":95,"level":"debug","phase":"deduplication","table":"spares_used","action":"row_skipped","dedupe_keys":["job_number","lnr"],"dedupe_values":[null,null],"reason":"duplicate_key"}
{"timestamp":"2026-01-20T07:16:16.027Z","runId":95,"level":"debug","phase":"deduplication","table":"spares_used","action":"row_skipped","dedupe_keys":["job_number","lnr"],"dedupe_values":[null,null],"reason":"duplicate_key"}
{"timestamp":"2026-01-20T07:16:16.027Z","runId":95,"level":"debug","phase":"deduplication","table":"spares_used","action":"row_skipped","dedupe_keys":["job_number","lnr"],"dedupe_values":[null,null],"reason":"duplicate_key"}
{"timestamp":"2026-01-20T07:16:16.027Z","runId":95,"level":"debug","phase":"deduplication","table":"spares_used","action":"row_skipped","dedupe_keys":["job_number","lnr"],"dedupe_values":[null,null],"reason":"duplicate_key"}
{"timestamp":"2026-01-20T07:16:16.028Z","runId":95,"level":"debug","phase":"deduplication","table":"spares_used","action":"row_skipped","dedupe_keys":["job_number","lnr"],"dedupe_values":[null,null],"reason":"duplicate_key"}
{"timestamp":"2026-01-20T07:16:16.028Z","runId":95,"level":"debug","phase":"deduplication","table":"spares_used","action":"row_skipped","dedupe_keys":["job_number","lnr"],"dedupe_values":[null,null],"reason":"duplicate_key"}
{"timestamp":"2026-01-20T07:16:16.028Z","runId":95,"level":"debug","phase":"deduplication","table":"spares_used","action":"row_skipped","dedupe_keys":["job_number","lnr"],"dedupe_values":[null,null],"reason":"duplicate_key"}
{"timestamp":"2026-01-20T07:16:16.028Z","runId":95,"level":"debug","phase":"deduplication","table":"spares_used","action":"row_skipped","dedupe_keys":["job_number","lnr"],"dedupe_values":[null,null],"reason":"duplicate_key"}
{"timestamp":"2026-01-20T07:16:16.028Z","runId":95,"level":"debug","phase":"deduplication","table":"spares_used","action":"row_skipped","dedupe_keys":["job_number","lnr"],"dedupe_values":[null,null],"reason":"duplicate_key"}
{"timestamp":"2026-01-20T07:16:16.028Z","runId":95,"level":"debug","phase":"deduplication","table":"spares_used","action":"row_skipped","dedupe_keys":["job_number","lnr"],"dedupe_values":[null,null],"reason":"duplicate_key"}
{"timestamp":"2026-01-20T07:16:16.028Z","runId":95,"level":"debug","phase":"deduplication","table":"spares_used","action":"row_skipped","dedupe_keys":["job_number","lnr"],"dedupe_values":[null,null],"reason":"duplicate_key"}
{"timestamp":"2026-01-20T07:16:16.028Z","runId":95,"level":"debug","phase":"deduplication","table":"spares_used","action":"row_skipped","dedupe_keys":["job_number","lnr"],"dedupe_values":[null,null],"reason":"duplicate_key"}
{"timestamp":"2026-01-20T07:16:16.028Z","runId":95,"level":"debug","phase":"deduplication","table":"spares_used","action":"row_skipped","dedupe_keys":["job_number","lnr"],"dedupe_values":[null,null],"reason":"duplicate_key"}
{"timestamp":"2026-01-20T07:16:16.029Z","runId":95,"level":"debug","phase":"deduplication","table":"spares_used","action":"row_skipped","dedupe_keys":["job_number","lnr"],"dedupe_values":[null,null],"reason":"duplicate_key"}
{"timestamp":"2026-01-20T07:16:16.029Z","runId":95,"level":"debug","phase":"deduplication","table":"spares_used","action":"row_skipped","dedupe_keys":["job_number","lnr"],"dedupe_values":[null,null],"reason":"duplicate_key"}
{"timestamp":"2026-01-20T07:16:16.029Z","runId":95,"level":"debug","phase":"deduplication","table":"spares_used","action":"row_skipped","dedupe_keys":["job_number","lnr"],"dedupe_values":[null,null],"reason":"duplicate_key"}
{"timestamp":"2026-01-20T07:16:16.029Z","runId":95,"level":"debug","phase":"deduplication","table":"spares_used","action":"row_skipped","dedupe_keys":["job_number","lnr"],"dedupe_values":[null,null],"reason":"duplicate_key"}
{"timestamp":"2026-01-20T07:16:16.029Z","runId":95,"level":"debug","phase":"deduplication","table":"spares_used","action":"row_skipped","dedupe_keys":["job_number","lnr"],"dedupe_values":[null,null],"reason":"duplicate_key"}
{"timestamp":"2026-01-20T07:16:16.029Z","runId":95,"level":"debug","phase":"deduplication","table":"spares_used","action":"row_skipped","dedupe_keys":["job_number","lnr"],"dedupe_values":[null,null],"reason":"duplicate_key"}
{"timestamp":"2026-01-20T07:16:16.029Z","runId":95,"level":"debug","phase":"deduplication","table":"spares_used","action":"row_skipped","dedupe_keys":["job_number","lnr"],"dedupe_values":[null,null],"reason":"duplicate_key"}
{"timestamp":"2026-01-20T07:16:16.030Z","runId":95,"level":"debug","phase":"deduplication","table":"spares_used","action":"row_skipped","dedupe_keys":["job_number","lnr"],"dedupe_values":[null,null],"reason":"duplicate_key"}
{"timestamp":"2026-01-20T07:16:16.030Z","runId":95,"level":"debug","phase":"deduplication","table":"spares_used","action":"row_skipped","dedupe_keys":["job_number","lnr"],"dedupe_values":[null,null],"reason":"duplicate_key"}
{"timestamp":"2026-01-20T07:16:16.030Z","runId":95,"level":"debug","phase":"deduplication","table":"spares_used","action":"row_skipped","dedupe_keys":["job_number","lnr"],"dedupe_values":[null,null],"reason":"duplicate_key"}
{"timestamp":"2026-01-20T07:16:16.030Z","runId":95,"level":"debug","phase":"deduplication","table":"spares_used","action":"row_skipped","dedupe_keys":["job_number","lnr"],"dedupe_values":[null,null],"reason":"duplicate_key"}
{"timestamp":"2026-01-20T07:16:16.030Z","runId":95,"level":"debug","phase":"deduplication","table":"spares_used","action":"row_skipped","dedupe_keys":["job_number","lnr"],"dedupe_values":[null,null],"reason":"duplicate_key"}
{"timestamp":"2026-01-20T07:16:16.030Z","runId":95,"level":"debug","phase":"deduplication","table":"spares_used","action":"row_skipped","dedupe_keys":["job_number","lnr"],"dedupe_values":[null,null],"reason":"duplicate_key"}
{"timestamp":"2026-01-20T07:16:16.030Z","runId":95,"level":"debug","phase":"deduplication","table":"spares_used","action":"row_skipped","dedupe_keys":["job_number","lnr"],"dedupe_values":[null,null],"reason":"duplicate_key"}
{"timestamp":"2026-01-20T07:16:16.030Z","runId":95,"level":"debug","phase":"deduplication","table":"spares_used","action":"row_skipped","dedupe_keys":["job_number","lnr"],"dedupe_values":[null,null],"reason":"duplicate_key"}
{"timestamp":"2026-01-20T07:16:16.031Z","runId":95,"level":"debug","phase":"deduplication","table":"spares_used","action":"row_skipped","dedupe_keys":["job_number","lnr"],"dedupe_values":[null,null],"reason":"duplicate_key"}
{"timestamp":"2026-01-20T07:16:16.031Z","runId":95,"level":"debug","phase":"deduplication","table":"spares_used","action":"row_skipped","dedupe_keys":["job_number","lnr"],"dedupe_values":[null,null],"reason":"duplicate_key"}
{"timestamp":"2026-01-20T07:16:16.031Z","runId":95,"level":"debug","phase":"deduplication","table":"spares_used","action":"row_skipped","dedupe_keys":["job_number","lnr"],"dedupe_values":[null,null],"reason":"duplicate_key"}
{"timestamp":"2026-01-20T07:16:16.031Z","runId":95,"level":"debug","phase":"deduplication","table":"spares_used","action":"row_skipped","dedupe_keys":["job_number","lnr"],"dedupe_values":[null,null],"reason":"duplicate_key"}
{"timestamp":"2026-01-20T07:16:16.031Z","runId":95,"level":"debug","phase":"deduplication","table":"spares_used","action":"row_skipped","dedupe_keys":["job_number","lnr"],"dedupe_values":[null,null],"reason":"duplicate_key"}
{"timestamp":"2026-01-20T07:16:16.031Z","runId":95,"level":"debug","phase":"deduplication","table":"spares_used","action":"row_skipped","dedupe_keys":["job_number","lnr"],"dedupe_values":[null,null],"reason":"duplicate_key"}
{"timestamp":"2026-01-20T07:16:16.031Z","runId":95,"level":"debug","phase":"deduplication","table":"spares_used","action":"row_skipped","dedupe_keys":["job_number","lnr"],"dedupe_values":[null,null],"reason":"duplicate_key"}
{"timestamp":"2026-01-20T07:16:16.031Z","runId":95,"level":"debug","phase":"deduplication","table":"spares_used","action":"row_skipped","dedupe_keys":["job_number","lnr"],"dedupe_values":[null,null],"reason":"duplicate_key"}
{"timestamp":"2026-01-20T07:16:16.061Z","runId":95,"level":"debug","phase":"write","tableName":"spares_used","tableRunId":119,"status":"end","inserted":5,"updated":0,"skipped":438,"durationMs":99}
{"timestamp":"2026-01-20T07:16:16.068Z","runId":95,"level":"info","phase":"post_validation","tableName":"spares_used","tableRunId":119,"status":"start"}
{"timestamp":"2026-01-20T07:16:16.124Z","runId":95,"level":"warn","phase":"post_validation","tableName":"spares_used","tableRunId":119,"status":"error","error":"Checksum mismatch in spares_used.quantity: Firebird sum=696.00, MySQL sum=4.00, variance=99.42%. This indicates data loss or incorrect transforms."}
{"timestamp":"2026-01-20T07:16:16.132Z","runId":95,"level":"info","phase":"table_finalize","tableName":"spares_used","tableRunId":119,"status":"success","inserted":5,"updated":0,"skipped":438,"errors":0,"durationMs":304}
{"timestamp":"2026-01-20T07:16:16.151Z","runId":95,"level":"info","phase":"run_finalize","status":"success"}
{"timestamp":"2026-01-20T07:16:17.511Z","runId":95,"level":"warn","phase":"progress","status":"client_disconnected"}
